"Est.Theta","Est.ExpScore","SimSum.Score","Scaled.Weighted.Score"
0.450233372093378,16.0404156598015,17,16.6921133147025
-1.13099816104015,7.55099275702531,9,6.68427250543708
-0.963886469674313,8.57947116292371,9,7.90987573375841
-1.29202227251957,6.61502340281169,7,5.56667057483539
-0.550051892416566,11.1806117886322,10,10.9979729926299
0.466222848261946,16.0963674593847,16,16.7570130870901
0.250877342774382,15.2871170366226,15,15.8185537562614
-0.179248726685173,13.2940063040391,13,13.4913178007593
-0.331016613028797,12.4692319348078,12,12.5205606609688
-1.47920651504936,5.62144981779143,5,4.37723002585399
-1.44588597597312,5.78998824831638,6,4.57929118691026
0.0756929952501705,14.5372622077183,14,14.946424285918
-0.611366233455514,10.8032782874855,11,10.5511027484154
-0.52761246129736,11.3171647417201,12,11.1595874762747
-1.06146763005645,7.97337929521366,7,7.18791751773317
-1.29314573696592,6.60873569243387,6,5.55915461838583
-0.66346707495941,10.4785329248067,10,10.1661930968094
-1.1056404651332,7.70395536333426,7,6.86671064054908
-0.396787849564559,12.0934912676346,11,12.0772336640124
0.396470139685315,15.8474816641963,16,16.4684093410296
0.071101163894078,14.5164723943479,14,14.9221866847963
0.383550130384962,15.800005520901,15,16.4133716217978
-1.30281327094432,6.55478108904266,6,5.49465553606629
0.939812575511596,17.4742805304968,18,18.3751347719689
-0.304072546425158,12.620066699168,13,12.698352954355
-1.48567965614867,5.58914535741495,5,4.33848264826256
0.359158332640855,15.7091908768085,16,16.3080931243059
-1.03066298441649,8.16325674956556,8,7.41418677698378
-0.308904737679276,12.5931517182307,13,12.666635447575
-1.39168541490987,6.0720454725745,6,4.91714574515251
0.619802442490957,16.6011916661057,16,17.3438757337022
0.65557831869416,16.7104994125553,18,17.4714750208176
0.787487524435079,17.0875162728494,17,17.9142147090732
0.373114920863816,15.7613434020117,16,16.3685522369541
-0.260368830235469,12.8607447980329,14,12.9818178901951
-1.22860174020637,6.97572312323754,7,5.99763911689346
1.27966950376139,18.1692122541386,19,19.2379188258485
1.07910886821474,17.785524395392,19,18.7542247664951
0.0059250785247029,14.2150563289776,15,14.5704096471711
-0.0428515090648588,13.981723505656,15,14.2976140129904
1.53338735195296,18.5600386624966,19,19.7616983994111
0.161110362401481,14.9133687102243,15,15.3843432928078
0.471351285206953,16.1141756968542,17,16.777672719354
0.803517495089494,17.1306139576145,17,17.9651685139164
-1.00803935095282,8.30362179741829,8,7.58139967536913
-0.475859324757723,11.6285278376688,10,11.5278769233658
0.0305545245382096,14.3303503538008,14,14.705049834964
-0.915355623724371,8.88498580448454,8,8.27346516527221
0.729914245083003,16.9279211547355,17,17.726207447939
-0.0981625644759815,13.7090838660812,12,13.9783541404082
-0.0980216020144943,13.7097895559673,14,13.9791811851909
0.966802153985491,17.5376472032705,18,18.4516000505754
-1.06107106636454,7.97581386030037,8,7.19081922552719
1.66430893117077,18.726507353393,20,20
-1.09577057425556,7.76384012102257,7,6.93811994563407
-0.25798059090739,12.8737526147014,13,12.9971297846814
-0.975998833156134,8.50357092935544,8,7.81951318522747
-0.697442065986887,10.2651577164375,9,9.91313277728581
-0.224620441518588,13.0538640974528,13,13.2090508288382
-0.318485877511388,12.5396090714189,12,12.6035288747502
-0.737275224973371,10.0137681533164,12,9.61483536255706
-1.35132222095603,6.28826159896471,6,5.17591258762309
0.441286275247901,16.0088227835057,16,16.655474288117
-0.540731751501054,11.2374362312578,12,11.0652332691746
-0.295590345082681,12.6671668994525,12,12.7538490495846
0.516679686202415,16.2686887477952,17,16.9570181708799
0.966802153985491,17.5376472032705,18,18.4516000505754
-1.47981117193928,5.61842619549145,6,4.3736036105214
-0.480835420750636,11.5988189642141,11,11.4927499601543
-1.28095519368862,6.6771571347358,6,5.64093520017941
1.53338735195296,18.5600386624966,19,19.7616983994111
-0.200357591548611,13.1829785489904,13,13.3608563099292
0.169800611309401,14.9505089581975,15,15.4275318826764
-2.57468836273189,2.09136859391861,0,0
1.16730677816981,17.9631520208783,18,18.975379624138
-1.16567519779124,7.34403601023615,6,6.43734641896033
-0.895706691010873,9.00919241631268,9,8.42121779708422
0.296740083705223,15.4696864507439,15,16.0303804421725
-0.614563680690313,10.7834477493603,11,10.5276065641281
0.295504546822368,15.4648415993263,16,16.0247609946775
0.609013370780402,16.5676227107707,16,17.3047397734069
0.0961721879655563,14.6292711682441,15,15.0536523551087
0.0069478310793094,14.2198776878661,14,14.5760420680564
-1.13944396227556,7.5003436479359,6,6.62385113796163
-0.730488989613129,10.0566731723584,9,9.66575775694245
-1.0532809583021,8.02369202590127,8,7.2478813954814
0.498945747538326,16.2088540020289,17,16.8875450485571
-1.00824681201918,8.30233139001584,8,7.57986266080409
-0.302307905672687,12.6298807001124,13,12.709917240222
-0.997168649257333,8.37131704081522,8,7.66202651571829
-0.884132688915336,9.08245845750309,9,8.50835543591667
0.884379844598874,17.3393447798629,17,18.2132984499865
1.66430893117077,18.726507353393,20,20
1.11749662880392,17.8646184788667,18,18.8521901689176
0.582114676497773,16.4826996894819,17,17.2058248170705
1.53338735195296,18.5600386624966,19,19.7616983994111
-0.703843190568652,10.22483935172,11,9.86530226753089
1.26741962912311,18.1477995173562,19,19.2102842820329
-1.29427525956548,6.6024177660703,7,5.55160242318886
-0.732543970166516,10.0436837856379,10,9.65034162877607
0.0523244277932081,14.4308499709029,14,14.8223295807209
-0.849089244163955,9.30462826350213,8,8.77250891294572
-0.557077763849574,11.1376770897627,10,10.9471469205927
-1.42246607259101,5.91067771895097,5,4.72389928618187
-0.270350813122592,12.8062137417358,12,12.9176181302147
0.152503451661557,14.876380875725,15,15.3413223923239
-1.13691701251524,7.51548161705467,7,6.64191047704512
-0.0176545343802266,14.1030890557644,14,14.4395570519623
-0.0286987156775272,14.0501114438353,14,14.377610683951
0.503163823323042,16.2231573960745,16,16.9041496550646
0.156996429005686,14.8957145734358,15,15.3638107972432
-0.856454828093507,9.25789926940335,9,8.71695954258228
-0.257671726598393,12.8754337764405,14,12.999108666049
0.309009061878463,15.5175762269239,15,16.0859224038094
1.10656104912267,17.8423704992181,18,18.824555625102
-0.212890202943798,13.1164855225609,14,13.2826895902854
-0.865657686082562,9.19953498860306,8,8.64757111994694
-0.263596700728765,12.8431398645533,13,12.9610931783914
-0.383640282551873,12.1694340536743,11,12.1668836987297
-0.0573223268258461,13.9112196170807,14,14.2151059023507
-0.43304913511695,11.8819730925558,12,11.8274207366684
-0.00965610276757243,14.1412436142685,13,14.4841577859392
-1.76996539342409,4.31511462414228,4,2.80337535565099
-1.14344766152919,7.47638739803473,8,6.59527061466344
0.318876301494251,15.5558018008381,15,16.1302506363653
1.14909105177276,17.9276460122505,18,18.9308327407155
0.656773322086159,16.7140977098819,17,17.4756801221927
-1.10262553350205,7.72222813250466,8,6.88850081835913
-0.59133319711999,10.9271950851927,11,10.6979004616363
-0.763009699076382,9.85084176700886,9,9.42142114543397
-0.595811800485412,10.8995424519624,10,10.6651455894165
0.355566810589011,15.6956878265514,16,16.2924390066084
-0.632673057440706,10.6708769935107,11,10.394206682226
0.965591859439509,17.5348378657588,18,18.4482031078814
0.59784322979428,16.5325708451136,17,17.2638975657778
-1.01265267917167,8.27494067940879,8,7.54723644141921
1.07910886821474,17.785524395392,19,18.7542247664951
0.360835307902355,15.7154842437586,15,16.3153889746433
-1.95239772515389,3.64565681951706,3,1.98658288803253
-0.460292994340981,11.7211341644374,11,11.6373530382435
-0.883578100896795,9.08597079193523,9,8.51253243910032
0.835761667454693,17.2155680141848,17,18.0658713936445
1.34245903437385,18.2751014533047,18,19.3759697424802
0.573647998341265,16.4556036588108,17,17.174289485446
1.66430893117077,18.726507353393,20,20
0.349292391993416,15.6720168162385,17,16.2649966106564
-0.0613539395525949,13.891472734689,14,14.1919903083487
0.885110952936374,17.3411670136845,17,18.2154757431779
-0.0312527909918261,14.0378112841336,14,14.3632251707498
0.361375260805818,15.7175090182715,16,16.3177362717151
1.66430893117077,18.726507353393,20,20
-0.980985426538911,8.47237045007064,9,7.7823636838983
0.162815102007775,14.9206706871726,14,15.3928351603244
-1.33957028443184,6.35217339058635,6,5.25236930350502
-1.41523067481506,5.94833094989116,6,4.76900105970794
0.680977034716545,16.7862482334468,16,17.5600677481135
1.11749662880392,17.8646184788667,18,18.8521901689176
-0.94931022619787,8.67101202155115,8,8.01884088988516
-0.804445752174481,9.58800254422027,9,9.109256104299
1.66430893117077,18.726507353393,20,20
-0.64911845569069,10.5682930643114,10,10.2726113494904
1.45754541579742,18.4532064027503,19,19.6142713430691
-1.08582936058619,7.82434565956142,6,7.01026090928985
1.66430893117077,18.726507353393,20,20
-1.27949470166216,6.685382958245,5,5.65076616452623
-0.320900089217788,12.5260808326247,12,12.5875820770469
-0.00965610276757243,14.1412436142685,13,14.4841577859392
1.10790070402628,17.8451080409826,18,18.827952567796
0.737400760957341,16.9491034452958,16,17.7511045144491
-1.19132707551594,7.1927167454297,7,6.25673671021778
-1.30325654915321,6.55231370383964,5,5.4917057299683
-0.880829499690507,9.10338040781139,9,8.53323617992945
-0.337287406098234,12.4338647200568,10,12.4788574902159
-0.555766253690622,11.1456979737593,10,10.9566424539694
0.541955757358989,16.3526129312095,17,17.0545201807599
-1.29563723738397,6.59480454146307,6,5.54250171979983
0.729058832781816,16.9254926167928,17,17.7233540240096
0.31100549131737,15.5253311701264,15,16.0949157720125
-1.22079618079972,7.02086932527485,8,6.05155523575476
0.741683842739407,16.9611638511639,17,17.7652871758974
0.904519349133441,17.3891225163095,19,18.2728530183128
-1.51580477605722,5.44069748500224,6,4.16034869110348
0.119031599715104,14.7306034133204,15,15.1716717152935
-0.714805262154072,10.1557177311921,11,9.78329201798452
-0.880413376555737,9.10601642496693,8,8.53637090127124
0.163880671481742,14.9252308429689,15,15.3981382266025
-0.418788973564271,11.9655108970363,12,11.9261028826076
-0.181963360033876,13.2797962344736,14,13.4746246418207
-1.2711739192525,6.73236293199961,5,5.70690976912055
1.27966950376139,18.1692122541386,19,19.2379188258485
0.481941500310294,16.1507387800933,16,16.8200961601396
0.783438499115338,17.0765387380751,17,17.9012495216219
-0.855086116514567,9.26658168160815,8,8.72728121816079
-0.226931363154194,13.041483550638,14,13.1944894677094
0.320308051112051,15.5613269868519,15,16.136657557786
0.0114575051695912,14.2411019026754,15,14.6008345592815
-1.33284748441562,6.38892545732187,6,5.29632888250161
0.518676565800015,16.2753769336753,15,16.9647857391761
-1.90708907924676,3.80151670590974,2,2.17777666774776
-0.51043145511458,11.4211022623469,11,11.2825622352804
1.66430893117077,18.726507353393,20,20
0.927054568721863,17.4437995983968,18,18.3384641760723
-0.156631897859546,13.4116098455891,13,13.6294233429594
1.0150751070417,17.6472675755404,18,18.5846881239755
0.113756170741895,14.7073463400355,16,15.1445915334119
-0.444867932406243,11.8123959466438,11,11.7452107797077
-0.399058273780125,12.080335875427,12,12.0617014900038
-1.28539536400903,6.65218649527175,6,5.61109071088041
0.441258517142589,16.0087244492046,17,16.6553602536061
-1.94505630212457,3.67045698365931,3,2.0170565803779
0.51454608583293,16.261531623559,16,16.948706457689
1.01565323390395,17.6485519537336,17,18.5862540245131
-0.669664093022744,10.4396976602271,10,10.1201439246411
-0.850438284809802,9.29606867426286,9,8.76233405224159
-1.08668264910458,7.81914500687966,6,7.0040604916529
0.0556693513489183,14.4461746745143,13,14.8402061576508
0.806967581425987,17.1398144300346,18,17.9760573100149
-0.132112463709612,13.5375121454782,14,13.7771762634974
1.18658417544297,18.0000748773028,19,19.0219027784259
-0.0501944891534057,13.9460206421239,15,14.2558368414069
0.582114676497773,16.4826996894819,17,17.2058248170705
0.752390434879326,16.9911273186863,17,17.8005466418938
0.120329323510737,14.7363127497721,15,15.1783189650861
-0.328112712228304,12.4855765222071,13,12.5398314463262
0.557411881615406,16.4031504692382,17,17.1132732561353
-1.2272767644173,6.98337537835596,7,6.00677824631872
-0.0113335095904108,14.1332567784246,14,14.4748224956333
0.135337418172743,14.8020037816327,15,15.2547842436926
-1.30845108658191,6.52344286425741,5,5.45718868259126
-0.760332502011965,9.86780563577524,10,9.44156255395631
-1.76425520231946,4.33790302803801,3,2.83100736962074
-1.33426599518077,6.38115928599881,6,5.28704005463064
-0.0774300580101266,13.8122800006415,13,14.0992592892557
-0.523135282237546,11.3443023708619,11,11.1916988878051
-0.521855645837406,11.3520519047237,11,11.2008683372802
-1.15355244205947,7.41608193468419,7,6.52331826211402
0.246371616827776,15.2688768593167,15,15.7973819078617
0.373701790325258,15.7635252598796,16,16.3710815784063
1.66430893117077,18.726507353393,20,20
0.581200161620729,16.4797814126723,17,17.2024278743764
-0.426378031520633,11.9211098360597,10,11.8736556705397
-0.936029966767548,8.75458778773324,7,8.11830736143168
0.119410772510188,14.7322720643821,15,15.1736145125496
-0.967932990818038,8.55409668696881,9,7.87966783327773
0.712409085860818,16.8778857649512,17,17.6674585684937
-0.713583044741151,10.1634289636001,10,9.79244172479826
0.581200161620729,16.4797814126723,17,17.2024278743764
-0.84312020389195,9.34250595373699,8,8.81753229643655
-0.85831209146814,9.24611854034323,10,8.70295428315996
-0.140558570320713,13.4943309674093,13,13.7265125744371
-0.559126618048659,11.1251410319127,11,10.9323057122557
0.158375272273303,14.9016367721077,14,15.3706988036659
-0.587191646773097,10.952740033645,11,10.7281568267616
-1.10014776680933,7.7372585596944,7,6.90642392965085
-0.930156314259207,8.79160043854435,9,8.1623520764542
-0.844760630290424,9.33209563767643,8,8.80515840841607
1.31510686010852,18.2297599823386,19,19.3165613976463
0.0935664335764637,14.6176285410834,13,15.0400874956698
-1.23086139854683,6.9626833468372,7,5.98206528398449
0.0961721879655563,14.6292711682441,15,15.0536523551087
0.580402674405094,16.4772349080581,16,17.1994637928787
-1.50963957560199,5.47082312974612,5,4.19650969194826
0.0612387106363802,14.4716215407789,14,14.8698864428701
0.118236529937359,14.7271032093468,14,15.1675963882929
1.66430893117077,18.726507353393,20,20
-1.62526635150355,4.92796184076912,4,3.5438616190245
-1.65604221734058,4.79141987087243,4,3.37929133107211
-0.846069115155189,9.32379221009039,10,8.79528861409168
-0.985790297899091,8.44233423619909,10,7.74659826047414
-0.821200516555538,9.48164233579058,9,8.98288655855348
-0.441858693734257,11.8301402845748,11,11.7661785239547
-0.0221368131852967,14.0816292299274,14,14.4144667691431
-1.37178321238331,6.17801237724902,4,5.04398873113784
-0.374014715368779,12.224773631061,13,12.2321972064702
-0.249826745926855,12.9180494928075,12,13.049266264743
1.04206480777791,17.7065209744903,18,18.6570998556247
0.0565293488832991,14.450109706638,14,14.8447961600509
-1.83762274035206,4.05370101773139,3,2.48569676348452
1.66430893117077,18.726507353393,20,20
-1.13747033111293,7.51216572355796,7,6.63795471968799
-0.826818215689503,9.44598003613607,9,8.94050887854745
1.66430893117077,18.726507353393,20,20
-1.24077990008123,6.90560667496854,7,5.91389139378884
0.937494137198063,17.4687667199366,18,18.3684961095642
-1.14670138990237,7.45694443914434,6,6.57207356640504
0.359802251601949,15.7116082513118,15,16.3108955719146
-1.74721100509287,4.40660083848837,3,2.9142536361133
-1.18713520240748,7.21733679784575,7,6.28612627894637
-0.993215113826191,8.39597462721281,8,7.69139167189676
0.541863661429184,16.3523100287342,17,17.0541681324991
1.23552214191314,18.0908551732751,19,19.1372159461204
1.53338735195296,18.5600386624966,19,19.7616983994111
1.27966950376139,18.1692122541386,19,19.2379188258485
-0.634104119883255,10.6619633107651,10,10.3836422025495
-0.800455244346606,9.61333136315936,10,9.13934582201937
-0.307322148188457,12.6019732223549,12,12.6770313795854
0.325339648201589,15.5807011927735,16,16.1591229407193
0.166599727112805,14.936853096873,14,15.4116532509308
-0.0736943962156633,13.8307466868067,13,14.120886967798
1.31510686010852,18.2297599823386,19,19.3165613976463
-1.34803154534811,6.3061146328524,5,5.19727134018476
0.561204042540848,16.4154596936912,17,17.1275885166724
1.27966950376139,18.1692122541386,19,19.2379188258485
-0.974706840711762,8.51165935659134,9,7.82914346298938
0.595347813414534,16.524698790123,17,17.2547281163027
1.07910886821474,17.785524395392,19,18.7542247664951
-0.860977441479034,9.2292137824176,8,8.68285683976016
-0.0581395345599416,13.9072205968021,13,14.2104249008484
-0.435571450724181,11.8671499662422,11,11.8099077003423
-0.781573844447769,9.73313980222039,10,9.28165210456663
1.53338735195296,18.5600386624966,19,19.7616983994111
0.069350483415724,14.5085306612531,15,14.912927016806
0.147266068785561,14.8537740692146,14,15.3150234446349
0.812080449431857,17.1534002241878,18,17.9921435923436
-0.36766500828183,12.2611580392839,10,12.2751324025887
-1.49187081696666,5.55838225948184,5,4.30157850477685
-0.276771529234969,12.7709991662756,12,12.8761516533657
0.0135832385669954,14.2510867037698,15,14.6124968388097
0.327939324124128,15.5906850833957,16,16.1706993956068
0.36642456568778,15.7364065735397,16,16.3396438204968
-1.25984508341791,6.79663918197023,7,5.78371310318338
1.66430893117077,18.726507353393,20,20
0.65038720262802,16.6948288378329,17,17.4531654780827
-0.0160133588402351,14.1109324677552,14,14.4487265014373
-1.29450314687592,6.60114353917031,6,5.5500792489278
-1.05722737778596,7.99942459318992,6,7.21895964852318
0.297219084298933,15.4715636413401,15,16.0325577353638
1.27966950376139,18.1692122541386,19,19.2379188258485
-0.28156807794578,12.744621921591,12,12.8450873449449
0.0788621263900851,14.5515765244853,15,14.9631105659316
0.296740083705223,15.4696864507439,15,16.0303804421725
1.26891984922568,18.1504353832529,19,19.2136812247269
1.66430893117077,18.726507353393,20,20
-0.725739794646805,10.0866823068047,9,9.70137168708779
1.31510686010852,18.2297599823386,19,19.3165613976463
0.676059113893765,16.7717003515337,17,17.5430413739958
0.780383152348485,17.0682307167423,18,17.8914407126155
1.13476879341456,17.8993032777846,19,18.8954014562136
-0.46437209252007,11.6969158430493,11,11.6087257636135
0.0705330386655089,14.5138961013693,14,14.9191829077035
0.837354944463355,17.2197061645137,18,18.0707861641414
-0.699302380911174,10.2534437619565,9,9.89923670798953
0.909875149831926,17.4022146026612,17,18.2885440790903
0.66404552775799,16.7359219331202,17,17.501191595956
-1.59992461000822,5.04291292031622,4,3.68226372828491
-0.201734728986071,13.1756928794796,13,13.3522928131896
0.884379844598874,17.3393447798629,17,18.2132984499865
0.764130584858875,17.0236816577575,18,17.8388941350136
0.875134224383866,17.3162014827349,17,18.1856639061709
-0.239960868063607,12.9714106256369,12,13.1120571972107
-1.1981621895019,7.15266445840934,6,6.20892203667755
0.0959089828661556,14.628096009319,14,15.0522832205984
0.140000504240001,14.8222880938882,14,15.2783890962587
0.875134224383866,17.3162014827349,17,18.1856639061709
-0.417515658232458,11.9729479294254,11,11.9348869023942
-0.0558487134259644,13.9184260506975,14,14.2235410045397
-0.473650531719455,11.641698818725,10,11.5434489887951
0.848722385247565,17.2490684548637,18,18.1056857382464
0.269974324875557,15.363821063329,14,15.9075679762668
0.219725570209077,15.1598897787192,14,15.6708400753624
-0.633809085876759,10.6638012030829,9,10.3858204867395
-1.65845007977791,4.78087859052276,3,3.36657779685229
1.26891984922568,18.1504353832529,19,19.2136812247269
-1.30089193436258,6.5654823429978,7,5.50744887154493
1.45754541579742,18.4532064027503,19,19.6142713430691
-1.47536049787109,5.64071123114436,5,4.40033022674084
0.634594888716077,16.6467600976248,17,17.3970375503949
0.812080449431857,17.1534002241878,18,17.9921435923436
0.629568037635455,16.6313338607407,16,17.3790358485969
-0.398371756267521,12.084314990931,12,12.0663995825541
0.471351285206953,16.1141756968542,17,16.777672719354
-0.0583199447781914,13.9063375046587,14,14.2093911929872
-1.09782942498028,7.75133266291251,6,6.92320618389945
-0.808310235780412,9.56347201037142,9,9.08011319190646
-0.0292338114789671,14.0475359892053,13,14.3745986838972
-0.906161583315669,8.94307395015152,8,8.34256980906842
0.301122194771434,15.4868371077233,16,16.0502724684408
-0.768610701660135,9.81534229314788,10,9.37926982569605
-0.59127497432385,10.9275543795701,10,10.698326035821
0.135894282796844,14.8044292725418,14,15.2576069443757
0.0392318217613616,14.3705669016886,14,14.7519905768883
-0.932704438332242,8.77554003118368,9,8.1432407428495
0.76216126005046,17.0182428629889,17,17.8324845635525
0.685706151449336,16.8001837991856,17,17.5763830019208
0.439770375392867,16.0034497565809,16,16.6492434479683
-1.13714773195339,7.5140988957459,7,6.64026093692535
0.500160423046396,16.212977520946,16,16.8923318105167
-1.30763984853119,6.52794641761899,5,5.46257315761207
1.66430893117077,18.726507353393,20,20
0.488941286638241,16.1747501441225,16,16.847960894083
0.879574703987209,17.3273397129065,17,18.1989594670447
0.883931560647202,17.3382268969352,18,18.2119628538599
-0.363168060150606,12.2868670773967,12,12.3054668810666
1.66430893117077,18.726507353393,20,20
0.822085333074078,17.1798165999073,18,18.0234479528589
-0.787010590071049,9.69864968581523,9,9.2406890680001
0.728624363720506,16.9242584997276,17,17.7219040700959
-0.742688150890716,9.97952649315594,9,9.57419180541152
-0.750219406965581,9.93185833538363,10,9.51760651228484
0.539771892181994,16.3454245575245,16,17.0461657882794
1.01690820748496,17.6513377332467,17,18.5896509672071
1.11749662880392,17.8646184788667,18,18.8521901689176
1.07910886821474,17.785524395392,19,18.7542247664951
-1.3689723320503,6.19308016925905,5,5.06202144823453
0.407082155271392,15.8861533230808,15,16.5132418159906
-0.275537619761212,12.7777749649059,14,12.8841308997111
0.804384039287055,17.1329273054472,18,17.967905991222
1.66430893117077,18.726507353393,20,20
1.66430893117077,18.726507353393,20,20
0.373701790325258,15.7635252598796,16,16.3710815784063
1.26741962912311,18.1477995173562,19,19.2102842820329
-0.43929027654134,11.8452696599634,12,11.7840553893548
-0.470266460412596,11.6618584821193,11,11.5672826508767
-0.125795186946255,13.5696802386061,13,13.8149104478187
0.812080449431857,17.1534002241878,18,17.9921435923436
-1.79206259858917,4.22799734476603,4,2.69765603420181
0.129646059268422,14.7771654714644,15,15.2258758272353
1.16590943503954,17.9604496471607,18,18.971982681444
0.540102729081268,16.3465142951604,17,17.0474322521946
1.53338735195296,18.5600386624966,19,19.7616983994111
-1.38001369911521,6.13403676377612,6,4.99135499124612
0.197077618448995,15.0657460861095,15,15.5614763640167
-1.34761205610752,6.30839291452138,6,5.19999691684589
-0.545310610153114,11.2095379507805,11,11.0322126687658
-0.908511656735438,8.92822085919906,8,8.32490058470607
-0.261567618748971,12.8542097720948,13,12.9741249783844
-0.619316289295002,10.7539465004708,10,10.4926500340722
0.522195229147288,16.28713781645,16,16.9784457302546
0.595347813414534,16.524698790123,17,17.2547281163027
1.21029209384037,18.0445768474423,18,19.0782597970575
0.303351329334572,15.4955419029448,15,16.0603682461682
-0.200272405585707,13.1834290511083,14,13.3613858149235
0.2881810649343,15.4360410200173,16,15.9913539440809
-1.60272647795422,5.03009183040058,4,3.6668331503188
-0.599141510827507,10.8789644532411,10,10.6407693024714
-0.205510453193101,13.1556911617423,12,13.3287814042983
0.719603974384592,16.8985371628133,17,17.6916961696153
0.965591859439509,17.5348378657588,18,18.4482031078814
1.07910886821474,17.785524395392,19,18.7542247664951
-0.128724559510133,13.5547774044378,13,13.7974298149543
-1.49782222611497,5.52893442939674,5,4.26624699788543
-0.23034498622122,13.0231690866435,13,13.1729473616636
0.573809808392777,16.4561231489225,16,17.1748939812862
0.287759546932371,15.4343789988207,15,15.9894259949075
0.137170018160494,14.8099826772653,14,15.2640696397916
1.66430893117077,18.726507353393,20,20
0.0610825345953247,14.4709091348275,14,14.8690555867618
-0.360892808225959,12.2998559903565,12,12.3207916405971
1.26891984922568,18.1504353832529,19,19.2136812247269
0.378551646668145,15.7815216652264,16,16.3919440624231
1.66430893117077,18.726507353393,20,20
0.464018621608624,16.0886928798106,16,16.748110226365
-0.239960868063607,12.9714106256369,12,13.1120571972107
0.185672421619947,15.0178092182494,15,15.5057681830745
1.66430893117077,18.726507353393,20,20
0.726636891064579,16.9186074799054,17,17.7152654076912
-0.927460617760088,8.80859662740654,9,8.1825762830531
-1.28144332625199,6.67440921670885,5,5.63765102466949
0.74496663112426,16.9703790359267,18,17.776127544921
1.13108585920797,17.8919539077997,19,18.8862320067385
1.24657886007075,18.1107899215885,19,19.1627274198837
0.360839273994268,15.7154991190236,16,16.3154062193752
-1.30763984853119,6.52794641761899,5,5.46257315761207
0.574692485421794,16.4589558467706,17,17.1781902732548
-0.357835182660426,12.3172914469693,12,12.3413614636877
-0.638971810898587,10.6316248781457,10,10.3476835279381
0.609350556091374,16.5686760891116,16,17.3059675126844
-0.0824303173945657,13.7875009667415,14,14.0702349261745
1.32895110498202,18.2528590950981,19,19.346769298127
1.66430893117077,18.726507353393,20,20
1.27966950376139,18.1692122541386,19,19.2379188258485
0.581200161620729,16.4797814126723,17,17.2024278743764
1.34245903437385,18.2751014533047,18,19.3759697424802
1.13476879341456,17.8993032777846,19,18.8954014562136
-0.920962198329462,8.84959180643894,9,8.23135465238774
0.430849471696899,15.9717108763303,16,16.6124394546775
-0.428963116759033,11.9059559006068,11,11.8557539456383
0.000855389716983932,14.1911141582642,14,14.5424372248817
0.674566641220846,16.7672741128266,17,17.5378621918526
0.939812575511596,17.4742805304968,18,18.3751347719689
1.66430893117077,18.726507353393,20,20
-0.126310449155642,13.5670606301914,13,13.8118378238525
-0.0619683901064196,13.8884591588832,13,14.1884623825184
0.448530100572112,16.034417033694,17,16.6851562455445
0.477582248436898,16.135722686852,17,16.8026722535153
-0.889397799260453,9.0491206557307,8,8.46870734408716
-1.37587010039542,6.15614916306857,6,5.0178219110125
-0.165486711436379,13.3657340121036,13,13.5755602423051
0.138435803172787,14.8154883450423,14,15.2704765612123
0.541863661429184,16.3523100287342,17,17.0541681324991
-0.445755470676019,11.807158716609,11,11.7390219496764
0.99038167530225,17.5917822935462,19,18.5171896298213
-1.54286983291121,5.31000839736711,5,4.00340788642966
-0.674294456303482,10.4106544839489,11,10.0857031661831
-0.453755339481769,11.7598760486842,11,11.6831436881539
0.531407613438389,16.3177832886991,17,17.0140463707695
0.232685035254162,15.21313551352,15,15.7326704967497
-0.460236369718532,11.7214701083591,10,11.6377501266947
0.524461655893502,16.2946968231625,17,16.9872260713606
1.53338735195296,18.5600386624966,19,19.7616983994111
0.141577430068143,14.8291341616199,15,15.2863551929579
0.856762132847452,17.2696644164719,17,18.1301945089753
-0.900622360763035,8.97809687727347,8,8.38423093915521
0.0186549017449942,14.2748578985123,15,14.6402585882325
1.66430893117077,18.726507353393,20,20
0.499298315313019,16.2100512632802,16,16.8889348678227
0.0513920632860673,14.426572812269,14,14.8173398652682
1.07910886821474,17.785524395392,19,18.7542247664951
-0.422267671073619,11.9451742621925,12,11.9020818453395
0.727218056198098,16.9202608638144,17,17.7172076433785
0.0666211939239387,14.4961326163633,14,14.8984705405996
0.265179155980417,15.3446529024867,15,15.8853261724854
0.854775203606927,17.2645874964386,18,18.124150832587
-0.18939667636723,13.2407823931677,13,13.4287871270776
0.496150839594447,16.1993519007392,16,16.876515111249
-0.485568391479186,11.5705150520481,11,11.4592814593592
0.696768155084523,16.8325753956727,17,17.6143274704591
1.45754541579742,18.4532064027503,19,19.6142713430691
-0.903848430974464,8.95769707963471,9,8.35996494993714
1.24657886007075,18.1107899215885,19,19.1627274198837
1.66430893117077,18.726507353393,20,20
0.913779192564618,17.4117195770858,18,18.2999433660041
0.166599727112805,14.936853096873,14,15.4116532509308
0.741525761260868,16.9607194719689,17,17.7647645055277
-0.0597391705576942,13.8993873458218,13,14.2012554513734
0.147266068785561,14.8537740692146,14,15.3150234446349
-0.561106001900091,11.1130234068836,10,10.9179594383429
-1.73981531424171,4.436726094718,4,2.95073445844333
0.464027588977974,16.0887241270071,16,16.7481464738854
1.66430893117077,18.726507353393,20,20
0.845726571955565,17.2413577299209,18,18.0965162887714
0.849833889501548,17.2519242843498,18,18.1090826809405
1.66430893117077,18.726507353393,20,20
-0.00976690433667557,14.1407162842694,14,14.4835414393155
0.563955517548659,16.4243687015972,17,17.1379507192949
1.26891984922568,18.1504353832529,19,19.2136812247269
-1.27184972709434,6.72853995722058,7,5.70234134652284
-0.631798857225997,10.6763208782396,11,10.4006586572513
0.583665473668571,16.4876437079966,16,17.2115800791195
1.27966950376139,18.1692122541386,19,19.2379188258485
-0.103116038970673,13.6842504876575,14,13.9492480480206
-0.0453295260168279,13.9696918082418,13,14.2835363555256
0.458714718482135,16.0701753762448,17,16.7266303620796
-0.487445203838229,11.559278945077,11,11.445994377821
-0.467572612850372,11.6778893912128,11,11.5862341329874
0.621270922476913,16.6057389201748,17,17.3491787999803
0.0516260703035172,14.4276465309094,14,14.8185924742305
0.00333370747899849,14.2028272619988,15,14.5561225754462
0.0517554013455808,14.4282398885398,14,14.8192846862876
0.36642456568778,15.7364065735397,16,16.3396438204968
0.422648041717237,15.9423516297609,15,16.5783976168567
0.114759054879525,14.7117735311869,14,15.1497467977759
1.34245903437385,18.2751014533047,18,19.3759697424802
1.26891984922568,18.1504353832529,19,19.2136812247269
0.629665835368051,16.6316345586839,17,17.379386700461
0.46501636375121,16.0921683033866,17,16.7521418358428
-0.450683902555881,11.7780458259118,11,11.704617507488
-1.01896801124891,8.23572578544679,8,7.5005228692033
-0.368116966598488,12.2585714885406,12,12.2720803401524
1.07910886821474,17.785524395392,19,18.7542247664951
0.626526926046702,16.6219718922663,16,17.3681133348238
-1.41524909190547,5.9482348883225,6,4.76888600327519
0.0532927816709277,14.4352896673669,14,14.8275087628641
0.61858301992892,16.5974116798741,18,17.3394677805741
-0.0480035262839293,13.9566892740002,13,14.2683215682837
-0.550762794924838,11.1762713090485,10,10.9928349844497
1.53338735195296,18.5600386624966,19,19.7616983994111
-0.131825644996708,13.5389750497257,12,13.7788924460663
0.0655256284615008,14.4911500904023,13,14.8926604393278
-0.404296520191626,12.0499385458248,12,12.0258097132539
-0.132379815603758,13.5361483252722,14,13.7755763069541
-0.385265547591995,12.1600682856953,12,12.1558287011729
1.26741962912311,18.1477995173562,19,19.2102842820329
0.883239970939258,17.3365014365825,17,18.2099015072925
0.55525719853242,16.396140637285,17,17.1051219373424
1.66430893117077,18.726507353393,20,20
0.803308824345674,17.1300566340933,18,17.9645090485279
0.526832470387477,16.3025902754333,17,16.9963955208357
0.604117200084653,16.5522958396772,17,17.2868782524707
1.27966950376139,18.1692122541386,19,19.2379188258485
-1.6539821783809,4.80045473760049,3,3.39018702594236
-0.776016366506433,9.76838758729745,9,9.32351190895632
0.743332563893371,16.9657951076663,17,17.7707348048868
-0.481140389423518,11.5969965671075,10,11.490595111798
0.304310569783399,15.4992836894369,15,16.0647078715318
0.263898355284796,15.3395226261069,15,15.879372957709
0.599652726235761,16.5382696150115,17,17.2705362281825
0.383550130384962,15.800005520901,15,16.4133716217978
-0.479230113613888,11.6084086656984,11,11.5040888835713
-0.274003898757706,12.7861915648814,13,12.894042044981
-0.897933139326429,8.99510664493164,9,8.40446364507355
-0.161041000218114,13.3887937726564,13,13.6026365201067
0.00778159297248958,14.2238059637285,13,14.580631037438
-0.354462436889678,12.3364973171811,12,12.364018472824
0.102521769751803,14.6575627205917,14,15.0866106499577
0.839582507934696,17.225482354333,17,18.0776479313734
-1.48479625793581,5.59354555225101,5,4.34376078130146
1.26891984922568,18.1504353832529,19,19.2136812247269
0.0170686042039817,14.2674305426055,13,14.6315848422812
-0.0115126366352858,14.1324034147353,14,14.4738250259608
-0.276226980349811,12.7739899530733,12,12.8796736616765
-1.82097073195069,4.11657891734993,3,2.56223460653237
-0.962103752428237,8.59065545843635,8,7.92318996908499
0.333403183633323,15.6116106066527,15,16.1949620474772
-1.10733783206397,7.69367589898081,6,6.85445208824134
0.269870929093558,15.3634083990659,16,15.9070891585091
-0.125861378455481,13.5693437602717,14,13.8145157840085
0.354343312620004,15.691080127714,16,16.287097242895
0.574244183109947,16.4575173884102,15,17.176516384374
-0.404051596504049,12.0513612427582,10,12.0274896483024
-0.140573449213729,13.4942547238595,12,13.7264231083956
-0.955198537756631,8.63400739761863,10,7.97479504601172
1.66430893117077,18.726507353393,20,20
-0.632549194346308,10.6716483812958,10,10.3951209193509
-0.333151274593011,12.4572035102526,11,12.5063779995206
-0.222373644320661,13.0658873061909,13,13.223191079695
-0.180892664590467,13.2854033283355,12,13.4812116757947
1.23552214191314,18.0908551732751,19,19.1372159461204
-1.44347499337914,5.80232836246776,5,4.59408008388027
1.27966950376139,18.1692122541386,19,19.2379188258485
-0.0772258450336485,13.8132905041723,14,14.1004428266552
-1.66722106539023,4.74265416627751,4,3.32046572503541
-0.690737231706855,10.307351855248,10,9.96318400764232
1.66430893117077,18.726507353393,20,20
1.66430893117077,18.726507353393,20,20
-1.35414910928171,6.27295160645432,6,5.15759534179703
-0.142871927502849,13.4824693265773,13,13.7125933773737
0.557820249333203,16.4044777207501,17,17.1148167118379
1.66430893117077,18.726507353393,20,20
-0.51680897774,11.382585197386,12,11.2369943028155
0.536366659501086,16.3341923320703,17,17.0331127957275
0.0708689279873619,14.5154193761467,14,14.9209589455188
-1.51674614145675,5.43610917666137,4,4.15484065449081
1.23552214191314,18.0908551732751,19,19.1372159461204
0.883931560647202,17.3382268969352,18,18.2119628538599
0.913779192564618,17.4117195770858,18,18.2999433660041
-1.10347571302781,7.7170735980834,7,6.88235414401855
-1.65222260256667,4.80818374963888,4,3.39950718664871
1.23552214191314,18.0908551732751,19,19.1372159461204
1.66430893117077,18.726507353393,20,20
0.259636860010304,15.3224214711749,15,15.8595277300011
-0.198823257333234,13.1910897794373,12,13.3703897926777
0.407797484807607,15.8887496104759,15,16.5162517947173
1.0669917512324,17.7599749893068,17,18.7227390406073
0.738608571187578,16.9525087033031,18,17.7551084556698
0.621270922476913,16.6057389201748,17,17.3491787999803
-0.134098026409317,13.5273786271567,13,13.7652878990837
-0.0298826964196521,14.0444117848759,14,14.3709448530414
-0.805515622353649,9.58121148470867,9,9.10118829938213
0.548551160632003,16.3742504864184,16,17.0796712803524
-0.205644172151518,13.1549820815618,14,13.3279478590798
-0.358654723495552,12.3126204275567,12,12.3358508628193
0.424739535133097,15.9498551126041,16,16.5870976258288
0.178640140774253,14.9880754724987,15,15.4712065625149
-0.670230136041071,10.4361484166136,10,10.1159351854295
1.13476879341456,17.8993032777846,19,18.8954014562136
-0.445901224190277,11.8062984839219,12,11.7380054041944
0.620152998630753,16.6022776614043,17,17.3451421976173
0.74255349181229,16.9636074737352,17,17.7681614482218
-1.31278481298666,6.49941738824468,7,5.42846260172961
-0.961123706580936,8.59680539955436,9,7.93051097952059
0.707139607013822,16.8626843829476,18,17.6496262227086
0.73093329311635,16.9308120507844,17,17.7296043906331
0.848722385247565,17.2490684548637,18,18.1056857382464
0.334783951388652,15.6168862302428,16,16.201078853115
0.603457667581096,16.5502268069742,17,17.2844673888683
0.989922545674246,17.5907390035123,18,18.5159231659062
-0.592569092554253,10.919567152622,11,10.6888653014464
-0.359492951839893,12.3078412019258,12,12.3302125107532
-0.156663954481379,13.411444153567,13,13.6292288270267
-0.32151285625614,12.522644791748,13,12.5835316114608
0.883931560647202,17.3382268969352,18,18.2119628538599
-1.46481158883276,5.6937998997219,5,4.46398897638242
0.427628313866633,15.9602004668569,17,16.5990929271103
-0.101382973335447,13.692946686126,13,13.9594409614665
1.26741962912311,18.1477995173562,19,19.2102842820329
0.36642456568778,15.7364065735397,16,16.3396438204968
0.305061881861728,15.5022126882983,15,16.0681048142258
-0.0406195720116194,13.9925456926623,13,14.3102755685664
-1.33493389917346,6.37750471765494,5,5.28266889142303
1.53338735195296,18.5600386624966,19,19.7616983994111
1.14909105177276,17.9276460122505,18,18.9308327407155
0.303351329334572,15.4955419029448,15,16.0603682461682
0.0475214631179017,14.4087908259793,14,14.7965939609057
0.0232711353036067,14.2964320511289,14,14.665450708525
-0.251466381748562,12.9091561317035,12,13.0387998066358
-1.41265933068296,5.96175372463505,5,4.7850776079812
1.66430893117077,18.726507353393,20,20
0.499298315313019,16.2100512632802,16,16.8889348678227
-0.678674667781563,10.3831606893663,10,10.0530976781677
-1.09900813323219,7.74417570897907,7,6.91467214116121
0.315621415423581,15.5432208853564,15,16.115661676375
0.442428790148482,16.0128684827055,16,16.6601659617413
1.17731720167507,17.9824086298244,18,18.9996172252596
0.0823205450937219,14.5671657038778,14,14.9812811761451
0.621270922476913,16.6057389201748,17,17.3491787999803
-0.0205206100685329,14.0893736095208,14,14.4235217018278
1.10790070402628,17.8451080409826,18,18.827952567796
-1.049333492214,8.04799150308475,6,7.27683994851496
-0.499807993223251,11.4850907262524,11,11.3582539289984
0.0403366223851046,14.3756722450195,16,14.7579486393561
-0.62201295193,10.7371938786808,9,10.4727984974087
-1.01058961534018,8.28776319319842,9,7.56251009308978
0.688574891870759,16.808611620304,18,17.5862526612917
-0.163678948021859,13.3751173898088,13,13.5865784094643
0.230022820641642,15.2022344563938,15,15.7200132087055
0.252442841725477,15.2934417534987,16,15.8258946198112
1.23552214191314,18.0908551732751,19,19.1372159461204
1.66430893117077,18.726507353393,20,20
-0.699587863684769,10.2516458894403,9,9.8971038900223
0.498206928292402,16.2063440816751,16,16.8846314899796
-1.12634209078096,7.57897982267647,8,6.7176567731135
-0.0129794267963788,14.1254122314906,14,14.4656530461582
1.27966950376139,18.1692122541386,19,19.2379188258485
0.352876620130956,15.6855513892689,15,16.2806876714339
-1.63040897674705,4.90491221815706,4,3.51609422698482
1.66430893117077,18.726507353393,20,20
1.66430893117077,18.726507353393,20,20
-1.25375151008996,6.83135932617565,6,5.82519516981218
0.58137765361701,16.4803479613081,16,17.2030873397649
1.45754541579742,18.4532064027503,19,19.6142713430691
1.53338735195296,18.5600386624966,19,19.7616983994111
-0.412876248999003,12.0000141396953,11,11.966853564191
0.261674555491495,15.3306047070455,15,15.869024233601
0.660123183219489,16.7241664190513,17,17.4874484801646
1.26891984922568,18.1504353832529,19,19.2136812247269
0.224017217476852,15.1775728496394,14,15.6913759618555
-0.657493485228355,10.5159293623544,11,10.2105323675609
0.812080449431857,17.1534002241878,18,17.9921435923436
0.373701790325258,15.7635252598796,16,16.3710815784063
0.67270657477612,16.7617503245406,17,17.5313994964366
-0.683320578984845,10.3539788739163,10,10.0184881450978
0.101236738670308,14.6518460639525,15,15.0799515080798
1.53338735195296,18.5600386624966,19,19.7616983994111
-0.277088150742992,12.7692598517259,10,12.8741033821161
0.009673655676732,14.2327132294756,15,14.5910359708564
1.27966950376139,18.1692122541386,19,19.2379188258485
1.07910886821474,17.785524395392,19,18.7542247664951
-0.961083647044141,8.59705680031215,8,7.93081024999376
-0.841244341204798,9.35441093806622,10,8.83168244607433
1.17731720167507,17.9824086298244,18,18.9996172252596
-1.08115542851116,7.85285628474509,8,7.04425123995074
0.0562947145227248,14.4490363102566,14,14.8435441129985
-0.636722818471078,10.6456455955929,10,10.3643019165494
-0.698859330247032,10.2562338084002,10,9.90254652617335
0.653853738084554,16.7053004974999,17,17.4653999372833
0.0782916408434654,14.5490018145312,14,14.9601093277454
1.66430893117077,18.726507353393,20,20
0.184095379064653,15.0111529246693,15,15.498031615017
-1.12768174216812,7.57092267264777,7,6.70804602323154
0.0859182509122084,14.5833475413576,14,15.0001406188156
-1.09533816527872,7.76646802334048,6,6.94125338186653
-0.925991804448112,8.81785979746094,8,8.19359847732839
-0.0902149006815654,13.7487851579797,13,14.0248772946962
0.610512912002722,16.5723052166364,17,17.3101975134983
0.226124374191932,15.1862368412806,15,15.7014370533905
1.66430893117077,18.726507353393,20,20
1.45754541579742,18.4532064027503,19,19.6142713430691
-0.33753963133443,12.4324401163859,12,12.4771775551674
-1.08472844366268,7.83105755483938,7,7.01826299426574
0.719603974384592,16.8985371628133,17,17.6916961696153
1.00491202239998,17.6245799012548,18,18.5570535801599
-0.830382279874013,9.42335543448066,9,8.91362232078422
0.989922545674246,17.5907390035123,18,18.5159231659062
0.885110952936374,17.3411670136845,17,18.2154757431779
1.45754541579742,18.4532064027503,19,19.6142713430691
-0.0293260662244235,14.0470918795351,15,14.3740792915969
0.253529763894922,15.297829117912,15,15.8309867510364
0.727218056198098,16.9202608638144,17,17.7172076433785
1.53338735195296,18.5600386624966,19,19.7616983994111
0.119648722643148,14.7333190249807,15,15.174833469961
0.013280873519568,14.2496672319957,13,14.6108389379186
0.629335959633349,16.6306202001915,16,17.3782031630615
-0.00281008639748842,14.1737588045602,15,14.5221576581915
0.59057095764287,16.5095873802816,17,17.2371291775858
0.564788867601515,16.4270633297319,16,17.1410850998721
-0.730138490482123,10.0588883908805,9,9.66838679026087
0.0511249041619863,14.425346792069,14,14.8159095691829
-0.98807424957907,8.42806640112786,8,7.72960818188027
-0.459918095423283,11.7233582478625,12,11.639981915731
-0.641169462952301,10.6179182927298,10,10.3314369555271
0.379634642273558,15.7855319821104,16,16.3965930521695
0.645942394626682,16.6813600537625,17,17.4374331829967
0.803308824345674,17.1300566340933,18,17.9645090485279
-1.04691049602421,8.06291929165116,8,7.29462923931615
0.621270922476913,16.6057389201748,17,17.3491787999803
1.058944992623,17.742851461349,19,18.7016781888932
1.53338735195296,18.5600386624966,19,19.7616983994111
-1.11436041111497,7.65120721747347,7,6.80380433098817
0.0516896242625327,14.4279381158084,14,14.8189326380269
-0.964653186020115,8.57466200164677,7,7.90415062318075
0.312892224814668,15.5326503076347,16,16.1034035664754
0.413303943617361,15.9086910816761,16,16.5393711187651
-0.415550532513018,11.9844183991534,13,11.9484344853339
0.63679568697192,16.6534947319921,17,17.4048981742243
-0.268253685677092,12.8176920302321,13,12.9311328717568
-0.480871030778706,11.5986061795766,12,11.4924983587942
0.803308824345674,17.1300566340933,18,17.9645090485279
0.244424490795832,15.2609775701773,15,15.7882124583866
1.18658417544297,18.0000748773028,19,19.0219027784259
0.481941500310294,16.1507387800933,16,16.8200961601396
1.53338735195296,18.5600386624966,19,19.7616983994111
-1.25063884980207,6.84913402712255,7,5.84643028681831
0.0413837970593135,14.3805081563894,13,14.7635920825246
-0.497831857823556,11.4969695536252,12,11.3723039038001
1.07910886821474,17.785524395392,19,18.7542247664951
0.229568496773021,15.2003722111004,15,15.7178508765333
-1.58941083041496,5.09127033433528,5,3.74045017641046
-0.724486327309991,10.0946002539416,10,9.71076807987239
0.0135832385669954,14.2510867037698,15,14.6124968388097
-1.132164459003,7.54398945085047,8,6.67591834480137
0.224481901358923,15.1794845204944,16,15.6935959338781
0.349292391993416,15.6720168162385,17,16.2649966106564
1.53338735195296,18.5600386624966,19,19.7616983994111
-1.12191215412008,7.60564971492457,6,6.74946811677499
0.315621415423581,15.5432208853564,15,16.115661676375
1.66430893117077,18.726507353393,20,20
0.825029796186163,17.1875486855692,18,18.032617402334
1.23552214191314,18.0908551732751,19,19.1372159461204
-0.881691043616525,9.09792302714257,8,8.52674627162449
-0.0900949975957301,13.7493827657362,14,14.025577504592
-1.4984687560894,5.52574270272831,4,4.26241725412767
0.283938066042839,15.4192895203053,16,15.9719216512524
0.366718721329209,15.73750542899,16,16.3409176931385
0.789554071147247,17.0931047545927,17,17.9208171239575
-0.253064218006803,12.9004826145976,12,13.0285916725456
-1.3996715216443,6.02988197697208,6,4.86666334400139
-0.0261399308830893,14.0624159886081,14,14.392000189813
-0.386391921818584,12.1535737629215,11,12.1481626064185
0.354343312620004,15.691080127714,16,16.287097242895
-0.270901621668121,12.8031970623209,13,12.9140661257162
-1.20707198747464,7.1006290409404,6,6.1467957410129
-1.75001698020482,4.3952212776538,4,2.90046954327498
-0.380565534857781,12.187135481402,11,12.187776829943
0.541955757358989,16.3526129312095,17,17.0545201807599
-1.37691566669183,6.15056432181082,6,5.01113744370163
0.455506686711611,16.0589404450555,16,16.7135989480412
-1.13152375004805,7.54783637902322,7,6.68050731418293
-1.34718627449677,6.31070592707353,6,5.20276402448059
1.00396941347672,17.622465164938,18,18.5544802234949
0.726388164245525,16.9178996263983,16,17.7144339185525
-0.884370832737861,9.0809502817049,8,8.50656184603175
-0.699852320943174,10.2499803679297,10,9.89512807265796
-0.443130964998683,11.8226405861132,11,11.7573165796279
0.184979774750548,15.0148865673749,15,15.5023712403805
0.989922545674246,17.5907390035123,18,18.5159231659062
-0.334167697314405,12.4514721443285,12,12.4996199434494
-1.38958948471486,6.08314525451354,6,4.93043432364163
-0.269459731417898,12.8110923470984,13,12.9233623699806
0.371575401759014,15.7556155252699,16,16.3619121289312
-0.723945215079303,10.0980180486854,9,9.71482399815373
-0.645733385307524,10.5894350006992,9,10.2976737552902
0.966802153985491,17.5376472032705,18,18.4516000505754
-0.0903532782458866,13.7480954219047,14,14.0240691360151
0.124071243364779,14.7527493359542,14,15.197454358664
-0.540695720574484,11.237655616891,10,11.0654929262479
0.201170871094204,15.0828640666839,15,15.5813658604391
0.965591859439509,17.5348378657588,18,18.4482031078814
-1.94850489414576,3.65878554192427,3,2.00271759743604
0.847188717742231,17.2451235057186,18,18.1009940646221
1.26891984922568,18.1504353832529,19,19.2136812247269
-0.191852690771473,13.227858770355,13,13.4136010799737
-1.39403208133855,6.05963461912622,6,4.90228697142311
-0.152527093936373,13.4328030350903,12,13.6543018651139
-0.253657368221452,12.8972610975011,13,13.0248000660413
-1.83762274035206,4.05370101773139,3,2.48569676348452
0.296130654808307,15.4672972336196,15,16.0276092471924
0.277162426151153,15.3924395334324,15,15.9407723618407
0.967140660073023,17.5384324055785,18,18.4525496044892
0.0533471121069316,14.4355386835501,14,14.8277992512315
-0.569069163366857,11.0642086083708,11,10.8601623578034
-0.724539413285151,10.0942649396679,10,9.71037015871596
-0.160526139344086,13.3914608212134,14,13.6057678942014
0.418106835509209,15.9260207741635,16,16.5594630820132
0.413006327691917,15.9076152742176,16,16.5381238530128
0.38553613434642,15.8073315175693,15,16.4218643611524
-0.70116065508912,10.2417397779846,11,9.88535210881093
0.674566641220846,16.7672741128266,17,17.5378621918526
0.358555976281723,15.7069285529534,17,16.3054704206468
0.561673914683723,16.4169824142815,17,17.129359538464
-1.012984248051,8.27288043144876,8,7.54478232258972
1.66430893117077,18.726507353393,20,20
0.0142524395101935,14.2542274020624,13,14.6161650261827
-1.52555075933623,5.39334342676046,5,4.10349588399794
0.55288511626209,16.3884102838793,16,17.096133514031
-0.465566083342011,11.6898203077848,12,11.600338103425
0.939812575511596,17.4742805304968,18,18.3751347719689
-0.100161059648371,13.6990729891021,13,13.966621355529
-1.1062714643967,7.70013328956801,7,6.86215273855052
-0.00152586187434341,14.1798436439795,14,14.5292679972356
0.218448940694553,15.1546200109607,15,15.6647197784987
0.373701790325258,15.7635252598796,16,16.3710815784063
-0.0176545343802266,14.1030890557644,14,14.4395570519623
-0.0176545343802266,14.1030890557644,14,14.4395570519623
1.26741962912311,18.1477995173562,19,19.2102842820329
-0.505041064342431,11.4535973945917,12,11.3210022259452
0.385493772914767,15.8071753611509,16,16.4216833349887
1.26891984922568,18.1504353832529,19,19.2136812247269
-0.113563334243852,13.6316507167761,14,13.8875841199209
-0.757320012114443,9.88689046717639,8,9.46422133390876
-0.346703072038607,12.3805764496409,12,12.4160122831336
-0.459918095423283,11.7233582478625,12,11.639981915731
-0.814285336744147,9.52554176251595,9,9.03504811465622
1.24657886007075,18.1107899215885,19,19.1627274198837
0.621641011330375,16.6068841059411,16,17.3505143961069
1.04206480777791,17.7065209744903,18,18.6570998556247
-1.02635654714155,8.18991877033299,7,7.44595204960078
0.537602587302801,16.3382723925356,15,17.0378540750885
-0.0925510062824763,13.7371337945218,15,14.0112250280167
0.589686951561042,16.5067847579706,17,17.2338656322859
0.621270922476913,16.6057389201748,17,17.3491787999803
-0.453042348644175,11.7640957055204,11,11.6881307618147
-1.54015308120735,5.3230115392332,4,4.01902826117174
0.561673914683723,16.4169824142815,17,17.129359538464
0.491218744908746,16.1825358539967,16,16.856996946164
0.281205840528596,15.4084772033326,15,15.9593783977191
-1.36350862669234,6.22243982405397,6,5.09715583348155
-1.58844376535325,5.09573788656179,5,3.74582476203506
1.66430893117077,18.726507353393,20,20
1.66430893117077,18.726507353393,20,20
0.603457667581096,16.5502268069742,17,17.2844673888683
0.913779192564618,17.4117195770858,18,18.2999433660041
-0.881955564893606,9.09624750542538,8,8.52475372932461
1.24657886007075,18.1107899215885,19,19.1627274198837
-0.613422383514146,10.7905276680703,10,10.5359953209395
-0.284677966958637,12.727487883077,12,12.8249068292656
1.34245903437385,18.2751014533047,18,19.3759697424802
0.532837847997384,16.322522083226,17,17.0195522888006
1.45754541579742,18.4532064027503,19,19.6142713430691
-0.294310595426911,12.6742570184123,14,12.7622020956615
0.343488339905786,15.6500283856687,16,16.2395041332253
1.66430893117077,18.726507353393,20,20
-0.566945546531087,11.0772366381415,11,10.8755883227083
-2.22656986993164,2.83716455265375,1,0.978097221574052
0.349168244991841,15.6715474152894,16,16.264452414532
0.286830963091526,15.4307159765782,15,15.9851768402034
0.338455245160824,15.6308890620828,15,16.217314110017
0.680590621586615,16.7851072372139,17,17.5587321519869
-0.834881071829775,9.39479869003255,9,8.87968432978736
-2.28600929534279,2.68971445870875,1,0.789715717967129
0.12382185262719,14.7516550737898,14,15.1961804860223
0.0325809833544233,14.3397611405012,13,14.7160352203754
-1.00988921701744,8.29211768376176,8,7.56769689529785
0.209112255473051,15.1159451945518,15,15.6197978374962
-0.922389882975787,8.84058255128672,8,8.22063528080462
-0.959334721320425,8.60803408469107,9,7.94387759401295
-1.27747571174542,6.69676436264903,7,5.6643681455746
-0.140881980671706,13.4926735854559,13,13.7245677534176
0.508618969810604,16.2415894295901,16,16.9255496897241
-0.592391552211453,10.9206630692046,11,10.6901634067014
-0.414100326283206,11.9928776525755,12,11.9584252536106
-0.317538869137478,12.5449116766983,12,12.6097792413736
1.10790070402628,17.8451080409826,18,18.827952567796
0.261678258335029,15.3306195672638,16,15.869041478333
-0.940444343307124,8.7267897773014,8,8.08522582332696
1.66430893117077,18.726507353393,20,20
-0.591535725763075,10.925945236369,10,10.6964200476542
0.490560635517874,16.1802873870675,16,16.8543873419785
0.10781066458615,14.6810431227722,15,15.1139596022349
-0.00403472841809042,14.1679519820677,14,14.5153719279393
1.13618231191078,17.902117324869,18,18.8989143455315
0.909875149831926,17.4022146026612,17,18.2885440790903
1.45754541579742,18.4532064027503,19,19.6142713430691
-1.48324396006841,5.60128399241092,5,4.35304294765254
0.381868992025336,15.7937961042663,17,16.4061733003749
0.780383152348485,17.0682307167423,18,17.8914407126155
0.599652726235761,16.5382696150115,17,17.2705362281825
0.0861496466614901,14.5843870901336,15,15.0013521131824
-0.920530903744912,8.85231374150588,9,8.23459322055352
1.66430893117077,18.726507353393,20,20
-0.669768201156133,10.439044898535,9,10.1193698738531
-0.918613031015248,8.86441923210783,9,8.24899616069932
-1.32606894022636,6.4261215442493,5,5.34081494111232
-0.478503707554559,11.6127463119668,11,11.509217643338
-0.29695613196854,12.6595954459277,13,12.7449286613412
1.53338735195296,18.5600386624966,19,19.7616983994111
0.00699312282371115,14.2200911301611,13,14.5762914120744
0.956986972855241,17.5147772668705,18,18.4239655067598
-1.09353550061832,7.7774272905297,7,6.95432072588572
0.976707190902198,17.5605259076045,18,18.47928881753
1.16590943503954,17.9604496471607,18,18.971982681444
0.502612054727607,16.2212889028502,16,16.9019804516481
-0.165265944335211,13.3668804082372,13,13.5769063954767
0.461793908805704,16.080934454858,16,16.7391104218045
0.568460149560901,16.4389140343791,17,17.1548710122272
-0.889915906418593,9.04584083032864,8,8.4648065562783
-1.55815362635631,5.23733711597774,5,3.91608685813097
0.245245199505371,15.2643083439638,14,15.7920788415836
-0.676415492522116,10.397343475274,10,10.0699176016554
-0.0310062095992048,14.0389995900413,13,14.3646149900154
-1.19406947327885,7.1766330835413,6,6.23753641985129
0.53408246981182,16.3266417468555,16,17.0243390507602
-0.774897322467359,9.77548390495777,9,9.33193902314005
-0.0986401302145005,13.7066926525257,13,13.9755516927995
1.66430893117077,18.726507353393,20,20
0.367209103788555,15.739336812187,16,16.3430407631909
-1.11705262795461,7.63495249311046,7,6.78441796521576
-1.73981531424171,4.436726094718,4,2.95073445844333
-0.486672712995918,11.5639045502414,11,11.4514643646896
0.2236895315998,15.1762244263287,15,15.6898100613179
0.00839905706737122,14.2267138992739,13,14.584027980132
0.812080449431857,17.1534002241878,18,17.9921435923436
0.547684641051584,16.3714138406829,16,17.0763736887601
-0.178109139991118,13.2999655853312,13,13.4983180468179
-1.67654927006561,4.70230037381754,5,3.27176619473961
0.347343918915293,15.6646449590597,15,16.2564500703123
1.66430893117077,18.726507353393,20,20
-0.970496794344158,8.53802889370356,9,7.86053859549769
0.729914245083003,16.9279211547355,17,17.726207447939
1.45754541579742,18.4532064027503,19,19.6142713430691
-0.0768438673429304,13.8151803250645,13,14.1026562319498
0.834661524759802,17.2127073972865,17,18.0624744509505
-1.32525949158569,6.43057255087109,5,5.34613798279795
-0.237498258230459,12.9846894807642,13,13.1276802389608
0.327175999769793,15.5877554335002,16,16.1673024529128
-1.13557065442577,7.5235527379203,7,6.65153896187287
-1.03430061383636,8.14075704596272,7,7.38737921207509
1.66430893117077,18.726507353393,20,20
0.360583157195918,15.7145384402886,15,16.3142925146086
0.496621881793428,16.2009547222413,17,16.8783755990821
0.00251548801842309,14.1989620649929,14,14.5516066743568
-1.50351481518996,5.50088125743278,5,4.2325839688961
0.400202915479609,15.861117630383,16,16.4842174529094
-0.37173468315165,12.2378495926521,11,12.2476280428161
0.966802153985491,17.5376472032705,18,18.4516000505754
0.610102671686314,16.5710247310722,17,17.3087049899899
1.26891984922568,18.1504353832529,19,19.2136812247269
1.66430893117077,18.726507353393,20,20
-0.0138626217665087,14.1211997450256,14,14.460728900362
1.26891984922568,18.1504353832529,19,19.2136812247269
-0.437886874188449,11.8535303680187,12,11.7938158934937
0.130362750876982,14.7802981726127,14,15.2295221139474
1.53338735195296,18.5600386624966,19,19.7616983994111
1.27966950376139,18.1692122541386,19,19.2379188258485
1.66430893117077,18.726507353393,20,20
0.772918527416716,17.0478442564327,17,17.8673841376575
0.0430867273226953,14.3883658604473,13,14.7727615319997
1.66430893117077,18.726507353393,20,20
-0.774972514250154,9.77500709531384,10,9.33137279975045
1.16730677816981,17.9631520208783,18,18.975379624138
1.27966950376139,18.1692122541386,19,19.2379188258485
-0.223591117167546,13.0593739748672,14,13.2155309848713
1.32895110498202,18.2528590950981,19,19.346769298127
-1.34517759391483,6.32162542074233,6,5.21582700153214
-0.993105065143308,8.39666126373316,8,7.6922093789317
0.0493708644653357,14.417292393009,14,14.8065128814532
0.804384039287055,17.1329273054472,18,17.967905991222
-0.018238253462073,14.1002975632275,14,14.4362935066623
-0.61178307019898,10.8006938640271,11,10.5480406599887
1.53338735195296,18.5600386624966,19,19.7616983994111
-0.00348323067145716,14.1705675095389,14,14.5184284099782
0.0632167318536057,14.4806385303101,14,14.8804023294282
0.492177603730436,16.1858098943291,17,16.8607969134395
1.17731720167507,17.9824086298244,18,18.9996172252596
0.464233833101195,16.0894427374192,17,16.7489800811753
1.11749662880392,17.8646184788667,18,18.8521901689176
0.825029796186163,17.1875486855692,18,18.032617402334
0.480970200708583,16.1473971541757,16,16.816218580171
-0.532962992848594,11.2846856784627,11,11.1211526734943
0.110010322526468,14.6907858957111,15,15.1253063449013
-0.853228245635466,9.27836784396663,8,8.74129234388981
-0.574026222649309,11.0337697169599,10,10.8241189686576
-0.458079206765787,11.7342631325398,11,11.6528712958183
0.967578459602767,17.5394475810363,18,18.4537773437667
1.53338735195296,18.5600386624966,19,19.7616983994111
1.26891984922568,18.1504353832529,19,19.2136812247269
-1.45713199502128,5.73268550341133,5,4.51060733085629
-1.01790471544261,8.24232438022956,7,7.50838350151467
-0.980513585384243,8.47532147899163,9,7.78587748682658
0.195014482974979,15.0571007956644,16,15.5514306344341
1.34245903437385,18.2751014533047,18,19.3759697424802
0.621270922476913,16.6057389201748,17,17.3491787999803
0.538884901919178,16.3425015760105,16,17.0427688455854
1.16730677816981,17.9631520208783,18,18.975379624138
-0.206464508235683,13.1506309693538,12,13.3228329305285
0.0828503753363135,14.5695510385692,15,14.9840613373285
0.687389619558351,16.8051318601289,17,17.5821773342911
0.674566641220846,16.7672741128266,17,17.5378621918526
0.967578459602767,17.5394475810363,18,18.4537773437667
0.62069992590981,16.603971406588,16,17.3471174534129
-1.28648053044187,6.64609232323659,7,5.60380677859702
0.166564270093195,14.9367016705167,14,15.4114771696588
-1.29899090098988,6.57608115773395,6,5.52011939332434
1.66430893117077,18.726507353393,20,20
-0.87865568711887,9.11715170706083,9,8.54961266385804
-0.0888896291489839,13.7553882018967,13,14.0326138627538
1.16730677816981,17.9631520208783,18,18.975379624138
0.473633489289344,16.1220790896301,17,16.786842168829
-0.212680044779566,13.1176040509472,13,13.2840047033326
0.412465876810146,15.9056610949307,17,16.5358582294471
1.45754541579742,18.4532064027503,19,19.6142713430691
0.110337178933002,14.6922324748874,16,15.1269910162733
-0.521507905591821,11.3541573131241,12,11.2033594789101
0.0590608508746102,14.4616809881343,13,14.8582927432506
0.967578459602767,17.5394475810363,18,18.4537773437667
0.451173110095892,16.0437220851989,16,16.6959480981073
-1.51893039750705,5.42547472800609,4,4.14207400261396
-0.17748896757818,13.3032071784778,14,13.5021257882422
0.144746876223487,14.8428733385817,15,15.3023411058419
-0.745813478591982,9.95974867376174,10,9.55071491450016
-0.725895603047811,10.0856980183558,9,9.70020360019588
-0.0183620358423639,14.0997054820776,14,14.4356012946051
-1.33178010301685,6.39477327745398,6,5.30332310834826
0.373701790325258,15.7635252598796,16,16.3710815784063
0.913779192564618,17.4117195770858,18,18.2999433660041
1.66430893117077,18.726507353393,20,20
-1.04789435251449,8.05685673028171,8,7.2874046108605
0.121792136808102,14.7427428310731,15,15.1858050723783
1.14649040578007,17.9225275087973,18,18.9244258192948
0.373701790325258,15.7635252598796,16,16.3710815784063
-0.614785437858329,10.7820718961217,10,10.5259763459001
1.27966950376139,18.1692122541386,19,19.2379188258485
0.450651965036887,16.0418887382518,17,16.6938217812368
0.0517554013455808,14.4282398885398,14,14.8192846862876
0.0517554013455808,14.4282398885398,14,14.8192846862876
0.811136908091621,17.1508974547982,17,17.9891795108459
0.628357311845815,16.6276093455618,17,17.3746902737436
0.391176813654121,15.8280830650797,16,16.4459209361103
-0.179609382373796,13.2921195726062,12,13.4891014503331
0.967578459602767,17.5394475810363,18,18.4537773437667
0.476690258223466,16.1326441689593,16,16.7991002787287
-0.726190025244235,10.0838380214974,10,9.6979962750379
-0.384790395542306,12.1628070486081,12,12.1590614694924
-1.54267009798712,5.31096350695961,5,4.00455527865853
-1.43258783872581,5.85829368356267,5,4.66114200830798
-1.58087737291733,5.13080625387278,5,3.78800703855967
-0.782940914941682,9.7244679625371,10,9.27135306226279
0.101011396238848,14.6508431232504,14,15.0787831906134
-0.43685478200001,11.859602713371,11,11.8009905642175
-1.11881702226475,7.6243076583568,6,6.77172195253395
-1.28756185350809,6.64002310128861,7,5.59655255759183
-0.135627944490564,13.5195630802801,13,13.7561184496086
-0.708168333171526,10.1975781020037,9,9.83295928365409
-0.28021517777501,12.7520678957514,12,12.8538567748087
-1.96101968292952,3.61675286765809,2,1.95104057337784
-0.560221258970784,11.1184405325255,11,10.924372924135
-1.58301851968439,5.12086208244041,5,3.77604666600954
-0.550950187650279,11.1751270222639,10,10.9914804347139
-0.496256506202297,11.5064337485977,11,11.3834975871804
-1.58622848336874,5.10598426734541,4,3.75815078635154
-1.15554715595775,7.40420435762682,7,6.50914571176777
-1.71102697219042,4.5558214087535,4,3.09482044397289
-2.12908859230968,3.09945846582704,1,1.30914879492188
-0.718910048902853,10.1298118327584,10,9.75255243524057
-0.613061928779775,10.7927633424833,10,10.5386442672041
-1.16617677763295,7.34106235257648,7,6.43379770386272
-1.18611550446266,7.2233322224437,7,6.29328293624401
-0.788227380634942,9.69092952465219,9,9.23151961852503
-0.794802860195917,9.64920476091254,10,9.18195936895073
-1.29708618596257,6.58671109022774,5,5.53282676938462
-1.08568507071973,7.82522521565315,8,7.01130954351276
-1.65242328016009,4.80730171039017,5,3.398443598224
1.45754541579742,18.4532064027503,19,19.6142713430691
-1.3548705116478,6.26904858377047,6,5.1529255370664
-0.62610377915218,10.71176198806,11,10.4426607152976
-1.03570831025215,8.1320554501078,7,7.3770112636127
-0.42591457645541,11.9238250626497,11,11.8768631468993
-1.5586230102122,5.23511824854316,4,3.9134200701727
1.13108585920797,17.8919539077997,19,18.8862320067385
-1.15071315540059,7.43300393300421,7,6.54350932049959
0.340908792265356,15.6402274712651,15,16.228141093832
-1.13345152820331,7.53626430012715,8,6.66670296827026
-0.402364741498961,12.0611559733803,11,12.0390551545214
-1.17306982825892,7.30025556037047,7,6.3850973416018
-1.30259065732863,6.55602042367235,6,5.49613717715584
-1.65001891568086,4.81787901470036,3,3.41119744972485
-1.23824071348022,6.92019365346047,6,5.93131530041317
-0.607798750941139,10.8253871529823,9,10.5772971151131
-1.04684078873794,8.06334888953404,8,7.29514117891809
-1.33857308274607,6.35761614333748,7,5.25887973361546
-1.0851268690124,7.82862824028089,8,7.01536671853628
-0.92968341360499,8.79458162915631,7,8.16589952280195
1.66430893117077,18.726507353393,20,20
-0.469464916799098,11.6666299886744,12,11.5729235399893
0.966802153985491,17.5376472032705,18,18.4516000505754
-0.993951854080655,8.39137820661047,7,7.68591782212625
-1.17408468761563,7.29425698835889,7,6.37793807412644
-0.162885999456489,13.379230429541,12,13.5914078553018
1.16730677816981,17.9631520208783,18,18.975379624138
-1.01041135382745,8.28887141080689,7,7.56383013820231
-1.10937723721701,7.68133255343784,7,6.83973196878703
-0.0445135550454095,13.9736555484122,14,14.2881742382631
-0.643788691656514,10.6015747935099,10,10.3120641531385
1.66430893117077,18.726507353393,20,20
1.01565323390395,17.6485519537336,17,18.5862540245131
-1.04294998786504,8.08733972117716,8,7.32372968465334
1.66430893117077,18.726507353393,20,20
-0.631520358990338,10.6780549615297,12,10.4027138384434
0.116691222246001,14.7202951812272,14,15.1596694635636
-0.435293026942736,11.8687868940282,11,11.8118417157322
-0.986343028155654,8.43888075940708,8,7.74248591887424
-0.98577862630621,8.44240716462574,8,7.74668510210356
-0.931362219986556,8.78399915764367,9,8.15330689024777
-1.23881693026359,6.91688192297745,6,5.92735954305604
-0.374286660584038,12.2232131949948,11,12.2303557016229
-1.04089976148781,8.09999112450228,8,7.33880509653225
-0.73321769251645,10.039424670134,10,9.64528670990152
-0.696237190960186,10.2727429650106,9,9.92213084022298
0.52145410871512,16.2846632439068,16,16.9755714579303
0.178436612757649,14.9872129115953,14,15.4702038594806
-0.935483764333806,8.7580284627575,9,8.12240187175214
0.694454027118906,16.8258229677592,17,17.6064149354127
-0.539609919767848,11.2442657869782,12,11.0733164214405
-0.875372950099629,9.13795196555461,8,8.57434693233793
1.66430893117077,18.726507353393,20,20
-1.64222399270574,4.85231139928544,4,3.45270669751216
1.07910886821474,17.785524395392,19,18.7542247664951
0.219118584244463,15.1573847660329,14,15.6679307795513
0.895294819747823,17.3664303484241,17,18.2456836436585
-0.408863355222433,12.0233857021956,12,11.9944544205444
-1.71938662781618,4.52093753933467,4,3.05263816744827
-1.30722680654469,6.53024014972277,6,5.46531553283264
1.16590943503954,17.9604496471607,18,18.971982681444
0.490497770313222,16.1800725475198,17,16.8541379979605
1.27966950376139,18.1692122541386,19,19.2379188258485
-1.33973588807018,6.35126981676025,6,5.25128847034832
-1.4182519108516,5.93258740325568,6,4.75014389908162
0.319548761842067,15.5583975301968,15,16.1332606150919
-0.727507916534146,10.0755116198727,9,9.68811492559943
-1.03036238147878,8.16511694836212,7,7.41640308186033
-1.80883709857003,4.16299401428485,3,2.61867928414903
-1.07407012328288,7.89615171038338,7,7.09586433673927
-1.68086344686831,4.68374145042435,3,3.24936238448465
-0.121275091258035,13.5926289313306,13,13.8418257421315
-1.29395412430943,6.60421364282418,5,5.55374915435807
-1.46246287260832,5.7056714595216,5,4.47822213718428
-0.359120745205359,12.3099635792505,11,12.3327164242638
-0.63672661233573,10.645621949011,10,10.3642738893262
-0.913605535734814,8.8960385447685,8,8.28661470116686
-0.968175866475319,8.5525742409803,8,7.87785533743234
-0.834534374028012,9.39699933293393,10,8.88229973468591
-0.225399240992824,13.0496933589708,13,13.2041455175673
-0.220767599592448,13.0744733331958,13,13.2332884299598
-2.09952115304442,3.1843056397727,2,1.41531187602446
0.314142718297894,15.5374961091741,15,16.1090230139703
-1.13767808076698,7.51092090454539,8,6.63646968268038
0.553781106426646,16.3913318500344,16,17.099530456725
1.66430893117077,18.726507353393,20,20
0.522195229147288,16.28713781645,16,16.9784457302546
-0.157951630790623,13.4047861583408,13,13.6214124566972
-0.34272653367381,12.4031086425709,12,12.4425870137854
-0.526341251734825,11.324873676882,11,11.1687095356435
-0.0363890861571169,14.0130201841061,14,14.3342275781496
-0.49100307605604,11.5379593605329,10,11.4207821007174
0.118767183694062,14.7294395454316,14,15.1703166208664
-0.0075467329612363,14.1512760414355,12,14.4958833473474
-0.751282491574444,9.92512736945989,10,9.50961593821407
-1.18424689685633,7.23432542253499,6,6.30640513707496
-0.997228150736724,8.37094608995135,8,7.66158473280482
1.01690820748496,17.6513377332467,17,18.5896509672071
-1.61494898470244,4.97448749698479,5,3.59989405851253
-0.356577230005873,12.3244580269554,11,12.3498160036783
-0.601242026607796,10.8659747566106,11,10.6253813524746
0.262451973312507,15.3337238273168,16,15.8726438336924
-1.12843686270418,7.56638276237587,8,6.70263064784147
-0.0414777051376546,13.988386436685,13,14.3054094969345
0.693588145987165,16.8232931711106,16,17.603450853915
-2.57468836273189,2.09136859391861,0,0
-1.77298297188715,4.30311787542972,3,2.78882509309612
-1.21530867240551,7.05270280157814,6,6.08956934057022
1.66430893117077,18.726507353393,20,20
-0.523086162045995,11.3445999005316,11,11.1920509360659
-1.10717892125514,7.69463804101989,6,6.8555994804702
-0.253119156297593,12.9001842730493,13,13.0282405378952
-1.2535491154388,6.83251428639131,6,5.82657500666115
0.0268570618486811,14.313149986742,13,14.6849697638012
-1.08384715657548,7.83643205523007,7,7.02467052809029
-0.833632437366875,9.4027243813197,9,8.88910374455788
-0.750330309978448,9.93115617387377,9,9.51677295625333
-0.399562146783035,12.0774146863094,11,12.0582524388866
-1.19191494460084,7.18926744941911,7,6.25261907815469
-0.290477354194317,12.6954687313241,12,12.7871906775096
-0.61970164716304,10.7515531113324,11,10.4898139611118
0.956986972855241,17.5147772668705,18,18.4239655067598
0.22855421623062,15.196212727707,15,15.7130210524218
-0.792656257967036,9.66282697752237,9,9.19814017957271
-1.47048294025186,5.66521116788639,6,4.42971004521721
-0.916640948553151,8.87686964454736,9,8.2638091154143
1.03118195413487,17.6828020846379,18,18.628071229777
-1.22764776117844,6.98123226257429,6,6.00421872725127
-0.916851795753424,8.87553836439714,8,8.26222523452327
-0.589076367917082,10.9411183288542,10,10.714391887632
-0.487331847988753,11.5599577843552,12,11.4467971403032
-0.665224044508972,10.4675264915842,10,10.1531425535828
-1.32843093517187,6.4131446962249,6,5.32529531393614
-0.986710681240605,8.43658385315369,7,7.73975078623092
1.34245903437385,18.2751014533047,18,19.3759697424802
0.426602834611837,15.9565304534508,16,16.5948375611947
0.956986972855241,17.5147772668705,18,18.4239655067598
0.496621881793428,16.2009547222413,17,16.8783755990821
-0.560221258970784,11.1184405325255,11,10.924372924135
0.602528911346856,16.5473113958795,17,17.2810704461743
-1.11570458814424,7.64308967821594,7,6.79412294191116
-1.21530867240551,7.05270280157814,6,6.08956934057022
0.18334934100806,15.0080017273415,14,15.4943688961608
0.729914245083003,16.9279211547355,17,17.726207447939
0.0170686042039817,14.2674305426055,13,14.6315848422812
-0.876654435304407,9.12983161430135,9,8.56469088248003
-0.58598842187824,10.9601566382729,11,10.7369409744419
-1.08896158021795,7.80526192593527,7,6.98750823820288
0.426602834611837,15.9565304534508,16,16.5948375611947
0.904519349133441,17.3891225163095,19,18.2728530183128
-0.875627347294782,9.13633988051699,9,8.57242998700447
-0.874795001626761,9.1416144542915,9,8.57870200820906
1.16141774987182,17.9517390817345,18,18.9610406411962
0.582711592583924,16.4846033840354,18,17.2080408348994
-0.109984349138854,13.6497043158214,13,13.908750917504
0.552417801015999,16.3868857162119,16,17.0943609232582
-0.285677075529389,12.7219779127574,12,12.8184168606364
1.11749662880392,17.8646184788667,18,18.8521901689176
0.0961721879655563,14.6292711682441,15,15.0536523551087
-0.982884132450354,8.46049801848323,7,7.76822691967903
-1.2437754716771,6.88842010948625,5,5.8933615838726
0.626526926046702,16.6219718922663,16,17.3681133348238
-0.886727226665893,9.06602858548794,8,8.48881600119403
-1.18479353135013,7.23110864728403,6,6.30256541552174
-1.64253437126938,4.85093625266938,4,3.45104916317216
-0.418919146544313,11.9647503912077,12,11.9252046231261
1.45754541579742,18.4532064027503,19,19.6142713430691
0.16475441100652,14.9289677353495,14,15.4024838014558
0.700684644567618,16.8439747855515,16,17.6276884550366
-1.66382244883932,4.75743317438516,4,3.3382964047363
1.66430893117077,18.726507353393,20,20
1.32895110498202,18.2528590950981,19,19.346769298127
1.31510686010852,18.2297599823386,19,19.3165613976463
-1.0101543127711,8.29046946182037,8,7.56573363961768
-0.288217755912974,12.7079546514081,12,12.8018987550762
0.687389619558351,16.8051318601289,17,17.5821773342911
0.167691449065131,14.9415138333948,14,15.417072761446
-1.7067677994872,4.57368920477094,3,3.11641991889069
1.11749662880392,17.8646184788667,18,18.8521901689176
0.0630442133266449,14.4798525218214,14,14.8794856874077
1.11749662880392,17.8646184788667,18,18.8521901689176
-0.811749300809258,9.54164089536635,7,9.05417599613441
-1.7199551061189,4.51857428857413,5,3.04977984795797
1.66430893117077,18.726507353393,20,20
0.12451299289523,14.7546871982305,14,15.1997102769404
0.502612054727607,16.2212889028502,16,16.9019804516481
-1.04442716960155,8.07822852884607,8,7.31287255546393
-1.26465813124528,6.76928776043149,6,5.75103247452783
-1.39249452867813,6.06776429336487,5,4.91202021553202
-0.638065335947957,10.6372767869065,11,10.3543826514418
-0.83391631562724,9.40092245303979,10,8.88696222768474
0.248374262800863,15.2769907511384,16,15.8068001262356
1.26741962912311,18.1477995173562,19,19.2102842820329
1.45754541579742,18.4532064027503,19,19.6142713430691
0.310370536731005,15.5228658935102,16,16.092056823809
1.53338735195296,18.5600386624966,19,19.7616983994111
0.457935693992092,16.0674495430608,17,16.7234686074121
0.989922545674246,17.5907390035123,18,18.5159231659062
0.712045637184981,16.8768393669212,17,17.6662308292161
-0.558954929957247,11.1261917859521,10,10.9335496984492
0.965591859439509,17.5348378657588,18,18.4482031078814
-0.875488007032194,9.13722286007652,9,8.57347994700932
-0.424458980494166,11.9323497828224,11,11.8869331570758
1.66430893117077,18.726507353393,20,20
-1.0641922349978,7.95665976216456,6,7.16798947623645
-0.59836115146239,10.8837886119184,10,10.6464840118349
0.262556912864825,15.3341447369399,14,15.8731322769838
1.02589573980947,17.6711965515154,17,18.6138885683287
-0.332062272012804,12.4633412661744,12,12.5136150811887
1.45754541579742,18.4532064027503,19,19.6142713430691
0.629568037635455,16.6313338607407,16,17.3790358485969
-1.64327271629721,4.84766635289728,3,3.44710770504488
-0.380602253816583,12.1869242216827,12,12.187527485925
-0.844555837188803,9.33339524957357,10,8.80670316498737
0.523754647918659,16.2923401791321,16,16.9844885940551
1.00615729145075,17.6273709175981,18,18.5604505228539
0.937494137198063,17.4687667199366,18,18.3684961095642
0.49187621088913,16.1847810328083,16,16.8596027716421
-1.02266364600227,8.21280395889953,7,7.47321625219784
-1.44679284996977,5.78535163945858,5,4.57373429255845
0.15933557105599,14.9057582259186,15,15.375492250086
-0.173799511596029,13.3224698634693,11,13.5247513857017
-0.258455778688728,12.8711656537378,13,12.9940846655634
0.904519349133441,17.3891225163095,19,18.2728530183128
1.10656104912267,17.8423704992181,18,18.824555625102
-0.546697578097537,11.2010801816276,11,11.0222015315387
-0.996140505288418,8.3777275215444,8,7.66966100883397
-0.452641245338842,11.7664690569966,12,11.6909357205742
-1.29497846445225,6.59848629692263,7,5.54690284197605
-0.510847687131796,11.4185907697801,10,11.2795911355992
-0.754577609760436,9.90426076430218,9,9.48484370006329
0.670122327703902,16.7540623657746,17,17.5224061282336
0.565599224623759,16.4296819710165,15,17.144131190702
-0.153751790113959,13.4264847715332,12,13.6468852058229
-0.881984226726683,9.09606595851531,9,8.5245378320416
0.686402431351374,16.8022311187139,17,17.5787803915971
-0.0298826964196521,14.0444117848759,14,14.3709448530414
1.23552214191314,18.0908551732751,19,19.1372159461204
-0.306821999425567,12.60475976585,12,12.6803151779597
1.10656104912267,17.8423704992181,18,18.824555625102
-1.11017003609956,7.67653643115053,7,6.83401223146885
1.31510686010852,18.2297599823386,19,19.3165613976463
0.517802930295389,16.272452076389,15,16.961388796482
-0.257784873894961,12.8748179401616,12,12.998383772065
0.835761667454693,17.2155680141848,17,18.0658713936445
1.17731720167507,17.9824086298244,18,18.9996172252596
0.232685035254162,15.21313551352,15,15.7326704967497
0.0855114128010143,14.5815194554152,15,14.9980101400367
0.345590637739351,15.6580030754896,15,16.2487497497752
-0.310396023507333,12.5848332880748,12,12.6568320394164
1.45754541579742,18.4532064027503,19,19.6142713430691
1.13476879341456,17.8993032777846,19,18.8954014562136
1.26741962912311,18.1477995173562,19,19.2102842820329
0.621052762893916,16.605063702464,16,17.3483913260545
0.456270410265409,16.0616174777247,17,16.7167039869695
1.66430893117077,18.726507353393,20,20
0.528185502592311,16.3070888176283,17,17.0016215548972
0.965591859439509,17.5348378657588,18,18.4482031078814
0.672263810928082,16.7604342546599,16,17.5298598476329
0.374092809735567,15.7649784899617,17,16.3727662497782
1.45754541579742,18.4532064027503,19,19.6142713430691
0.650452033436109,16.6950249408764,16,17.4533945690264
-0.416215169795094,11.9805398811842,12,11.9438536868465
0.602528911346856,16.5473113958795,17,17.2810704461743
0.0216761174969718,14.2889843956299,14,14.656754492169
-0.442747563545236,11.8249010059123,10,11.7599876033603
0.737400760957341,16.9491034452958,16,17.7511045144491
-0.463790104217832,11.7003733463512,12,11.612812829547
1.10656104912267,17.8423704992181,18,18.824555625102
1.04441191370466,17.7116058955927,18,18.6633306957734
-0.736100195015446,10.0211990813751,10,9.62365519687661
1.11749662880392,17.8646184788667,18,18.8521901689176
-0.0503406767536346,13.9453083213394,14,14.2550032341169
-0.463813257832814,11.7002358078271,12,11.6126502479767
0.176484184999148,14.9789326921654,15,15.4605780808072
-1.29301360563824,6.60947500401068,5,5.56003835383413
0.669088552861381,16.750982526942,17,17.5188037728742
-0.0187906541060607,14.0976549659087,13,14.433203981096
0.219118584244463,15.1573847660329,14,15.6679307795513
0.546792580333262,16.368491641713,16,17.0729767460661
0.402197399769177,15.868388773276,16,16.4926469421512
0.66061455810728,16.7256411040564,17,17.4891723112653
0.0680137167579624,14.5024608629325,13,14.9058496053998
0.288220649955357,15.4361970771683,15,15.9915349702446
-0.281106359848387,12.7471636225767,13,12.8480808419625
0.21119908916718,15.124609858972,15,15.6298628882716
1.00396941347672,17.622465164938,18,18.5544802234949
1.13618231191078,17.902117324869,18,18.8989143455315
-0.793369290738011,9.6583022058922,9,9.19276559394811
-1.32174211532584,6.44993688476876,6,5.36929539428833
-0.470708290125953,11.6592277466347,10,11.5641725546964
-0.299008311566852,12.6482098161255,12,12.7315140378763
-0.543760542275005,11.2189863649075,11,11.0433961404464
-1.68190056197256,4.67928976312061,3,3.24398779886005
-0.242411595973727,12.9581797356981,14,13.0964896289267
0.30961645974465,15.5199367246171,16,16.0886598811149
0.341030379128834,15.6406898296264,16,16.2286771494102
1.45754541579742,18.4532064027503,19,19.6142713430691
-0.772584816535794,9.79014718662057,8,9.34935175686209
-1.15845843620256,7.38688517839883,8,6.48847952386397
0.774996143156104,17.053531061888,17,17.8740929473436
1.66430893117077,18.726507353393,20,20
-1.04803282753276,8.05600356679266,6,7.28638790673074
-0.761864832366958,9.85809649231419,10,9.43003485874089
0.636027308129376,16.6511447466044,17,17.4021551726447
-1.00199714019179,8.34122947128043,8,7.62619275226592
-0.658196014219572,10.5115333363344,10,10.205320391636
0.80244296062268,17.1277430207022,17,17.9617715712224
-0.444404138508573,11.8151320455102,11,11.7484439866156
0.0284656040480591,14.3206375111416,13,14.6937111379459
-1.07168063423187,7.9107731213397,7,7.11329373543861
0.481090559496523,16.1478113618724,16,16.8166992174456
0.181122835408668,14.9985881486446,14,15.483426855913
0.0556583023620196,14.446124105032,14,14.8401471703045
0.523036324258724,16.2899445399109,17,16.9817058779298
1.32895110498202,18.2528590950981,19,19.346769298127
1.45754541579742,18.4532064027503,19,19.6142713430691
-1.49802217164474,5.52794720403403,5,4.2650624355084
1.13618231191078,17.902117324869,18,18.8989143455315
1.32895110498202,18.2528590950981,19,19.346769298127
0.939812575511596,17.4742805304968,18,18.3751347719689
1.11749662880392,17.8646184788667,18,18.8521901689176
1.66430893117077,18.726507353393,20,20
0.462910905840222,16.0848314234226,16,16.7436308815331
1.66430893117077,18.726507353393,20,20
1.66430893117077,18.726507353393,20,20
-0.070249104556298,13.8477434138195,15,14.1407909029812
-0.974602599791733,8.51231203086215,9,7.82992054604752
0.0852696184060968,14.5804327594042,14,14.9967436761215
1.27966950376139,18.1692122541386,19,19.2379188258485
-0.859630400999304,9.23775701425341,8,8.6930136607838
0.333676553056134,15.6126554923858,16,16.1961735418441
-1.2115291221234,7.07467319520943,6,6.11580385948504
1.31510686010852,18.2297599823386,19,19.3165613976463
0.138435803172787,14.8154883450423,14,15.2704765612123
0.621270922476913,16.6057389201748,17,17.3491787999803
0.0799944461203656,14.5566842249656,15,14.9690642614141
-0.220615830967787,13.0752843388361,12,13.2342421681896
-1.85385992745925,3.99329953621613,2,2.41208980436831
0.580463626105622,16.4774295915624,16,17.1996903970709
-1.07364644834272,7.89874346288541,8,7.09895386230559
-0.413661784654603,11.995434784376,12,11.9614452911042
-1.68816521744895,4.6524804385849,4,3.21161525275689
-0.207493689427061,13.1451695455658,13,13.3164126240454
0.939812575511596,17.4742805304968,18,18.3751347719689
-0.671315730295026,10.4293405309647,11,10.1078622125109
-0.0823821935590866,13.7877397795188,14,14.0705146750451
0.811209018914397,17.1510888007674,17,17.989406115038
1.26891984922568,18.1504353832529,19,19.2136812247269
0.0724463951802931,14.5225690779977,13,14.929294787704
1.66430893117077,18.726507353393,20,20
-0.622879675628207,10.7318074476473,10,10.4664155151574
0.11338487958457,14.7057065863033,14,15.1426820770508
0.866311416107805,17.2939444366239,18,18.1591187245463
0.492811456724782,16.1879729248009,17,16.8633074474355
-1.32098726593419,6.45409743476077,5,5.37427075138107
1.66430893117077,18.726507353393,20,20
0.704437892041486,16.8548653572294,18,17.6404567732336
-1.60827833567179,5.00476903584658,4,3.63635196665074
0.668515828704287,16.7492751676545,17,17.5168068550809
-1.43592563866598,5.84109377779096,5,4.64053335236485
1.26891984922568,18.1504353832529,19,19.2136812247269
