"ID","Item1","Item2","Item3","Item4","Item5","Item6","Item7","Item8","Item9","Item10","Item11","Item12","Item13","Item14","Item15","Item16","Item17","Item18","Item19","Item20"
1,1,0,1,0,0,1,0,1,1,0,0,0,0,0,1,0,0,1,1,0
2,1,1,0,0,1,1,0,0,1,0,0,1,1,0,0,1,1,1,1,0
3,1,0,1,0,0,0,0,1,1,1,0,1,1,0,0,1,1,0,1,0
4,1,0,1,0,1,0,0,0,1,0,0,0,0,0,0,0,0,0,0,0
5,1,0,1,1,0,1,1,0,0,1,1,0,1,0,1,0,0,1,1,0
6,1,1,1,1,1,0,1,1,1,0,0,0,0,0,0,0,0,0,0,1
7,1,1,1,0,0,0,1,1,0,1,0,1,0,0,0,1,0,1,1,1
8,1,0,1,0,0,1,1,1,0,0,1,1,0,0,0,0,0,0,1,1
9,0,1,0,0,1,0,1,1,0,0,1,1,0,0,0,1,0,1,1,0
10,1,0,1,0,0,1,0,1,1,0,0,0,1,0,1,1,1,0,1,0
11,1,0,1,1,1,1,0,1,1,0,0,1,0,0,1,0,1,1,1,0
12,0,0,1,1,0,1,0,0,0,1,0,1,0,0,0,0,1,0,1,1
13,0,1,1,0,0,0,0,1,0,0,1,0,0,0,1,0,0,1,1,0
14,0,0,1,0,1,0,1,1,0,0,1,0,0,0,1,1,0,0,0,1
15,1,0,1,0,0,1,0,0,1,0,0,1,0,0,0,1,0,0,1,0
16,0,1,1,0,0,1,0,0,1,0,1,0,0,0,0,1,1,0,0,0
17,1,1,1,0,1,1,1,1,1,0,1,1,0,1,0,1,1,0,1,0
18,0,1,0,1,1,0,0,1,1,0,1,1,1,0,1,0,0,0,1,0
19,0,1,1,1,1,1,0,1,1,0,0,0,0,0,0,1,0,1,0,0
20,1,0,1,0,0,1,0,1,0,1,1,0,0,0,1,0,0,0,1,1
21,1,1,1,0,1,1,1,1,0,1,1,1,0,0,1,0,0,0,1,1
22,1,1,1,0,0,0,1,1,0,0,0,1,0,1,0,1,1,1,1,1
23,1,0,1,0,1,1,1,0,1,0,0,1,1,0,1,1,1,1,1,0
24,1,0,0,0,0,0,1,1,0,1,1,0,1,0,0,1,0,1,1,0
25,0,1,1,0,0,0,0,0,0,0,1,0,1,0,0,1,0,1,0,1
26,1,0,1,0,0,0,1,1,1,0,1,0,0,0,1,1,0,1,0,1
27,0,1,1,0,1,1,1,0,0,0,1,1,0,0,0,0,1,1,1,0
28,1,0,1,1,0,0,1,1,0,1,1,1,1,1,0,1,1,1,1,0
29,0,0,1,1,0,1,0,1,0,1,0,0,0,1,1,0,0,0,0,1
30,1,0,0,1,0,1,1,1,0,1,1,0,1,1,1,0,0,1,1,1
31,1,1,1,0,1,0,1,1,1,0,0,0,1,0,1,0,0,0,1,1
32,1,0,0,0,1,0,1,0,1,1,0,0,0,0,1,1,1,1,1,0
33,0,1,1,0,0,1,1,0,1,0,1,0,0,0,0,1,1,1,1,1
34,0,0,0,0,1,0,0,0,1,0,1,0,0,0,1,0,1,0,1,0
35,1,0,1,1,1,0,0,1,1,1,0,0,0,0,0,0,0,0,1,0
36,1,0,0,0,1,1,1,1,0,1,1,1,0,0,0,1,1,0,1,0
37,1,0,1,0,0,0,0,0,1,1,0,0,0,0,0,0,1,1,1,1
38,1,0,1,0,0,0,1,0,0,0,0,0,1,1,0,1,1,1,1,0
39,1,0,1,0,1,0,0,0,0,1,1,0,1,0,0,0,0,1,0,0
40,1,1,0,0,0,1,1,1,1,1,0,0,1,0,0,0,1,1,1,0
41,1,1,1,0,0,1,0,1,1,1,1,0,1,0,0,1,0,0,1,0
42,1,1,1,1,0,1,0,1,0,0,1,0,1,0,0,0,0,1,1,0
43,1,0,1,0,0,1,0,1,0,0,1,1,1,1,1,0,0,1,1,0
44,1,0,1,0,1,0,1,1,1,1,0,0,0,1,0,0,1,0,0,1
45,1,1,1,1,0,0,0,1,0,0,0,0,1,0,0,1,0,0,1,0
46,0,0,0,0,0,1,0,1,1,1,1,1,0,0,0,0,0,0,1,1
47,1,0,1,0,0,1,1,0,1,0,1,1,0,0,1,0,0,0,1,0
48,1,1,0,0,1,1,1,1,1,0,0,1,0,1,1,1,0,1,1,0
49,0,1,1,0,0,1,1,0,0,0,0,0,0,0,1,1,1,0,0,0
50,0,0,1,0,0,0,1,0,1,0,1,0,0,0,1,0,0,1,1,1
51,1,0,1,0,0,1,1,1,0,1,1,0,1,0,1,0,0,1,1,1
52,1,0,0,1,0,1,1,0,0,0,0,1,0,0,0,0,0,0,0,0
53,1,0,0,0,1,1,1,1,0,0,0,1,1,1,0,0,0,0,0,0
54,0,0,0,1,0,1,0,0,0,0,1,1,1,0,0,0,0,0,1,0
55,1,0,1,0,0,1,0,1,0,1,0,1,1,0,0,0,0,1,0,0
56,0,1,1,0,0,0,1,1,1,0,0,0,0,0,1,0,0,0,1,0
57,1,0,0,1,1,1,1,1,0,1,1,1,1,0,0,0,0,1,1,0
58,0,0,1,0,1,1,1,1,0,1,1,0,1,0,0,0,1,1,1,1
59,1,0,1,0,0,1,0,1,0,0,0,0,0,1,0,0,0,0,1,0
60,0,0,1,0,1,1,1,0,0,1,0,1,0,1,1,0,1,0,1,0
61,1,0,1,0,0,1,1,1,0,1,1,1,0,1,1,0,1,0,0,0
62,0,1,1,0,0,1,1,0,0,0,0,1,1,0,0,0,0,1,1,1
63,1,0,1,0,0,0,1,0,1,0,1,0,1,0,0,0,0,0,0,0
64,1,0,1,0,0,0,0,0,1,0,0,1,0,0,1,1,1,0,1,0
65,1,0,1,0,0,1,1,1,0,0,0,0,0,0,0,0,1,0,1,1
66,1,1,1,1,0,1,1,0,1,1,1,1,0,0,0,1,0,1,0,1
67,0,1,0,0,0,1,1,1,0,1,0,1,0,0,0,1,1,0,1,0
68,1,1,0,0,0,1,1,1,0,1,0,1,1,0,1,1,0,0,0,0
69,1,0,0,0,0,1,1,0,1,1,1,1,1,0,1,0,1,0,0,0
70,1,1,1,1,0,0,1,1,1,0,0,1,1,1,1,0,0,0,1,0
71,1,0,1,1,0,0,1,0,0,0,0,1,0,0,1,1,0,1,1,0
72,0,1,1,1,1,1,1,0,1,0,0,0,1,1,0,1,0,0,1,1
73,0,1,1,0,1,1,0,0,0,0,0,0,0,1,1,0,0,1,1,1
74,1,0,1,0,0,0,0,0,0,0,0,0,1,0,0,0,1,1,1,0
75,1,0,1,0,0,1,0,0,1,0,0,0,1,0,0,0,1,0,1,0
76,1,0,1,0,1,1,0,1,0,1,1,1,0,0,1,1,1,1,1,0
77,1,0,1,1,1,1,1,0,0,0,0,1,1,0,1,1,0,1,0,0
78,1,1,1,0,1,1,0,0,0,1,0,1,0,1,0,0,0,1,1,0
79,0,0,1,0,0,1,1,1,1,0,0,0,1,1,0,0,1,1,0,0
80,0,1,1,0,0,0,0,1,0,0,1,0,1,0,0,0,1,1,0,1
81,1,0,0,1,0,0,0,1,1,0,1,1,0,0,1,0,0,0,1,0
82,0,1,0,1,0,0,0,1,0,0,1,0,0,0,1,0,0,0,1,0
83,0,0,1,1,0,0,0,0,1,0,0,0,1,0,0,0,0,1,1,1
84,1,1,1,1,0,1,0,1,0,0,1,1,0,0,0,1,0,1,0,1
85,1,1,1,0,1,1,0,1,1,0,0,0,0,0,0,1,1,0,0,0
86,1,1,0,0,0,0,0,1,1,0,1,1,1,0,0,1,0,0,0,1
87,1,1,1,1,0,0,1,0,0,0,1,0,1,0,0,1,0,1,1,0
88,1,0,1,1,1,0,1,1,1,0,0,1,1,0,0,0,1,0,1,0
89,0,1,1,0,0,1,0,0,0,0,0,1,0,0,0,1,1,1,0,0
90,1,1,1,1,0,0,1,1,1,1,0,1,1,0,0,0,1,1,1,0
91,0,0,1,1,0,0,1,1,1,1,0,0,0,0,1,0,0,0,0,0
92,1,1,0,0,0,1,0,1,0,1,1,0,1,1,0,1,0,0,1,0
93,0,1,0,0,0,1,1,0,0,0,0,1,0,0,1,1,1,0,1,0
94,1,0,1,0,0,0,0,0,1,0,1,0,1,0,0,1,1,0,1,0
95,1,0,0,1,0,1,1,0,1,0,0,1,1,1,0,1,0,0,0,1
96,1,0,0,1,1,0,0,1,0,1,0,0,1,1,1,1,0,0,1,0
97,1,0,0,0,0,1,0,1,0,0,0,1,0,0,1,0,0,1,0,1
98,0,0,1,1,0,0,0,1,1,1,0,0,0,1,1,1,1,0,1,1
99,1,0,1,0,0,1,0,0,0,0,1,0,0,1,1,1,0,1,0,0
100,1,1,0,0,0,1,1,1,0,0,0,1,1,0,0,0,0,0,1,1
101,0,1,1,0,1,0,1,0,0,0,0,0,1,1,0,1,0,0,1,0
102,1,0,1,0,0,1,0,1,1,0,0,1,1,1,0,0,0,0,1,0
103,0,0,1,0,1,1,1,1,0,0,0,1,0,1,0,1,0,1,0,0
104,1,0,1,1,0,0,0,1,1,0,1,0,1,0,1,1,0,0,1,0
105,1,0,1,0,1,0,1,0,1,1,1,1,1,1,1,0,0,1,1,0
106,1,1,1,1,0,1,1,1,1,0,0,1,1,0,0,0,0,0,0,1
107,1,1,1,1,1,0,0,1,0,0,0,0,0,0,1,0,1,1,0,0
108,1,0,1,0,1,0,1,0,0,0,0,0,1,0,0,0,1,0,1,0
109,0,0,1,1,0,0,1,1,1,0,1,0,0,0,0,1,0,0,1,0
110,1,1,1,0,0,0,0,1,1,0,0,1,1,0,0,0,0,0,0,0
111,1,1,1,1,1,1,1,1,0,0,0,0,1,1,0,0,0,1,1,1
112,1,0,0,0,1,1,1,1,0,0,0,0,0,0,1,0,0,1,1,1
113,1,0,1,0,1,1,0,0,1,0,1,1,0,0,0,1,0,1,1,0
114,1,0,1,0,0,1,0,1,1,1,1,1,0,0,0,0,0,1,1,0
115,1,1,1,0,0,0,0,1,0,0,0,1,0,0,0,0,0,1,0,0
116,1,0,1,0,1,1,1,0,1,0,0,0,0,1,0,0,0,1,1,0
117,1,0,1,1,1,1,0,0,0,0,1,0,0,0,1,0,1,0,1,0
118,1,0,1,0,0,1,1,1,0,1,1,1,0,0,0,0,0,1,0,0
119,1,1,0,0,0,1,0,0,0,0,1,0,1,1,1,1,1,0,1,0
120,0,0,1,1,0,1,1,1,0,0,1,1,0,1,0,0,1,0,1,0
121,1,1,1,0,1,1,0,1,0,0,0,1,0,0,0,1,0,1,1,0
122,0,1,1,1,0,1,1,1,0,0,0,0,0,0,0,0,1,0,1,0
123,1,0,1,0,1,1,1,1,0,1,0,1,0,0,1,0,1,0,1,0
124,0,1,1,0,0,1,1,0,1,0,1,1,0,0,0,0,0,0,1,0
125,1,1,1,0,0,0,1,0,1,0,0,0,1,0,0,1,0,0,1,1
126,0,0,1,1,1,1,0,0,0,1,1,0,0,1,0,1,0,0,1,0
127,0,1,1,1,0,1,1,1,1,0,0,0,0,0,0,0,0,1,0,1
128,1,0,0,0,0,0,1,1,0,1,0,0,1,0,0,1,0,0,1,0
129,1,0,1,1,0,1,1,1,0,0,1,0,1,0,0,0,0,1,1,1
130,1,0,1,0,1,1,1,0,1,0,1,1,0,0,0,0,1,1,1,1
131,1,1,0,0,1,0,0,0,1,0,0,1,0,1,0,0,0,0,1,1
132,1,0,1,0,1,1,0,0,1,0,1,1,0,0,0,0,0,0,1,0
133,1,0,0,0,0,1,0,0,0,0,0,1,0,0,0,1,0,0,1,0
134,0,1,0,0,0,0,1,1,0,1,0,0,0,1,1,0,0,0,1,0
135,1,0,0,0,0,0,1,1,0,0,0,1,0,0,0,1,0,0,1,0
136,1,1,0,1,1,1,0,0,1,0,0,1,0,0,1,0,0,0,1,1
137,1,0,1,1,0,0,1,0,1,0,0,1,1,0,0,0,0,0,0,0
138,0,1,0,1,0,0,1,0,0,0,0,0,1,0,0,0,0,1,0,1
139,1,0,1,1,1,1,1,0,0,0,1,0,0,0,0,0,0,0,1,0
140,1,0,1,0,1,1,1,1,0,0,0,1,0,0,1,0,0,1,1,0
141,1,0,0,0,0,1,1,0,0,1,0,0,1,1,1,1,1,1,1,0
142,0,1,1,1,0,0,1,0,0,1,0,0,1,1,0,0,0,0,0,0
143,1,0,0,0,1,0,1,0,0,1,1,0,0,1,0,0,0,0,1,0
144,1,0,1,0,1,0,0,0,0,0,1,0,1,1,0,0,0,0,1,0
145,0,0,0,0,1,0,0,0,0,1,0,1,0,0,0,1,1,1,1,1
146,1,1,1,1,0,0,0,0,0,0,1,0,0,0,0,1,0,1,1,0
147,0,0,0,0,0,0,0,1,0,0,1,0,1,0,1,0,1,0,1,1
148,1,0,1,0,0,1,0,1,0,0,0,0,1,0,0,0,0,1,1,1
149,1,1,1,1,1,1,0,0,0,0,0,1,1,1,0,0,1,0,1,0
150,0,0,1,1,1,1,0,1,1,0,0,1,1,1,1,0,1,1,1,0
151,1,1,1,1,0,1,1,1,0,0,0,0,0,0,1,0,0,1,0,1
152,1,1,1,1,0,0,0,0,0,0,1,1,0,0,0,0,0,0,0,1
153,1,1,1,0,0,0,0,0,1,0,1,1,0,1,0,0,0,0,1,0
154,1,0,1,1,0,0,1,0,1,0,1,0,0,0,0,1,1,0,1,0
155,1,0,1,0,0,1,1,1,0,0,0,0,1,1,0,0,1,0,1,0
156,0,1,1,1,0,0,0,0,1,0,0,0,0,0,0,0,1,0,1,1
157,1,1,1,0,1,0,1,0,1,1,0,0,1,0,1,0,1,1,1,0
158,0,0,0,0,0,0,0,1,1,1,0,0,1,0,0,0,0,1,1,0
159,0,0,1,1,0,1,0,0,0,0,0,0,1,0,0,0,1,0,0,0
160,1,0,1,0,0,1,1,0,1,0,1,1,0,0,1,1,1,1,1,0
161,0,0,1,0,0,0,0,1,0,0,1,1,0,0,1,0,0,1,1,1
162,1,0,1,0,0,0,1,0,1,0,0,0,0,0,0,1,0,1,0,1
163,1,0,1,1,0,0,1,1,0,0,0,1,0,0,0,0,0,1,1,1
164,0,0,0,1,0,1,0,1,1,0,0,1,0,0,0,0,1,1,1,1
165,0,0,1,0,0,1,1,0,0,1,0,0,0,0,0,0,1,1,1,0
166,1,1,0,0,0,1,0,1,1,0,0,0,1,1,1,0,0,0,1,1
167,1,0,0,1,0,1,1,0,0,0,1,0,1,0,1,0,0,0,1,0
168,1,0,1,0,0,1,1,1,0,1,1,1,0,0,0,1,0,0,1,0
169,1,0,0,0,0,1,1,0,0,0,0,1,0,1,1,0,1,1,0,0
170,0,1,0,0,1,0,0,0,1,0,1,1,1,0,0,0,0,1,1,0
171,1,0,0,0,1,0,0,1,0,1,1,1,0,0,0,0,0,1,0,1
172,1,1,0,0,0,0,0,0,0,1,1,0,0,0,0,0,0,1,1,0
173,0,1,1,0,0,0,0,1,0,1,0,0,0,0,1,0,0,1,1,1
174,0,1,1,1,0,0,1,0,0,0,1,0,1,0,0,1,0,1,1,0
175,1,1,1,0,0,1,0,0,0,0,0,1,1,0,1,0,0,1,1,0
176,1,1,1,1,0,0,0,1,0,0,1,0,1,0,0,0,0,0,0,0
177,1,1,1,0,0,1,1,1,1,0,0,1,0,0,1,0,1,1,0,1
178,1,0,1,0,0,0,1,0,0,0,0,1,0,1,1,0,1,1,1,0
179,1,1,1,0,0,1,0,1,0,1,0,0,0,0,1,0,1,0,0,0
180,1,0,1,0,1,1,1,1,1,0,1,0,0,0,0,0,1,0,1,0
181,0,1,0,0,1,0,1,0,1,0,1,0,0,0,1,0,0,1,0,0
182,1,1,1,0,0,1,1,1,0,0,0,0,0,0,0,1,0,1,1,0
183,1,1,0,0,1,1,0,1,0,1,1,0,0,0,0,1,0,0,1,0
184,1,1,0,0,0,1,0,1,1,0,0,1,0,0,1,0,0,0,1,1
185,1,1,1,0,1,1,1,0,0,0,0,1,1,1,0,1,1,0,0,0
186,1,1,1,0,1,1,0,1,1,1,1,0,1,0,0,1,1,1,1,1
187,1,0,0,1,0,1,0,1,0,1,0,1,0,1,0,0,1,1,1,0
188,0,1,0,0,1,1,1,0,0,0,0,1,1,1,1,0,0,1,1,0
189,1,0,1,0,1,0,0,1,0,0,0,0,1,1,1,0,0,1,1,1
190,0,1,0,1,0,0,1,0,0,0,0,1,0,1,1,1,0,0,0,0
191,1,1,0,1,0,1,1,0,1,0,0,0,0,1,0,1,0,1,1,0
192,1,1,1,0,0,0,0,1,1,0,1,0,1,0,0,0,1,0,0,0
193,1,1,1,0,0,0,0,1,0,0,0,0,1,0,0,0,0,0,0,1
194,1,0,1,1,0,1,1,0,0,0,1,1,1,0,1,1,0,1,0,0
195,1,0,1,0,0,1,1,1,1,1,1,1,0,0,1,0,1,1,0,1
196,1,1,1,1,0,0,1,1,0,1,1,1,0,0,1,0,0,0,1,0
197,1,0,1,1,0,1,1,0,0,0,1,0,1,0,0,0,0,0,1,0
198,1,0,1,1,1,0,0,1,1,0,0,1,0,0,1,0,0,1,1,1
199,0,0,1,1,0,1,1,1,0,1,0,0,0,0,0,0,1,1,1,0
200,0,0,1,1,0,1,1,0,1,1,0,0,1,1,1,0,0,1,1,0
201,1,1,0,0,0,0,0,1,1,1,1,0,1,0,1,1,0,1,1,1
202,1,1,1,1,1,1,0,1,1,0,1,1,1,0,1,1,0,1,1,0
203,0,1,0,0,1,1,1,1,0,1,0,0,0,0,0,0,1,1,1,0
204,1,1,0,1,1,0,1,0,1,0,1,1,1,0,0,1,0,0,0,1
205,1,0,1,0,0,0,0,1,1,0,0,0,1,0,0,1,0,0,0,1
206,1,0,0,0,1,1,1,1,1,0,0,0,0,0,1,0,1,0,1,0
207,0,1,0,0,0,0,1,1,1,0,0,1,0,0,0,0,0,0,1,1
208,0,0,1,0,0,0,1,1,0,0,1,1,1,0,0,1,0,1,1,1
209,1,1,1,0,0,1,0,1,0,1,0,0,1,0,1,1,1,0,1,0
210,0,0,1,1,0,1,1,0,1,0,1,0,0,0,1,0,0,0,1,1
211,0,0,1,1,1,1,1,1,1,0,0,1,0,0,1,1,0,1,1,1
212,0,0,1,0,0,0,0,1,0,1,1,0,1,0,0,0,0,0,1,0
213,1,0,1,0,0,0,1,1,0,1,1,0,1,0,0,1,1,1,1,0
214,0,0,1,1,1,0,0,1,0,1,0,1,1,1,0,0,1,0,1,0
215,0,0,0,1,0,1,0,1,1,0,0,1,0,0,0,0,0,1,1,0
216,0,1,1,1,0,1,1,1,0,0,0,0,0,0,1,0,1,0,0,0
217,0,0,1,0,0,1,0,1,0,0,0,0,0,0,0,1,0,1,1,0
218,1,0,0,1,0,0,1,0,1,1,0,1,1,0,1,0,0,0,1,0
219,0,0,1,1,0,0,0,1,1,0,0,1,0,0,0,1,0,0,1,0
220,1,0,1,1,0,0,1,1,1,1,1,1,0,0,0,1,0,0,1,0
221,1,1,0,0,0,0,0,1,0,0,0,1,1,1,0,1,1,1,1,1
222,1,1,1,1,0,0,0,0,1,0,0,1,0,0,1,0,1,0,1,1
223,0,1,1,1,0,0,1,1,1,0,0,1,1,0,1,0,0,0,0,0
224,1,0,1,0,1,1,0,0,0,1,1,1,0,1,0,1,1,1,1,1
225,1,0,1,0,0,1,1,1,0,1,0,1,0,0,1,1,1,1,1,0
226,1,1,1,1,1,0,0,0,1,0,0,0,0,0,0,0,1,0,1,0
227,1,0,0,0,0,0,0,1,0,0,0,1,0,0,0,0,0,0,1,0
228,0,1,1,0,1,0,0,1,1,0,1,0,0,0,1,1,0,1,1,0
229,0,0,1,0,0,1,0,1,0,0,1,1,1,1,1,1,1,0,1,0
230,1,1,1,0,0,1,0,0,1,1,1,1,0,0,1,1,0,1,0,1
231,1,0,1,0,0,1,1,1,1,0,0,0,0,0,1,1,0,0,1,1
232,0,1,1,0,1,1,1,0,0,1,0,0,0,0,1,0,1,1,0,0
233,1,0,1,0,0,0,0,0,1,0,0,1,0,0,0,1,0,0,0,1
234,0,1,0,0,0,0,0,0,0,0,0,0,1,0,0,0,0,1,1,0
235,1,0,0,0,0,1,1,1,1,0,1,0,1,0,0,0,0,1,1,0
236,1,0,0,1,0,0,0,1,0,1,1,1,0,1,1,1,0,1,0,0
237,1,1,1,1,0,1,0,0,1,0,1,1,0,0,0,0,0,1,0,0
238,1,1,1,0,0,0,0,0,1,0,0,0,0,0,0,1,1,0,1,0
239,0,1,1,0,0,0,1,1,1,1,1,1,0,0,1,0,0,1,1,0
240,1,1,1,1,0,0,0,0,0,0,1,0,1,1,0,0,0,1,1,0
241,1,0,0,0,0,1,0,0,0,1,0,0,1,1,1,1,0,1,1,0
242,1,0,0,0,0,1,1,1,0,1,0,1,0,0,1,0,1,1,1,1
243,1,0,1,0,0,0,0,0,0,0,0,1,0,0,1,0,0,1,1,0
244,1,0,1,0,0,0,0,1,0,1,1,0,0,0,1,1,1,1,1,0
245,1,0,0,0,0,1,1,0,1,0,0,0,0,1,1,0,0,1,0,0
246,1,1,0,0,1,0,1,1,0,0,1,0,0,1,1,0,1,1,0,0
247,0,0,1,1,1,1,0,0,1,0,0,0,0,0,1,0,0,0,1,0
248,1,1,1,0,1,1,0,1,0,0,0,1,0,0,0,0,0,1,1,1
249,1,1,0,0,0,0,1,0,1,0,1,0,0,0,0,1,0,1,1,0
250,1,1,0,0,1,1,1,1,1,1,1,0,1,0,1,0,1,1,1,1
251,0,1,1,1,1,0,1,0,1,1,0,0,0,0,1,0,0,0,1,0
252,1,0,1,0,1,0,0,0,1,0,0,0,0,0,0,0,0,1,1,1
253,1,0,0,1,0,1,0,0,0,1,0,0,0,1,1,1,1,0,1,0
254,0,1,1,0,0,0,1,1,0,1,1,1,0,1,1,0,0,0,0,0
255,0,0,1,0,0,1,1,1,0,1,0,1,1,0,0,0,0,0,1,0
256,0,1,1,1,0,0,0,0,1,0,1,1,1,0,0,0,0,1,0,0
257,0,1,1,0,0,1,1,1,1,0,0,0,1,0,1,0,0,1,1,0
258,1,0,1,0,0,0,1,1,0,0,0,1,1,0,1,1,1,0,1,1
259,1,1,0,0,0,0,0,1,1,1,1,0,0,0,0,1,0,1,0,0
260,1,1,1,0,1,0,0,0,1,1,0,1,0,0,0,0,0,1,1,1
261,0,1,0,0,1,0,0,1,1,0,0,0,0,0,1,1,1,1,1,0
262,0,1,1,1,0,0,1,1,1,1,0,0,1,0,0,0,0,0,0,1
263,1,1,1,1,1,1,1,0,0,0,0,1,1,1,0,0,0,1,0,0
264,1,1,0,0,0,1,1,0,0,1,1,0,0,0,1,0,1,1,1,0
265,0,1,0,1,0,0,1,1,1,1,0,1,1,1,1,0,0,1,1,0
266,0,1,1,1,0,1,1,1,1,1,0,1,1,0,0,0,0,0,0,0
267,1,0,0,1,1,1,1,1,1,0,1,1,0,0,0,0,0,0,1,0
268,0,0,0,0,0,0,0,1,1,0,1,1,0,0,0,0,1,1,1,1
269,1,0,1,0,0,1,1,1,1,0,0,1,1,0,0,0,0,0,1,0
270,0,1,1,1,0,1,0,0,1,0,0,1,0,1,1,1,0,0,1,1
271,0,1,1,1,0,1,0,0,1,0,1,1,1,0,0,0,0,0,1,0
272,0,0,1,0,1,0,1,0,0,0,0,1,0,1,0,0,1,1,1,0
273,0,0,1,0,0,0,1,0,0,0,1,0,1,1,1,0,1,1,1,0
274,0,1,0,0,0,1,0,0,1,0,0,1,1,0,1,0,0,1,0,0
275,0,0,1,1,0,0,0,0,1,0,0,1,0,0,1,0,1,0,0,0
276,1,0,1,1,0,0,1,0,0,1,0,0,0,1,1,1,1,0,1,1
277,1,0,1,0,1,1,0,0,1,0,0,1,1,0,1,0,0,1,0,0
278,1,0,0,0,0,1,0,1,1,0,0,0,0,1,0,0,0,0,1,0
279,1,0,1,0,0,0,0,1,0,0,0,1,0,0,1,0,0,1,1,0
280,1,0,1,0,1,1,1,0,0,1,0,0,0,1,0,0,0,0,1,1
281,1,0,1,1,0,0,0,0,0,1,0,0,1,0,0,0,0,0,0,1
282,1,1,1,0,1,1,0,1,0,0,0,1,0,0,1,1,0,1,1,1
283,1,0,1,1,0,0,0,1,0,0,1,0,1,1,1,0,1,1,0,0
284,1,1,1,0,1,0,0,1,1,1,0,0,1,1,0,0,1,0,0,0
285,1,1,1,1,0,1,1,1,1,0,0,1,1,0,0,1,1,1,1,1
286,1,1,1,0,0,0,0,0,0,0,0,1,0,1,1,0,0,0,1,0
287,1,0,0,0,1,0,1,1,1,0,0,0,1,0,0,0,0,1,0,0
288,1,1,0,0,1,1,0,1,0,0,0,1,1,1,0,0,0,0,0,0
289,1,0,1,1,0,0,0,1,1,1,1,0,0,0,0,0,1,0,0,0
290,1,1,1,0,1,1,0,0,1,1,0,1,0,1,0,0,0,1,0,0
291,1,0,1,1,0,1,0,0,0,0,1,1,1,0,1,1,0,1,0,0
292,1,0,0,0,0,1,0,0,1,1,1,0,0,0,1,0,0,0,1,0
293,1,1,0,1,0,1,0,0,1,0,0,1,0,0,0,1,1,0,1,0
294,0,1,1,0,1,0,0,1,1,0,1,0,1,0,1,0,1,1,0,0
295,1,1,1,0,0,0,1,0,0,1,1,0,1,1,0,0,0,0,1,1
296,1,0,0,1,0,1,0,0,1,0,0,0,0,0,1,0,0,0,1,1
297,1,0,0,1,0,1,1,1,0,0,0,0,1,0,0,1,1,1,0,1
298,1,0,1,0,1,0,1,1,1,1,0,0,1,0,0,0,1,1,1,0
299,0,0,1,1,1,0,0,1,0,0,0,1,0,0,1,0,1,0,0,0
300,0,0,0,0,0,1,1,0,0,1,0,1,0,0,0,1,1,1,1,1
301,1,1,1,0,0,1,1,1,0,1,0,0,0,1,0,0,0,1,1,0
302,1,1,1,0,1,1,1,0,0,0,0,0,0,0,1,1,1,1,0,0
303,1,1,1,0,0,0,0,1,0,1,0,1,1,1,0,0,0,1,1,1
304,0,1,1,1,0,1,1,1,0,1,1,0,1,0,0,1,0,1,0,0
305,1,0,1,1,0,1,0,0,0,0,0,1,0,0,1,1,1,1,0,1
306,0,0,1,0,0,1,1,0,0,0,1,0,1,0,1,0,0,1,1,0
307,1,0,1,1,0,0,1,0,0,1,0,0,0,0,0,0,0,1,0,0
308,1,1,1,0,1,0,1,1,0,0,0,0,1,0,1,0,0,1,0,0
309,0,0,1,0,1,0,0,0,1,0,1,1,1,0,0,1,0,0,1,0
310,1,1,1,0,1,1,1,0,1,1,0,1,0,1,1,0,0,1,1,0
311,0,1,1,0,1,0,1,1,0,0,0,0,0,0,0,0,1,0,1,1
312,0,1,1,1,0,1,1,0,1,0,0,1,1,0,0,0,1,1,1,0
313,1,1,1,0,1,1,0,1,1,1,0,1,0,0,0,0,1,0,1,1
314,1,1,1,1,1,0,0,1,0,0,0,1,0,0,1,0,1,0,1,0
315,1,0,1,1,1,0,1,1,1,0,1,1,0,0,0,0,0,0,0,0
316,0,1,0,0,0,0,1,0,0,1,1,0,0,0,0,0,1,1,1,1
317,0,1,1,0,0,1,1,0,1,1,0,0,0,0,0,1,1,0,1,1
318,1,0,1,1,0,0,1,0,0,0,1,1,0,0,0,1,0,1,0,1
319,1,0,0,1,0,0,0,1,0,0,0,1,1,1,0,0,0,0,0,1
320,0,0,1,0,0,0,1,1,0,0,1,0,0,1,0,1,0,0,1,1
321,0,1,1,0,0,0,1,0,0,0,0,1,1,0,1,0,0,0,1,0
322,1,1,1,1,0,0,1,1,0,1,0,1,0,0,0,0,1,1,0,0
323,0,1,1,0,1,0,0,0,1,0,0,1,1,1,1,1,0,1,1,0
324,1,1,1,0,0,0,0,1,1,0,1,1,1,0,0,0,1,1,0,0
325,1,0,1,0,0,1,1,1,0,1,0,0,1,0,0,0,0,1,1,1
326,1,0,1,1,0,0,0,0,1,0,0,1,0,0,0,1,1,0,0,1
327,1,0,0,0,0,1,1,1,1,1,1,0,1,0,1,0,1,1,0,0
328,1,1,1,0,0,1,0,0,0,0,0,0,0,0,1,1,0,0,0,1
329,1,1,1,1,0,1,1,0,1,0,0,1,0,0,1,0,1,0,0,0
330,1,0,1,0,1,0,1,0,0,0,0,0,0,0,1,0,0,1,1,1
331,1,1,1,0,1,1,1,0,1,0,0,0,1,1,0,0,1,0,0,0
332,1,0,0,1,0,0,1,1,1,0,0,0,0,0,0,1,1,1,1,0
333,1,0,1,0,1,0,1,0,1,0,1,0,0,0,1,1,1,0,1,0
334,0,1,1,1,0,1,1,0,1,1,0,1,1,0,0,1,0,0,1,1
335,1,0,1,0,0,1,1,0,1,0,0,0,0,0,0,0,1,0,1,0
336,1,0,1,0,0,0,0,1,0,0,0,0,0,0,1,0,0,1,0,1
337,1,0,1,0,0,0,1,1,0,1,1,1,0,1,1,0,0,1,1,0
338,0,1,1,1,1,1,1,0,1,0,0,0,0,0,0,0,0,0,0,0
339,1,0,0,1,0,0,1,0,1,0,1,0,0,1,0,0,1,1,1,0
340,1,1,0,0,1,0,0,1,1,0,0,0,1,1,0,0,0,1,1,0
341,0,1,0,0,1,0,1,0,0,0,0,0,0,0,0,0,0,0,1,0
342,1,0,1,0,1,0,0,1,0,1,0,0,1,0,0,0,0,1,1,0
343,0,1,1,1,1,0,0,0,1,1,1,1,1,0,0,0,1,1,1,1
344,1,0,1,0,0,0,0,1,0,1,0,0,0,0,1,1,0,0,1,0
345,1,0,1,0,0,0,1,1,1,0,0,1,1,0,1,1,0,0,0,1
346,1,1,1,0,0,0,1,0,1,1,1,1,0,0,0,0,0,1,1,1
347,1,0,1,1,1,1,1,1,0,0,0,1,1,0,1,1,0,0,1,0
348,1,0,0,1,0,0,0,1,0,0,0,0,0,0,1,0,0,0,0,0
349,1,0,0,1,0,0,0,1,1,0,1,1,0,1,1,0,0,1,1,0
350,0,0,1,0,1,0,0,1,0,1,0,0,1,1,0,0,1,1,1,0
351,1,0,1,0,0,1,1,1,0,1,0,1,0,0,1,0,0,0,1,0
352,0,1,0,0,0,1,1,1,1,1,0,1,1,0,0,1,1,0,1,0
353,0,0,1,0,0,1,1,1,1,0,0,1,1,1,0,0,0,1,0,0
354,1,1,1,0,0,1,1,1,1,0,0,1,0,1,0,0,1,0,1,0
355,1,0,0,0,1,1,1,1,0,1,0,1,1,1,0,0,0,1,1,1
356,1,1,1,1,0,1,1,1,0,1,1,0,1,1,0,1,0,0,1,0
357,0,0,1,1,1,0,0,1,1,0,0,0,1,0,0,0,0,0,1,0
358,0,0,1,0,0,1,0,0,1,1,1,0,0,0,1,1,1,1,1,0
359,0,0,0,0,0,1,1,1,0,1,0,0,1,1,0,1,0,1,1,0
360,0,1,1,0,0,1,0,1,1,0,0,1,0,0,1,0,0,1,1,1
361,0,0,1,0,1,0,0,1,0,0,1,0,0,1,0,0,0,0,1,1
362,0,0,1,1,0,0,1,1,0,1,0,1,0,0,1,0,0,1,1,0
363,0,0,1,0,1,1,0,0,1,1,0,0,0,1,1,0,1,0,1,1
364,1,1,1,1,0,1,1,1,0,0,0,0,0,0,0,0,0,1,1,0
365,1,0,1,0,1,1,0,0,1,0,0,1,1,0,0,0,0,1,1,0
366,1,0,0,0,0,0,0,0,1,0,0,1,0,0,0,0,0,0,0,1
367,1,0,1,0,0,0,1,0,0,0,1,1,1,0,1,0,0,1,1,0
368,1,0,1,0,0,1,0,0,0,0,1,1,1,1,0,1,1,0,1,1
369,1,0,1,0,0,1,1,1,1,0,0,1,0,0,1,1,0,0,0,0
370,1,0,1,0,0,1,0,0,1,0,0,0,0,1,1,0,0,1,1,1
371,0,1,1,0,0,0,1,1,0,1,1,0,0,0,0,0,0,0,0,0
372,0,0,1,0,0,1,1,1,0,0,0,1,1,0,1,0,0,0,1,0
373,1,1,1,0,0,1,1,0,0,0,0,0,1,0,0,0,0,1,1,1
374,1,1,1,0,0,1,0,1,0,0,0,0,1,0,1,0,1,0,1,1
375,1,0,1,0,1,1,1,1,0,1,1,1,0,1,1,0,1,1,0,0
376,1,0,0,1,1,0,1,1,0,0,0,1,1,0,0,0,0,1,1,0
377,1,1,1,0,1,1,1,1,1,0,1,1,0,0,0,0,0,0,0,0
378,1,0,1,0,0,0,0,1,0,1,1,1,0,0,0,1,0,0,1,0
379,1,1,1,0,1,0,1,1,1,0,0,1,0,0,0,0,1,1,1,0
380,1,0,0,1,0,0,0,1,0,1,0,1,1,0,0,0,0,0,1,1
381,1,1,0,0,0,0,1,1,0,1,1,0,0,1,1,1,1,1,0,1
382,0,0,0,0,0,1,0,1,0,1,1,0,0,0,1,0,0,1,0,1
383,1,1,1,0,1,0,1,0,1,0,0,0,0,0,0,0,1,0,1,0
384,1,0,0,1,0,0,1,1,1,1,0,1,1,1,0,0,0,0,0,0
385,0,1,1,0,1,0,1,0,0,1,1,1,0,0,0,1,0,1,1,1
386,1,1,1,1,0,1,1,1,0,0,0,0,0,0,0,0,0,1,1,0
387,0,0,0,0,0,1,1,0,1,1,1,0,0,1,0,0,1,0,1,0
388,1,0,1,0,1,0,1,1,0,0,1,0,0,0,0,0,0,0,1,0
389,1,0,0,1,0,0,0,1,0,0,0,1,0,1,0,1,0,0,1,1
390,0,0,1,1,1,0,0,0,1,0,0,1,1,0,1,1,0,1,0,1
391,1,0,1,1,0,0,0,1,1,0,0,1,1,1,1,0,1,0,1,1
392,0,0,0,0,0,1,1,1,0,0,0,0,1,0,0,0,1,1,1,1
393,1,0,1,1,0,1,0,1,0,1,1,1,0,0,0,1,1,0,1,0
394,1,0,1,1,0,1,0,1,0,1,1,0,0,1,0,0,0,1,0,0
395,1,1,1,0,0,1,1,0,1,0,0,0,0,0,0,0,0,0,1,0
396,1,0,1,0,0,1,0,0,1,0,0,0,1,0,0,0,1,1,1,0
397,1,1,1,0,1,1,0,0,1,0,0,1,1,0,0,0,0,1,1,0
398,1,0,1,0,0,0,1,1,1,0,0,0,0,0,0,0,1,1,1,0
399,1,1,0,0,0,1,0,0,0,0,0,0,1,0,0,0,0,0,1,0
400,1,0,1,1,0,0,1,1,0,0,1,1,0,0,0,0,0,1,0,1
401,1,0,0,1,0,1,0,1,0,0,1,0,0,0,0,0,0,0,0,0
402,1,1,0,1,1,0,0,0,1,0,0,1,1,0,0,0,0,0,1,0
403,1,0,0,0,0,1,1,1,1,0,0,1,0,0,0,0,1,1,1,0
404,0,0,1,1,0,0,0,0,1,0,1,0,0,0,0,0,1,1,0,0
405,0,1,0,0,0,1,1,1,1,0,0,1,1,0,1,0,0,0,1,0
406,1,1,1,0,0,1,0,1,1,1,1,1,0,1,0,0,0,0,1,1
407,1,0,1,0,0,0,1,0,1,0,1,1,0,0,0,0,0,0,1,1
408,1,0,1,0,0,0,1,0,1,0,0,1,1,1,1,0,0,1,1,0
409,1,1,1,0,0,1,0,0,1,1,0,0,1,0,0,0,1,0,1,1
410,1,1,1,0,0,0,0,0,0,0,0,0,1,0,0,1,1,0,1,1
411,1,1,1,1,1,0,1,1,0,0,0,0,0,0,0,0,0,1,1,1
412,1,1,1,1,0,1,0,1,1,0,1,0,0,0,0,1,1,1,0,1
413,1,1,1,0,0,1,0,1,0,0,0,1,0,0,1,0,0,1,0,0
414,0,0,1,0,0,1,1,1,1,1,1,1,0,0,0,1,0,1,1,0
415,1,1,1,0,0,0,1,1,1,0,0,0,0,0,0,1,0,1,1,0
416,1,0,1,0,1,1,0,0,1,0,0,0,0,0,1,0,0,0,1,0
417,0,0,0,0,1,1,0,0,0,0,0,1,1,1,1,1,0,1,0,0
418,0,0,0,0,0,1,0,1,0,0,1,1,1,0,1,0,0,0,1,0
419,1,0,1,1,0,0,0,1,0,1,0,0,0,1,0,0,0,0,0,1
420,0,1,1,0,0,1,1,1,0,1,1,1,1,0,1,1,1,0,1,0
421,0,0,1,0,1,0,1,1,0,0,0,1,1,0,0,0,0,0,1,1
422,0,0,1,1,0,1,1,1,1,0,0,1,0,0,0,0,0,1,0,1
423,0,0,1,1,0,1,1,0,0,0,0,1,1,0,0,0,1,0,1,0
424,1,1,1,1,0,0,1,1,0,1,1,0,1,0,0,0,1,0,1,1
425,0,1,1,0,0,1,1,1,0,0,0,0,0,1,0,0,0,0,1,0
426,0,0,1,0,0,1,1,1,1,0,0,0,1,0,0,0,0,0,1,0
427,1,1,1,0,0,1,0,1,1,0,0,1,0,1,0,0,0,0,0,0
428,0,0,1,1,1,1,0,0,1,1,1,0,0,0,1,0,1,1,0,0
429,1,0,1,0,0,0,0,0,1,0,1,0,0,0,1,0,0,0,1,0
430,1,0,1,1,0,1,1,0,1,1,1,1,0,0,0,1,0,0,1,1
431,1,0,1,0,1,0,0,0,1,0,0,1,1,0,0,1,0,0,0,0
432,0,0,0,1,1,0,0,1,1,0,1,0,0,0,0,0,1,1,1,1
433,1,0,0,0,0,1,0,1,0,0,1,1,0,0,0,0,0,1,0,0
434,0,0,1,1,1,1,0,1,1,0,0,0,0,1,0,0,0,0,0,0
435,0,1,1,1,0,0,1,1,1,1,1,1,0,0,0,0,1,0,0,1
436,1,0,0,1,0,1,1,1,0,0,0,0,0,1,0,0,0,1,1,0
437,1,0,1,0,0,1,0,1,0,0,0,1,0,0,0,1,0,0,0,1
438,1,1,1,0,1,1,1,1,0,0,0,1,0,0,0,1,0,0,1,0
439,1,1,0,1,0,0,1,0,1,0,0,0,0,0,0,0,0,1,1,1
440,1,0,1,0,0,1,0,0,0,0,0,0,0,0,1,1,1,0,0,0
441,1,1,0,1,1,1,1,0,0,0,0,0,0,1,1,0,0,0,0,1
442,1,0,0,0,0,1,1,1,1,0,0,0,1,1,0,0,1,0,0,1
443,1,1,1,1,0,0,0,1,0,0,0,0,0,1,1,0,0,0,1,0
444,1,0,1,0,0,0,0,1,1,0,1,1,0,0,1,0,0,1,1,1
445,0,0,0,1,0,1,1,0,1,0,1,1,1,1,1,0,1,1,1,1
446,1,1,0,0,0,0,0,1,0,1,0,1,1,0,1,0,1,0,1,0
447,0,1,1,0,1,1,1,1,0,0,1,0,1,0,1,0,1,1,1,0
448,0,0,1,1,0,0,1,0,1,0,0,1,0,0,1,1,1,0,1,0
449,0,1,1,0,0,1,0,0,0,0,0,0,0,0,1,0,1,0,0,0
450,1,0,0,1,1,1,0,1,0,0,1,0,0,0,0,0,0,1,1,0
451,1,1,1,0,0,0,1,1,0,0,0,0,1,1,0,1,0,0,1,0
452,1,0,1,1,0,0,0,1,0,0,1,1,0,0,1,0,1,1,1,0
453,0,1,1,0,0,1,0,0,0,1,0,0,0,1,0,1,0,0,1,0
454,0,1,0,0,0,1,1,1,1,0,0,0,0,0,1,0,1,1,1,0
455,0,1,1,1,0,1,0,1,1,1,1,0,1,0,1,0,1,1,1,0
456,1,0,1,1,1,1,0,0,1,0,0,0,0,0,1,0,1,0,1,0
457,0,1,1,0,0,0,1,0,0,0,0,1,0,0,1,0,1,1,1,0
458,0,0,1,1,0,0,1,0,0,0,1,1,0,0,0,0,0,1,0,0
459,1,0,1,0,1,1,1,1,0,0,0,0,0,0,1,0,0,0,1,0
460,1,0,1,1,0,0,1,0,0,0,0,0,0,0,0,0,0,1,1,0
461,0,1,1,1,0,0,1,1,0,0,1,1,0,0,0,0,1,1,1,0
462,1,0,1,1,1,0,1,1,0,0,0,1,0,0,1,0,0,1,1,0
463,1,1,0,0,0,1,0,1,0,1,0,1,1,1,0,0,0,1,1,0
464,1,0,0,0,0,1,1,1,0,1,0,1,0,0,0,1,0,1,0,0
465,1,0,1,0,0,1,0,1,1,0,0,0,0,0,1,0,0,1,0,1
466,1,0,0,0,0,0,1,0,0,1,1,0,0,1,0,0,1,1,0,1
467,0,0,1,1,0,1,1,0,0,0,0,1,0,1,0,0,1,1,1,0
468,1,1,1,0,0,1,0,1,1,0,0,0,0,0,0,1,0,0,1,0
469,1,1,1,0,0,1,1,1,1,0,1,0,1,0,0,0,0,1,0,0
470,1,0,1,0,0,0,1,1,0,1,0,0,1,1,0,1,1,0,1,1
471,1,0,1,1,0,0,1,1,1,0,0,1,1,0,0,0,0,1,1,0
472,1,0,1,0,1,0,0,1,0,0,0,0,0,0,0,1,0,1,1,1
473,0,0,1,1,0,0,1,1,0,0,1,0,1,0,0,1,1,0,1,0
474,0,0,1,1,0,1,1,1,1,0,0,0,1,0,1,1,0,0,1,0
475,1,0,1,0,0,0,0,1,0,0,0,0,0,0,1,0,1,1,1,0
476,1,0,1,0,0,0,1,1,1,0,1,0,0,1,1,0,0,0,1,1
477,1,1,1,1,0,1,0,0,1,0,1,0,1,1,0,1,0,1,1,0
478,1,1,1,0,0,0,1,0,0,0,1,0,0,1,1,0,0,1,1,0
479,1,0,1,1,0,1,0,0,0,0,1,1,0,0,1,0,1,0,1,0
480,0,0,0,1,0,1,0,1,0,0,0,0,0,0,0,0,0,0,0,0
481,0,0,1,1,0,1,1,1,1,1,0,1,1,0,0,0,0,0,0,0
482,1,0,0,1,0,0,0,0,0,1,0,0,0,0,1,1,0,0,1,0
483,0,0,1,1,0,0,1,1,0,0,0,0,1,0,0,0,0,1,1,1
484,0,1,1,1,0,0,1,0,1,1,1,1,0,1,0,0,0,1,1,0
485,1,0,1,0,0,0,0,1,1,0,1,1,1,0,0,0,1,1,1,0
486,0,0,0,1,0,1,1,1,0,0,0,1,1,0,0,0,0,0,1,1
487,1,1,1,0,1,0,1,1,1,0,1,0,0,1,0,0,1,0,1,1
488,1,1,1,0,0,0,0,1,1,0,1,0,1,0,1,0,0,0,1,0
489,1,1,1,0,1,1,1,1,0,1,0,1,0,0,0,0,0,1,1,0
490,1,1,0,1,0,0,1,0,1,1,0,1,0,0,0,0,0,1,1,0
491,1,0,1,1,0,0,0,1,1,0,1,0,1,1,0,1,0,1,0,1
492,1,1,0,0,1,0,1,0,0,0,1,0,1,0,0,1,0,1,0,0
493,1,1,1,0,0,0,0,0,1,0,1,1,0,0,1,0,0,0,1,1
494,1,1,0,0,0,0,1,0,0,0,0,0,1,0,1,0,0,0,0,0
495,1,1,0,0,1,1,1,1,1,0,0,0,1,0,0,1,1,0,0,0
496,1,1,1,1,0,1,0,0,0,0,0,1,1,0,1,1,1,1,1,0
497,1,1,1,0,0,1,0,0,1,0,0,0,0,0,1,0,0,1,1,0
498,1,0,0,0,1,1,1,1,1,1,0,0,1,0,0,1,0,0,1,0
499,1,1,1,0,0,0,1,0,1,1,0,0,1,1,0,1,0,0,1,0
500,1,1,1,0,0,1,0,1,1,0,0,1,0,0,1,1,1,0,1,0
501,1,0,1,0,0,0,0,0,0,0,1,0,0,0,0,0,0,1,1,1
502,1,1,0,0,0,1,0,0,0,1,0,0,0,0,1,0,1,0,1,1
503,0,1,1,1,0,0,1,1,0,0,1,1,0,1,0,0,0,1,1,0
504,0,1,1,0,0,0,1,1,0,1,0,1,0,1,1,0,0,1,1,1
505,1,0,1,0,1,0,0,1,1,0,0,0,0,0,0,0,0,0,1,0
506,1,0,0,1,0,1,1,1,0,0,0,0,0,0,0,0,1,1,1,0
507,1,0,1,0,0,0,1,1,0,1,0,0,1,1,0,0,1,1,1,0
508,0,1,1,1,0,1,1,0,0,0,0,1,1,0,0,0,0,0,1,0
509,1,1,1,1,0,0,0,1,1,0,0,0,0,0,1,1,0,0,1,1
510,1,1,0,0,0,0,0,0,0,1,1,0,0,0,0,0,0,0,1,1
511,1,0,1,0,0,1,1,1,0,1,0,1,0,0,0,0,1,0,1,0
512,1,1,0,0,0,0,0,0,1,0,1,1,1,1,1,0,0,0,1,1
513,1,0,0,0,1,0,1,1,0,1,1,1,0,0,0,0,0,1,0,0
514,1,1,1,0,0,1,0,1,1,0,1,1,1,1,0,1,0,0,1,1
515,1,1,1,0,0,0,1,0,0,1,0,1,0,1,0,0,0,1,1,1
516,0,1,0,0,0,1,0,1,1,0,0,1,0,1,0,0,0,1,1,1
517,0,0,1,0,0,1,1,0,1,1,0,1,0,1,1,0,0,1,1,1
518,1,1,0,1,1,0,0,1,0,1,1,1,0,0,0,1,0,1,1,0
519,0,0,1,0,0,1,1,1,0,1,0,0,1,0,0,0,0,1,1,0
520,1,1,1,1,0,1,1,0,1,1,1,1,0,1,0,0,1,0,0,0
521,0,0,0,0,0,1,0,1,1,0,0,1,1,1,0,1,0,1,1,1
522,1,0,1,0,1,0,1,1,1,0,0,0,0,0,1,0,0,0,1,1
523,1,0,0,0,0,0,0,0,0,0,1,1,1,0,0,0,0,1,0,1
524,1,1,1,0,1,1,1,0,1,0,1,0,0,0,1,0,1,0,1,1
525,0,1,1,0,0,0,0,1,0,0,0,0,1,1,0,1,1,1,1,1
526,1,0,1,0,1,0,1,1,1,1,1,0,1,0,1,0,0,0,0,0
527,1,1,1,1,0,1,1,0,1,1,1,1,0,0,1,1,1,0,1,0
528,1,1,1,0,0,0,0,0,0,0,0,1,0,0,0,0,0,1,0,1
529,1,1,1,0,0,1,0,0,0,0,0,1,1,0,1,0,0,0,0,1
530,1,1,1,0,0,1,1,0,1,0,0,1,0,1,1,0,0,0,0,0
531,0,0,1,0,0,1,0,1,0,0,0,0,0,0,1,0,0,0,1,0
532,1,0,1,0,0,0,1,0,0,1,1,0,0,0,1,0,0,0,0,0
533,0,1,1,0,0,1,0,1,1,0,0,0,1,1,0,0,1,1,1,1
534,1,0,1,1,0,1,1,1,1,1,0,1,0,0,0,0,1,1,1,1
535,1,1,1,1,1,0,0,1,1,1,1,1,0,0,0,0,0,0,1,1
536,0,0,1,0,0,0,0,0,1,1,0,1,0,1,0,1,1,1,1,0
537,1,1,1,0,0,0,0,1,0,1,0,0,0,0,0,1,0,1,1,0
538,1,1,1,0,1,0,1,1,1,0,0,0,0,0,1,0,0,1,0,1
539,0,1,1,1,0,1,0,1,0,0,1,0,1,1,1,0,1,0,0,1
540,0,0,0,1,1,1,1,0,0,0,1,1,0,0,0,0,0,1,1,1
541,1,1,1,1,1,1,1,0,0,1,1,0,1,0,1,0,0,1,1,1
542,1,1,1,0,1,1,0,0,0,0,0,1,1,0,0,0,1,1,1,0
543,0,1,0,0,1,1,0,0,0,1,0,1,1,0,0,0,1,0,0,0
544,0,1,1,1,0,1,1,0,0,0,1,0,1,1,1,0,1,1,1,0
545,1,0,1,1,0,0,0,0,0,0,0,1,0,1,0,0,0,1,1,0
546,0,0,1,0,0,0,1,1,1,0,0,0,0,0,0,1,0,0,0,0
547,0,1,1,0,1,1,0,0,1,0,1,0,1,0,1,1,1,1,0,0
548,1,0,1,0,0,0,1,1,0,0,1,0,0,0,0,0,1,0,0,0
549,0,0,1,0,0,1,1,0,0,0,0,1,1,0,1,0,1,1,1,1
550,1,0,1,0,0,1,1,0,1,1,0,0,0,0,1,0,1,0,0,1
551,1,1,1,0,0,0,1,1,1,0,1,0,0,0,0,1,0,0,1,1
552,1,0,0,0,1,0,0,0,1,0,0,1,0,0,0,0,0,1,1,0
553,1,1,1,1,0,1,0,0,1,1,0,1,0,0,0,0,1,1,1,1
554,1,0,0,1,0,1,1,1,1,0,0,1,0,0,1,0,1,1,0,0
555,1,1,1,0,0,1,0,1,1,0,0,1,1,0,0,0,0,1,1,0
556,1,0,1,1,1,1,0,0,0,0,1,0,1,0,0,0,0,0,1,0
557,0,0,1,1,0,1,0,0,0,0,0,1,0,0,0,0,0,0,1,0
558,1,0,0,1,0,0,1,0,1,0,0,0,1,1,1,0,0,1,1,0
559,0,1,1,1,0,1,0,0,0,1,1,0,0,1,0,1,0,0,1,0
560,0,1,0,0,0,0,1,0,1,0,1,0,0,0,1,0,0,1,1,0
561,0,1,1,0,0,0,0,0,1,0,1,1,0,0,1,1,1,0,1,0
562,0,0,1,1,0,0,0,0,0,1,1,0,0,0,1,1,0,1,0,0
563,1,1,1,0,1,0,0,1,1,1,1,0,0,0,0,0,1,0,1,0
564,0,0,0,0,0,0,1,1,0,0,1,0,0,0,0,0,1,0,1,0
565,1,0,1,1,0,0,0,1,1,1,1,1,0,0,0,0,0,0,0,0
566,1,1,0,1,0,1,0,1,1,0,0,0,0,1,0,0,1,0,1,0
567,1,1,1,1,0,1,0,0,1,1,1,1,1,0,1,1,0,1,1,0
568,0,0,1,0,0,0,1,0,0,0,0,1,1,0,0,1,0,1,1,0
569,1,1,0,1,0,1,0,1,1,0,0,0,1,0,0,1,0,0,1,0
570,0,0,0,0,0,1,0,1,1,0,1,1,1,0,0,0,0,0,1,1
571,1,1,0,1,1,1,0,1,0,0,1,0,1,0,0,0,1,1,0,1
572,0,0,1,0,0,0,1,1,0,0,1,1,0,1,0,1,0,0,0,0
573,1,0,1,1,0,0,0,1,0,1,0,0,0,0,0,0,1,1,0,0
574,1,1,1,1,0,0,0,0,0,0,1,1,1,0,0,1,0,0,1,0
575,1,0,0,0,0,1,1,1,1,0,0,1,1,0,0,0,1,1,1,0
576,1,1,1,0,0,1,0,1,1,1,1,1,0,0,1,1,1,0,1,0
577,0,1,1,0,0,0,0,1,1,0,0,0,0,0,0,1,0,0,0,0
578,1,0,1,0,0,1,1,1,1,0,0,0,0,0,0,0,0,0,0,0
579,1,1,0,0,0,1,0,1,1,1,1,1,0,1,0,0,0,0,1,0
580,1,0,1,0,0,0,1,1,1,0,1,0,1,1,0,0,1,0,0,1
581,0,0,0,0,0,0,1,1,0,1,0,0,1,0,0,0,0,1,1,0
582,1,0,1,1,0,0,1,1,1,0,1,1,1,0,0,1,0,1,1,0
583,1,1,1,1,0,1,0,0,1,1,1,0,1,0,1,0,1,1,0,0
584,1,1,1,1,0,0,1,1,0,0,1,0,0,1,0,0,1,1,1,0
585,1,1,1,1,0,1,1,1,1,1,0,1,1,0,1,0,0,0,1,1
586,1,1,0,1,1,0,0,1,0,0,1,1,1,0,1,1,0,0,1,1
587,1,0,1,0,1,0,0,1,0,0,0,1,0,0,0,1,1,1,1,0
588,1,0,0,0,1,1,1,0,1,0,1,0,0,0,0,1,1,0,1,0
589,1,1,1,0,0,0,1,0,0,0,1,0,1,0,0,0,0,0,1,0
590,1,0,1,0,0,1,0,1,0,0,1,0,0,0,1,0,0,1,1,0
591,0,1,0,1,0,1,1,0,1,0,0,0,1,0,1,0,1,0,1,0
592,0,0,1,1,0,0,1,1,0,0,0,0,0,0,0,0,1,0,0,0
593,1,0,1,0,1,1,1,0,1,0,1,1,0,0,0,1,1,0,0,0
594,0,1,0,1,1,1,1,0,0,0,0,1,1,0,0,1,0,1,1,1
595,1,1,0,1,1,1,1,0,0,1,0,1,0,0,0,1,0,0,1,0
596,0,0,0,1,0,0,1,0,0,0,0,0,1,1,1,1,1,0,1,0
597,0,0,1,0,0,1,0,1,1,0,0,1,1,0,0,0,0,0,0,1
598,1,1,1,1,0,1,0,0,0,0,0,0,1,1,1,0,0,0,1,0
599,1,0,0,0,0,0,1,1,0,0,1,0,0,0,0,0,0,1,1,0
600,1,1,1,1,0,0,1,1,0,1,0,0,1,0,1,0,1,0,1,1
601,1,0,1,0,1,1,1,0,1,1,1,0,0,1,0,1,0,0,0,0
602,1,1,1,0,0,0,1,0,1,0,1,0,1,0,1,0,0,1,1,0
603,0,0,1,0,1,0,1,1,1,0,1,1,1,0,0,0,1,0,1,1
604,0,1,1,1,0,1,0,1,1,0,0,1,1,1,0,0,1,0,1,0
605,1,1,1,0,0,0,1,0,0,1,0,0,0,0,0,1,1,1,0,0
606,1,1,1,0,1,0,0,1,1,0,0,1,0,0,0,0,0,0,1,0
607,1,0,0,0,0,0,0,1,0,0,0,0,0,0,0,0,1,0,1,1
608,1,1,1,0,0,0,1,0,1,0,1,0,1,0,0,0,0,1,0,1
609,0,0,1,0,0,1,1,1,0,0,0,0,0,0,0,1,1,0,0,0
610,0,0,1,1,0,0,1,1,1,0,1,1,1,1,0,0,1,0,1,1
611,1,1,1,0,1,0,1,1,1,0,1,0,0,0,1,1,0,0,1,0
612,0,0,0,0,1,0,1,1,0,0,0,1,0,1,1,1,1,1,0,1
613,0,0,1,0,0,1,1,0,1,0,0,0,1,0,0,1,0,1,1,1
614,0,1,1,1,0,1,1,1,1,0,1,1,0,0,1,0,1,0,1,1
615,1,1,1,0,0,0,0,0,1,0,0,1,0,0,0,0,0,1,0,1
616,1,1,1,1,0,0,0,0,1,0,0,0,0,0,1,0,0,0,1,0
617,1,1,0,0,1,1,1,0,0,0,1,1,1,0,0,0,0,1,1,0
618,1,0,0,1,0,0,0,0,1,1,0,0,0,1,0,0,0,0,1,0
619,1,1,1,1,0,0,1,1,1,0,0,0,0,1,1,0,0,1,1,1
620,1,1,1,0,0,0,0,1,0,0,0,0,0,1,1,0,1,1,0,1
621,1,1,0,0,0,0,1,1,0,0,0,0,0,0,0,0,0,1,1,0
622,1,1,1,0,1,1,1,0,1,0,1,0,1,1,0,0,0,0,0,1
623,1,1,1,0,0,0,0,0,0,1,0,0,0,0,0,0,0,0,0,0
624,0,1,1,1,1,0,1,1,1,0,0,0,1,1,0,1,0,1,1,0
625,1,0,1,0,0,1,1,1,0,1,0,0,0,0,0,0,0,0,1,1
626,1,0,1,1,1,1,1,1,1,1,0,1,0,0,0,1,0,0,1,0
627,0,0,0,1,0,1,0,0,0,1,0,0,1,0,0,1,1,1,0,0
628,0,0,1,1,0,1,0,1,0,0,1,0,0,0,0,0,0,0,1,0
629,1,1,1,1,0,0,0,1,0,0,1,0,1,0,1,0,0,0,1,0
630,1,0,1,1,0,0,0,0,1,0,0,1,0,0,0,0,0,0,1,0
631,0,1,1,0,1,1,0,0,0,1,0,0,1,0,1,0,0,0,1,0
632,1,1,1,0,1,1,0,0,1,0,1,1,0,0,1,1,1,1,1,0
633,1,0,1,1,1,1,1,0,1,0,0,1,0,0,1,0,1,0,0,1
634,0,0,1,1,0,1,1,1,0,1,0,0,0,0,1,0,1,0,1,0
635,0,1,0,0,0,0,0,0,0,0,0,0,1,1,0,1,1,1,1,1
636,1,0,0,1,1,1,1,0,1,0,0,0,1,0,0,0,1,0,1,0
637,1,0,1,1,1,0,0,0,1,0,0,0,1,1,0,0,0,1,1,1
638,1,0,1,0,0,0,1,1,0,0,1,0,1,0,1,0,0,0,1,0
639,1,0,1,0,0,0,1,0,0,0,0,0,0,0,1,1,0,0,0,0
640,1,0,1,0,0,0,0,1,0,0,1,1,0,1,1,1,0,0,1,0
641,0,1,0,1,1,1,0,0,0,0,0,0,1,0,1,0,1,0,1,0
642,1,1,0,0,0,1,0,0,0,0,0,1,1,1,1,1,1,1,0,1
643,1,1,1,0,0,0,1,1,1,0,0,0,1,1,1,1,0,0,1,1
644,1,1,0,1,0,0,0,0,0,0,1,1,1,0,0,0,0,1,1,1
645,1,1,0,0,1,1,0,1,0,0,1,1,1,1,1,0,0,0,0,1
646,0,0,1,1,0,1,0,0,0,1,1,0,0,1,1,1,1,0,0,1
647,1,0,1,0,1,1,0,0,0,1,0,1,0,0,1,0,0,1,0,1
648,1,0,1,1,0,0,1,0,1,1,0,0,0,1,1,0,1,1,1,0
649,1,1,1,1,0,1,1,1,0,0,1,1,1,0,1,0,0,1,1,0
650,1,0,0,1,0,1,1,0,1,0,0,0,0,0,1,1,1,1,1,0
651,1,1,0,0,0,0,0,1,0,1,1,1,0,0,1,1,0,1,1,1
652,1,0,0,1,1,1,0,1,1,0,1,1,1,0,0,1,1,1,0,0
653,1,0,1,1,0,1,0,1,0,1,1,0,0,1,0,0,1,1,1,0
654,1,0,1,1,0,0,0,1,0,0,0,0,0,0,0,0,1,0,0,0
655,0,0,0,0,1,0,1,1,0,0,0,0,0,0,0,0,0,1,1,0
656,1,1,1,1,0,1,0,0,0,0,0,1,1,0,0,0,0,0,1,0
657,1,0,1,1,1,1,1,1,0,0,0,0,0,0,0,0,0,0,0,0
658,1,0,1,0,0,1,1,0,0,1,0,1,1,1,1,0,1,0,1,0
659,1,0,0,1,1,1,1,1,0,1,0,0,0,0,0,0,0,0,1,0
660,0,1,0,0,0,0,1,1,0,0,1,1,0,0,0,1,0,0,1,0
661,0,0,1,1,0,0,0,0,0,1,0,0,0,0,1,0,1,0,1,0
662,1,0,1,1,0,0,1,0,1,0,0,0,0,1,0,0,1,1,1,0
663,1,0,1,0,0,1,0,1,1,1,1,1,0,0,0,0,0,1,1,0
664,1,0,1,0,0,1,0,0,0,0,1,1,1,1,0,0,0,1,0,1
665,0,1,1,0,0,0,1,1,0,0,0,1,1,0,0,0,1,0,0,1
666,0,1,1,0,0,1,0,1,1,0,1,1,0,1,0,0,0,0,1,0
667,0,1,1,0,0,1,1,1,0,0,1,0,0,0,0,1,0,0,1,1
668,1,1,1,1,0,1,1,1,1,0,0,0,0,0,1,0,0,0,0,1
669,1,1,1,0,0,1,1,0,1,0,0,0,0,0,1,0,0,1,1,0
670,0,0,1,0,0,1,1,1,1,0,0,0,1,1,1,0,0,1,1,1
671,1,0,1,0,0,1,1,0,0,0,0,1,0,0,0,0,0,1,1,0
672,1,0,1,1,0,0,1,0,1,0,0,1,0,1,0,0,0,1,1,0
673,0,0,1,0,0,0,0,1,1,0,1,1,0,1,1,0,1,0,1,0
674,1,1,1,0,0,0,0,0,0,1,1,1,0,0,0,1,1,0,0,1
675,0,1,1,1,0,0,0,1,0,1,1,0,1,0,1,1,0,0,1,0
676,1,0,0,1,0,1,0,0,0,0,1,0,0,0,1,0,1,1,1,1
677,0,0,0,0,1,1,1,1,0,0,0,1,0,1,1,0,0,0,1,0
678,1,1,1,0,0,1,0,0,0,1,0,0,0,0,0,1,0,0,0,0
679,1,1,1,0,0,1,1,0,0,0,0,0,0,1,0,1,0,0,1,0
680,0,0,1,0,0,1,1,1,0,0,0,0,1,1,1,1,0,0,1,0
681,0,0,1,0,1,1,0,0,0,1,0,1,0,0,0,0,0,1,1,1
682,1,0,0,0,0,1,1,1,0,0,0,1,0,1,0,0,0,0,1,1
683,0,0,1,1,0,0,0,0,1,0,0,0,1,0,1,1,1,0,1,0
684,1,0,1,0,0,1,0,1,0,0,0,0,1,0,0,0,0,0,0,0
685,0,1,1,0,0,0,0,0,0,0,0,1,0,1,0,0,1,1,1,0
686,1,0,1,1,0,0,0,1,0,0,0,1,0,1,1,0,0,0,1,0
687,1,0,1,0,1,0,0,0,0,1,0,0,0,0,1,1,0,1,1,0
688,1,1,1,0,0,0,1,1,1,0,0,1,0,1,0,0,0,1,1,1
689,0,1,1,0,0,0,0,0,0,1,0,1,0,0,1,1,0,1,0,0
690,1,1,1,1,1,0,0,1,1,1,0,1,1,0,0,0,0,0,1,0
691,1,1,1,0,0,0,1,1,1,0,0,1,1,0,1,1,1,1,1,0
692,0,1,1,1,1,1,0,0,1,0,1,0,1,0,0,0,0,1,1,1
693,1,0,1,1,0,0,1,1,0,1,1,0,0,0,0,1,0,0,1,1
694,0,1,0,0,1,1,0,1,0,1,0,1,0,1,0,1,1,0,0,0
695,1,1,1,1,1,1,0,1,0,1,0,0,0,0,0,0,1,1,1,0
696,1,1,1,0,0,0,1,0,0,1,1,0,0,0,1,0,1,1,0,1
697,1,1,1,1,0,0,0,1,0,0,1,1,0,0,1,0,1,0,1,1
698,1,0,1,0,0,1,0,0,1,0,0,1,1,0,0,1,1,0,1,0
699,1,1,1,1,1,0,0,0,0,0,0,0,0,0,0,0,0,0,1,0
700,0,0,0,1,0,1,1,0,1,0,0,1,0,0,1,0,1,0,0,0
701,1,1,1,0,1,1,0,1,0,0,1,0,0,0,0,0,1,0,0,1
702,1,1,1,0,0,0,1,0,0,1,1,1,1,0,1,0,1,1,1,1
703,0,1,1,0,0,1,1,1,1,0,0,1,0,1,0,1,0,0,0,0
704,1,1,1,0,0,1,1,0,0,0,1,0,0,0,0,0,1,0,1,1
705,1,1,1,0,0,1,0,0,1,0,1,0,1,0,1,1,0,0,0,0
706,0,1,1,0,0,0,0,1,0,1,0,0,0,1,0,0,0,1,1,0
707,1,0,1,1,0,1,0,0,1,0,0,1,1,0,0,0,0,1,1,0
708,1,0,1,0,0,1,0,0,1,0,1,0,0,1,1,0,1,0,0,1
709,1,0,0,1,1,1,0,0,1,1,1,1,1,1,0,0,0,1,1,0
710,1,1,0,1,1,0,1,1,0,0,1,1,1,1,1,0,0,1,1,1
711,0,0,1,0,0,0,0,1,1,1,1,1,0,1,1,0,0,1,0,1
712,0,1,1,0,1,0,0,1,1,0,0,0,0,1,0,0,1,0,1,1
713,0,1,1,0,0,1,0,1,1,1,1,0,1,0,1,1,0,1,1,0
714,1,0,1,0,0,1,1,0,0,0,0,0,0,0,0,1,0,0,1,0
715,1,0,1,0,1,1,0,0,0,0,0,0,0,0,1,0,0,1,0,1
716,0,0,1,0,0,0,1,1,1,0,0,1,0,0,1,0,0,0,1,0
717,1,0,1,0,1,0,1,0,1,1,1,0,1,0,1,0,0,0,1,0
718,1,1,1,0,0,0,0,0,0,1,0,1,1,0,1,0,1,0,0,0
719,1,0,1,0,1,1,1,1,0,0,0,0,1,0,0,1,0,1,1,0
720,0,0,1,0,1,1,0,1,1,0,0,0,0,1,0,0,0,1,1,0
721,1,0,1,0,0,1,1,1,0,0,0,1,1,0,0,0,1,0,1,1
722,1,0,1,1,0,0,1,0,1,0,0,1,0,1,0,0,0,0,1,1
723,1,1,1,0,0,1,1,0,0,1,1,0,1,0,0,0,0,1,0,0
724,1,0,1,0,0,1,0,0,1,0,0,0,1,0,1,0,1,0,1,0
725,0,1,1,1,0,0,1,1,0,0,0,1,1,0,1,1,1,1,0,1
726,0,1,1,0,0,0,0,1,0,0,0,0,1,0,0,1,0,1,0,1
727,1,0,0,1,0,0,0,1,1,0,1,1,0,0,1,0,1,1,1,0
728,1,0,1,0,0,0,1,1,0,0,0,1,0,1,0,0,0,0,1,0
729,1,0,1,1,1,1,0,1,0,0,1,0,0,0,0,0,0,1,1,0
730,0,1,1,0,0,1,1,1,0,0,0,1,1,1,0,0,1,1,1,0
731,0,0,1,1,0,1,0,1,0,0,1,1,1,0,0,1,0,0,1,0
732,0,0,1,1,0,0,0,1,1,0,1,1,0,0,0,0,0,1,1,0
733,0,0,1,1,0,0,1,1,1,0,1,1,0,1,0,0,0,0,0,0
734,1,1,0,0,1,0,1,1,0,1,1,1,1,0,0,0,0,0,1,0
735,0,0,0,1,0,0,1,0,0,0,1,1,0,0,0,0,0,0,1,1
736,1,1,1,1,0,0,1,0,1,0,1,1,0,1,0,0,0,1,1,0
737,1,1,1,1,0,1,0,1,1,0,0,0,0,0,1,0,1,1,1,0
738,0,0,1,0,1,0,1,1,1,1,0,0,1,1,1,1,1,1,1,0
739,1,0,0,0,0,1,0,0,0,0,1,0,1,1,1,0,1,0,1,0
740,0,1,1,0,0,1,1,0,0,0,0,0,0,0,0,1,0,1,1,1
741,1,0,1,1,1,1,1,0,0,0,0,0,1,0,1,0,1,1,1,0
742,1,0,1,0,0,1,0,0,0,0,0,0,0,0,1,0,0,0,0,0
743,0,1,1,1,1,1,1,0,0,1,1,0,1,1,1,0,1,1,1,0
744,0,1,1,0,1,0,1,0,0,0,1,0,0,1,0,0,0,1,1,0
745,0,1,0,1,0,0,1,0,0,0,0,0,0,0,0,0,1,1,0,1
746,1,1,0,1,0,1,1,1,0,0,0,0,0,0,0,0,1,1,1,0
747,1,1,1,0,0,1,0,1,1,0,1,1,0,0,0,0,0,1,1,1
748,1,1,0,0,1,0,1,0,0,1,1,0,0,0,1,1,0,1,1,0
749,0,1,1,0,1,0,1,0,0,0,0,1,0,0,0,1,0,0,1,1
750,1,0,0,0,0,1,1,0,0,0,1,1,1,0,0,0,0,1,1,0
751,1,0,1,1,1,1,0,1,1,1,1,0,1,0,0,1,0,0,1,1
752,1,1,0,0,1,0,0,1,1,0,0,1,0,0,0,0,0,1,1,1
753,0,0,0,0,0,0,1,1,0,0,0,1,0,1,0,0,0,0,1,0
754,1,0,1,0,0,1,1,1,0,1,0,0,0,0,0,0,0,1,0,1
755,1,1,0,0,1,0,0,1,1,1,0,0,1,0,1,1,0,1,1,1
756,1,1,1,0,0,0,1,1,0,0,0,0,0,1,1,0,0,1,0,0
757,1,1,1,1,0,1,1,0,1,0,0,0,1,0,0,0,0,0,1,0
758,0,0,0,1,0,0,1,1,0,0,0,0,0,0,1,0,0,0,0,0
759,0,0,1,0,0,1,1,0,0,1,0,0,1,1,1,0,1,0,0,1
760,1,0,1,0,0,1,1,0,0,0,1,1,1,0,0,0,0,1,1,0
761,1,0,1,0,0,1,0,0,1,0,0,1,1,1,1,1,1,0,1,0
762,1,1,1,0,0,0,0,1,1,0,0,0,1,1,1,0,1,1,0,1
763,0,1,1,0,0,0,1,0,1,1,1,1,1,1,0,1,0,0,1,0
764,1,0,1,0,0,0,0,1,0,1,1,0,0,1,1,0,0,1,1,1
765,1,1,1,0,0,1,0,1,1,0,1,0,0,0,0,0,0,1,1,0
766,0,1,1,1,0,1,0,1,1,1,1,1,0,0,1,0,1,1,0,0
767,0,0,1,0,0,0,1,0,1,1,1,0,0,0,1,1,0,0,1,0
768,1,0,1,1,0,0,0,1,0,0,1,0,0,0,0,0,0,0,0,1
769,0,1,1,0,0,1,0,0,0,0,1,0,0,1,0,1,0,0,0,0
770,0,0,0,0,0,1,0,1,1,0,0,0,1,1,1,0,0,1,0,0
771,1,0,1,0,0,0,1,1,0,0,1,0,0,0,1,0,0,0,0,1
772,1,0,1,1,0,0,0,1,0,0,0,0,1,0,1,0,0,0,1,1
773,1,0,1,0,0,0,1,0,0,0,0,1,0,0,0,1,1,0,1,0
774,1,1,1,0,0,0,0,0,0,0,0,1,0,0,1,1,1,0,1,1
775,0,1,1,1,0,0,0,0,0,0,0,0,1,0,1,1,0,1,0,0
776,0,0,1,1,0,1,1,0,0,0,1,1,1,1,0,1,0,0,0,1
777,0,1,1,1,1,1,0,1,1,0,0,0,0,1,0,0,1,0,1,0
778,0,0,1,1,0,0,1,1,0,0,0,0,0,0,1,1,0,0,1,0
779,0,1,0,0,0,1,1,0,0,1,0,1,0,0,0,1,0,0,0,0
780,0,0,1,0,0,0,0,1,1,0,1,0,0,1,1,0,1,1,1,0
781,1,1,1,1,0,1,0,0,1,0,0,1,0,0,1,0,0,0,1,0
782,1,1,1,0,0,1,0,0,0,0,1,0,0,0,0,0,0,0,0,1
783,0,1,1,0,0,1,1,1,0,0,1,0,0,1,0,0,0,0,0,0
784,1,0,1,0,1,0,1,0,1,0,0,1,0,0,1,0,1,1,1,0
785,1,1,1,0,0,1,1,0,0,0,0,1,0,0,0,0,0,1,1,1
786,0,0,0,1,0,0,0,0,0,1,0,1,0,0,1,0,0,0,1,0
787,1,1,1,0,0,0,1,1,0,1,1,0,1,0,0,0,0,0,0,0
788,1,1,1,0,1,1,0,1,1,0,0,0,0,0,1,0,1,0,1,1
789,1,0,1,0,0,1,1,0,0,0,1,1,0,1,1,0,1,1,0,0
790,1,0,1,0,0,0,1,0,0,1,1,1,1,0,1,0,1,0,1,1
791,1,1,1,1,0,0,0,1,0,0,0,0,1,0,0,0,0,1,1,1
792,0,0,1,0,0,1,1,0,1,0,1,0,0,0,0,1,1,0,1,0
793,1,1,0,0,0,0,0,1,1,0,0,0,1,0,0,0,0,0,1,0
794,1,0,1,1,0,1,1,0,0,0,0,0,0,0,0,0,0,1,0,0
795,1,0,1,1,1,0,1,1,0,1,1,1,1,0,0,0,0,0,1,0
796,1,0,0,0,0,0,0,0,1,0,0,1,0,0,0,0,0,1,1,0
797,1,0,1,0,1,1,0,0,1,0,0,0,1,1,1,0,0,1,0,1
798,1,1,1,0,1,0,0,1,0,0,1,1,0,0,0,0,0,1,1,0
799,1,0,1,0,0,0,0,1,0,0,1,1,1,1,0,0,0,0,1,0
800,1,0,1,0,0,1,1,1,0,0,0,0,0,0,0,0,0,0,0,0
801,0,0,0,0,0,1,1,1,1,1,1,0,0,0,0,0,1,0,1,0
802,1,0,1,0,0,0,1,0,1,1,0,0,1,0,0,0,0,0,1,0
803,1,0,1,0,0,0,1,0,0,0,0,0,0,0,1,0,0,0,0,1
804,0,1,1,0,0,0,0,0,1,0,0,0,0,1,1,0,0,1,0,0
805,1,1,0,1,0,0,1,0,0,0,0,0,0,1,1,0,0,0,0,1
806,1,1,0,0,0,0,1,0,0,1,0,1,1,0,0,0,1,0,1,1
807,1,1,1,1,1,0,1,1,0,1,0,1,0,1,0,1,0,0,1,0
808,0,0,1,0,0,1,1,0,0,0,0,0,0,0,0,1,0,1,1,0
809,0,1,1,0,1,0,1,1,1,0,0,1,1,0,1,0,0,0,1,0
810,1,1,1,1,1,0,1,1,0,0,0,0,1,0,0,0,1,0,1,1
811,1,0,1,1,0,0,1,1,0,1,0,0,0,1,0,0,0,0,1,1
812,1,0,1,0,1,0,1,1,0,0,1,1,1,0,1,0,1,0,0,1
813,0,0,0,0,0,1,0,1,0,1,0,1,0,0,0,1,1,1,0,1
814,0,1,1,1,0,0,1,1,0,0,0,0,0,1,0,0,1,0,1,0
815,0,0,1,0,1,0,1,1,1,0,1,0,1,1,0,0,0,1,1,0
816,1,1,1,0,0,1,1,0,0,0,0,0,0,0,1,0,0,0,1,0
817,1,0,1,0,0,1,1,1,1,0,1,0,1,1,0,1,1,0,1,0
818,0,0,0,1,0,0,1,0,0,0,0,0,0,0,1,1,0,1,0,1
819,1,1,0,1,1,0,1,1,0,0,1,1,0,0,1,1,1,0,1,0
820,1,1,1,0,0,1,0,0,0,0,1,0,0,0,1,1,1,0,0,0
821,0,1,1,1,0,0,0,1,1,1,1,0,1,0,1,0,0,0,0,0
822,1,1,1,0,0,1,0,0,0,1,0,0,1,0,0,1,1,0,1,1
823,1,0,0,1,0,0,1,1,1,0,1,1,1,0,1,0,1,0,0,1
824,1,1,1,0,0,1,1,1,0,0,0,1,0,0,0,1,0,1,1,0
825,1,1,0,0,0,0,1,0,0,0,0,0,1,0,1,1,0,0,1,0
826,1,0,0,1,0,1,1,1,1,1,1,0,0,0,0,0,0,0,1,0
827,0,0,1,1,0,1,0,1,0,0,1,1,1,0,0,0,0,1,0,1
828,0,1,1,0,0,0,1,1,1,1,0,0,1,1,1,0,0,1,1,0
829,0,0,1,1,1,0,0,1,1,0,1,1,0,1,0,0,0,1,0,1
830,0,1,1,0,1,1,1,0,0,1,0,0,0,1,0,1,1,1,1,0
831,0,0,1,0,0,0,0,1,0,0,1,0,0,0,0,0,0,1,0,0
832,1,0,1,0,0,0,0,0,0,0,1,1,1,0,1,0,1,1,1,0
833,0,0,1,0,0,0,0,1,1,0,1,0,0,0,0,1,1,1,1,1
834,1,1,1,1,0,1,1,0,0,0,0,0,0,0,0,1,0,0,1,0
835,1,0,1,0,0,0,0,0,0,0,1,1,0,1,1,1,0,0,1,0
836,0,1,1,1,0,0,1,1,0,0,0,1,1,0,0,0,0,0,1,0
837,1,1,0,0,0,0,0,0,1,1,1,0,1,1,0,0,0,1,0,0
838,1,1,0,1,0,1,1,0,0,0,0,1,0,1,0,1,1,1,1,0
839,0,1,0,0,0,0,1,1,0,0,0,0,1,0,0,0,0,0,0,1
840,0,1,1,0,1,0,1,1,1,1,0,1,1,1,1,1,0,0,0,0
841,0,0,1,0,1,1,1,1,1,0,0,1,0,0,0,0,0,0,1,1
842,1,0,1,0,0,0,1,0,0,1,0,0,1,1,0,1,0,1,1,0
843,1,1,1,0,0,0,1,1,1,0,0,0,1,0,0,0,0,1,1,0
844,1,1,1,0,0,1,1,1,1,0,0,0,1,0,0,1,0,1,1,1
845,0,1,1,1,0,1,0,1,0,1,0,1,1,0,0,0,1,1,0,0
846,1,0,1,0,0,1,1,0,0,1,1,1,0,0,1,0,0,1,0,0
847,0,0,1,0,0,1,0,1,1,0,0,0,1,1,0,0,0,0,0,0
848,1,1,1,1,0,0,1,0,1,0,0,1,1,0,1,0,0,1,1,0
849,1,0,1,1,0,1,0,0,0,0,0,1,1,1,0,0,1,0,1,0
850,1,1,0,1,0,0,0,0,0,0,1,1,0,0,0,1,1,1,1,0
851,1,0,1,1,0,1,1,1,0,0,0,1,0,0,0,1,0,0,0,0
852,1,0,1,0,0,1,1,1,1,0,0,0,0,0,0,0,0,1,0,0
853,1,1,1,0,1,1,0,0,0,0,1,1,0,1,1,0,1,0,1,0
854,1,0,1,0,0,0,1,0,1,0,1,1,0,0,1,0,0,0,0,0
855,0,1,0,0,0,0,1,0,1,0,1,1,0,0,0,1,0,1,1,1
856,1,1,1,1,0,0,0,0,0,0,1,0,1,0,1,1,1,1,1,0
857,0,1,0,0,0,0,1,1,1,1,1,0,0,0,0,1,0,1,0,1
858,0,1,0,1,0,1,0,0,0,0,0,0,1,1,1,0,0,1,1,1
859,0,1,0,0,0,1,0,1,0,0,1,0,0,1,1,0,0,0,1,1
860,0,1,0,1,0,1,1,0,0,0,0,1,0,1,0,0,0,1,0,0
861,1,1,1,0,0,1,1,1,1,0,1,0,1,0,1,0,1,0,1,0
862,1,1,1,0,0,0,0,0,0,0,1,1,0,0,1,0,1,1,1,0
863,1,0,1,1,0,0,1,1,1,0,0,0,1,0,0,0,0,0,1,1
864,1,1,1,1,1,1,1,1,1,0,1,1,1,0,0,0,0,0,1,0
865,1,1,1,0,1,0,0,1,1,0,1,0,0,0,0,1,0,0,1,1
866,1,1,1,0,0,0,1,1,1,1,0,0,1,0,0,0,0,0,0,1
867,1,0,0,0,0,0,0,1,1,1,0,1,0,0,1,1,0,1,0,0
868,1,1,0,1,1,0,1,1,0,0,1,0,0,0,0,0,0,1,1,0
869,0,1,0,0,1,0,1,1,1,1,1,0,1,0,0,0,1,0,0,1
870,1,1,1,0,0,0,0,0,0,0,1,1,0,0,0,1,1,1,1,1
871,1,0,1,0,1,0,0,0,1,0,0,0,0,0,1,0,0,1,1,0
872,1,0,1,1,0,1,0,1,0,0,0,1,1,0,0,0,1,1,0,0
873,1,1,1,0,0,0,1,1,0,0,1,1,0,0,0,1,0,0,1,0
874,0,1,0,1,0,1,1,0,0,1,1,0,0,0,0,0,1,0,1,0
875,0,1,1,0,1,1,0,0,0,1,0,0,1,1,1,1,0,0,0,1
876,1,1,0,1,0,0,0,1,0,0,1,1,0,0,0,0,1,0,0,0
877,1,1,0,0,1,1,1,0,0,0,1,0,0,0,0,1,0,1,1,0
878,1,1,1,0,0,0,0,1,0,1,0,0,0,0,1,0,0,1,0,0
879,1,0,1,1,0,0,1,0,1,0,1,0,1,0,1,1,0,0,1,0
880,1,1,0,0,0,1,0,0,1,1,1,0,1,0,0,0,0,0,1,0
881,0,1,1,1,0,0,1,1,1,0,0,0,0,1,0,0,0,1,1,0
882,1,0,1,0,0,1,1,1,1,1,0,0,0,1,1,0,0,0,0,0
883,1,0,1,1,0,0,1,0,0,1,0,0,1,0,0,0,1,0,1,0
884,0,0,1,0,0,1,1,1,1,0,1,1,0,1,0,0,0,0,1,0
885,0,1,1,0,0,1,0,1,1,0,0,1,0,0,1,0,0,1,1,0
886,1,0,1,1,0,0,0,0,0,0,1,1,0,0,1,0,1,0,1,1
887,1,1,0,0,0,1,0,1,1,1,0,1,1,1,1,0,1,0,1,1
888,1,1,0,0,0,0,1,0,1,1,0,0,0,1,0,0,0,1,1,0
889,1,1,1,0,0,1,0,1,1,0,1,0,0,0,1,0,0,1,1,1
890,1,0,1,1,0,0,1,0,0,0,0,0,1,1,1,0,1,0,1,1
891,1,0,0,0,0,1,0,0,0,1,1,0,1,0,0,0,1,0,1,0
892,0,0,1,1,0,1,1,0,0,1,0,0,1,0,1,0,1,0,1,0
893,1,1,1,1,0,1,0,1,0,0,0,1,1,0,0,0,0,1,1,0
894,0,0,1,0,0,0,1,0,0,0,0,0,0,0,1,1,1,0,1,1
895,1,1,1,0,0,0,1,0,0,1,1,0,0,0,1,0,0,1,1,0
896,1,0,1,0,0,1,0,0,0,0,1,0,0,0,0,1,0,0,1,0
897,1,0,0,1,0,1,1,0,1,0,1,1,1,0,0,1,1,0,1,0
898,0,1,1,0,0,0,1,1,0,0,0,1,1,0,0,1,0,1,1,0
899,1,1,1,1,0,1,1,1,0,0,0,0,1,0,0,1,0,0,0,0
900,1,1,1,0,0,1,0,0,0,0,0,1,0,0,0,0,0,1,1,0
901,1,0,1,1,0,1,0,1,1,0,0,1,1,0,0,1,0,0,1,0
902,1,0,0,0,0,0,1,0,1,0,1,0,1,0,0,0,0,1,1,1
903,1,0,1,1,0,1,1,0,0,0,0,0,1,1,0,0,0,1,1,0
904,1,0,1,1,0,1,1,0,0,0,0,1,0,0,1,1,1,0,1,1
905,0,0,1,1,1,1,0,1,1,0,1,1,1,0,0,0,1,0,1,0
906,1,1,1,0,0,1,1,1,0,1,0,0,1,1,0,1,0,1,1,0
907,1,1,0,0,0,1,0,1,1,0,1,1,1,1,0,0,0,0,1,1
908,0,0,1,1,1,1,1,0,0,0,0,1,1,0,0,0,0,1,0,0
909,0,1,0,1,0,0,1,0,1,1,1,0,0,1,0,1,0,0,1,0
910,1,1,1,1,1,0,1,1,0,0,1,0,0,0,0,0,0,0,1,0
911,1,0,1,0,1,1,1,0,0,0,0,1,0,0,1,0,0,0,0,0
912,1,0,1,0,0,0,1,0,0,0,1,1,0,0,0,1,0,1,1,1
913,1,0,1,1,0,1,1,1,1,0,0,0,1,0,0,0,1,0,1,0
914,1,0,1,1,0,1,0,0,0,0,0,0,0,1,0,1,1,0,0,0
915,1,0,1,0,0,1,1,0,0,1,0,1,0,0,1,0,1,1,1,0
916,1,1,1,1,0,0,1,0,1,0,0,0,0,0,0,0,0,1,1,1
917,1,1,1,0,0,0,1,1,1,1,0,1,1,0,0,1,0,1,1,0
918,1,0,0,0,0,1,1,1,0,0,0,0,1,1,1,0,0,0,0,0
919,1,1,0,1,0,1,1,1,1,0,0,1,0,0,0,1,0,0,1,1
920,1,1,0,0,0,0,1,0,0,0,0,0,1,0,0,0,1,1,0,1
921,1,1,1,0,0,1,1,1,0,1,1,0,0,0,1,1,0,1,1,0
922,0,0,0,1,0,0,1,0,1,0,0,0,0,0,0,1,0,0,1,0
923,0,0,1,0,1,1,0,0,1,1,1,0,1,0,0,1,0,1,0,0
924,1,1,1,1,0,1,0,1,0,0,1,1,1,1,0,0,0,1,1,0
925,1,0,1,0,0,0,0,0,1,0,0,0,0,0,1,0,0,0,1,0
926,0,0,0,0,0,1,1,0,1,0,1,1,1,0,0,0,0,0,1,0
927,1,0,1,1,1,1,1,0,1,0,0,0,1,0,1,1,1,1,1,0
928,1,0,1,1,0,0,1,0,0,0,0,1,0,1,0,0,1,0,1,0
929,1,1,1,1,0,1,0,0,0,1,0,1,1,0,1,0,0,1,0,1
930,1,1,1,0,0,1,1,0,0,0,0,1,0,0,1,0,1,1,0,1
931,1,0,1,0,0,0,0,0,0,1,0,1,1,0,1,1,1,0,0,0
932,0,0,1,0,0,1,0,0,1,1,0,1,1,0,0,0,0,0,1,0
933,1,0,1,1,0,1,0,0,0,0,0,0,1,0,1,0,0,0,0,1
934,1,1,0,1,0,0,0,1,0,0,0,0,1,0,0,0,0,0,1,0
935,1,0,1,0,1,1,0,1,0,0,0,0,1,1,0,1,1,0,0,0
936,0,1,1,1,0,1,1,0,1,0,0,0,1,0,1,0,0,1,1,0
937,1,0,1,1,0,0,1,0,1,0,1,0,0,1,1,0,0,0,1,0
938,1,0,0,1,1,1,1,1,1,0,1,1,0,1,0,0,1,1,1,0
939,0,1,1,0,0,1,1,1,0,0,0,0,1,0,0,1,1,0,0,1
940,0,1,0,0,0,0,1,1,0,0,0,0,0,0,1,0,0,1,1,0
941,1,1,0,0,0,1,0,0,0,0,1,0,1,0,0,1,0,0,1,0
942,1,0,0,1,1,1,1,0,1,0,0,0,0,1,0,0,0,1,0,0
943,1,1,1,0,0,0,0,0,1,0,0,1,0,0,0,0,1,1,0,0
944,1,0,1,0,0,0,1,1,0,0,1,1,0,1,1,1,1,0,1,0
945,1,1,1,0,1,1,1,0,0,0,0,0,0,0,0,1,0,0,1,1
946,0,0,1,0,0,1,0,0,0,0,0,1,1,0,0,0,0,0,1,1
947,1,1,1,0,0,1,1,1,0,0,1,1,0,1,0,0,0,1,0,0
948,1,1,1,0,0,1,0,0,0,0,0,1,0,0,0,0,0,0,0,0
949,1,0,0,0,0,1,1,0,1,0,1,0,1,0,0,0,1,1,0,1
950,1,0,1,0,1,0,1,0,0,1,1,0,1,0,0,1,0,1,1,0
951,0,1,1,0,0,1,1,1,1,1,0,1,0,1,0,0,1,1,1,1
952,1,1,1,0,0,0,1,1,0,0,0,1,0,0,1,0,1,1,1,0
953,1,0,1,1,0,1,1,1,0,0,1,1,0,1,1,0,1,0,0,1
954,0,0,0,0,0,0,1,0,1,0,1,0,1,0,0,0,0,0,0,1
955,1,0,1,0,0,0,1,1,1,0,0,0,0,0,0,1,0,0,0,1
956,1,1,1,0,0,0,1,1,1,0,1,0,0,1,1,0,0,1,1,0
957,1,0,0,1,1,1,0,0,0,0,0,1,0,0,1,1,0,0,0,1
958,1,0,1,0,0,0,0,1,1,1,1,0,0,1,1,0,0,1,1,1
959,1,0,1,0,0,1,0,0,1,0,1,0,1,0,0,1,0,0,1,0
960,1,0,0,1,0,1,1,1,0,0,0,1,1,0,0,1,0,1,1,0
961,1,0,1,0,0,0,1,1,0,0,1,1,1,0,0,0,1,0,0,1
962,1,1,1,0,0,1,1,1,0,0,1,1,0,0,1,0,0,0,0,0
963,1,1,1,1,0,0,0,0,0,0,1,1,0,0,0,0,0,1,0,0
964,0,0,1,1,0,1,1,0,0,0,0,1,0,1,1,1,0,1,0,0
965,0,0,1,0,0,1,0,1,0,0,1,1,1,0,0,1,0,1,0,0
966,1,0,0,1,1,1,1,0,1,0,1,1,0,0,1,1,0,0,0,0
967,1,0,1,0,0,1,0,1,0,0,0,1,1,1,0,0,1,0,1,0
968,1,0,0,0,0,0,0,1,0,0,0,1,0,0,0,0,1,0,0,0
969,1,0,1,1,0,1,0,0,0,0,1,1,0,0,1,0,1,1,0,0
970,1,1,0,0,0,1,0,1,0,1,0,0,0,0,0,0,1,0,1,1
971,0,1,1,0,0,1,1,1,0,0,0,1,1,0,1,0,0,1,1,1
972,1,0,0,1,0,0,1,0,1,1,1,1,0,0,0,1,1,1,1,0
973,0,1,0,1,0,0,1,1,1,0,0,1,0,0,1,1,0,0,1,0
974,1,1,0,1,0,0,0,1,0,0,1,1,0,0,1,1,0,1,1,0
975,1,1,1,1,0,1,1,1,1,1,0,0,1,0,0,0,0,1,0,1
976,1,1,1,1,0,0,1,0,0,0,0,1,1,0,0,0,0,1,0,1
977,1,0,1,1,0,0,0,1,0,0,1,0,1,0,1,1,0,0,0,0
978,0,0,1,0,1,0,1,0,1,1,0,0,0,0,0,1,1,0,1,0
979,0,1,1,0,0,1,1,1,1,0,0,1,0,0,0,1,0,1,0,1
980,1,0,0,0,0,1,0,0,0,1,0,0,0,0,1,0,0,0,1,1
981,0,1,1,0,0,0,0,1,0,0,0,1,1,0,0,0,0,1,1,0
982,1,1,1,0,0,0,0,1,0,0,0,0,0,0,0,1,0,1,0,0
983,1,0,1,1,1,1,1,0,1,1,1,0,0,0,1,0,0,0,1,1
984,1,1,0,1,0,1,0,1,1,1,0,0,0,0,0,1,0,0,1,0
985,1,0,0,1,0,0,1,1,1,1,1,0,1,1,0,0,0,0,0,0
986,0,1,1,0,0,0,0,1,1,0,1,0,0,0,1,1,0,0,1,0
987,0,1,1,0,0,1,1,1,0,0,0,0,0,0,1,1,1,1,0,0
988,0,0,1,0,0,1,1,1,1,1,1,0,0,0,0,0,0,0,1,0
989,1,0,0,1,0,1,0,1,0,0,1,0,0,1,0,0,1,1,0,0
990,0,1,0,0,1,0,1,1,0,1,0,0,0,1,0,0,0,0,0,1
991,1,0,1,1,0,0,0,1,1,0,0,1,1,0,0,1,1,0,1,0
992,0,1,0,1,0,1,1,1,0,0,0,1,1,0,0,0,1,0,1,1
993,0,0,0,1,1,1,1,0,1,0,0,1,0,0,0,0,0,0,1,0
994,0,0,1,0,0,0,1,1,1,0,1,1,1,0,0,1,0,1,1,0
995,0,0,0,0,0,0,1,0,0,0,1,0,0,0,0,0,1,1,1,1
996,0,1,1,1,0,0,1,0,0,0,0,1,1,1,1,1,0,0,1,1
997,1,1,1,0,1,0,0,1,0,0,0,1,0,0,0,0,0,1,1,1
998,1,0,1,0,0,1,0,1,0,0,0,0,1,0,1,1,0,0,0,0
999,1,1,1,1,0,0,0,1,0,0,1,1,0,0,1,1,1,1,0,0
1000,0,0,1,0,1,1,0,1,0,0,0,0,0,1,0,1,1,1,1,1
