"ID","Theta","Item1","Item2","Item3","Item4","Item5","Item6","Item7","Item8","Item9","Item10","Item11","Item12","Item13","Item14","Item15","Item16","Item17","Item18","Item19","Item20"
1,-0.0907399082132963,1,0,1,0,0,1,0,0,1,0,1,0,1,1,1,1,0,0,0,1
2,1.76817249538795,0,1,1,0,1,0,0,1,1,1,1,1,1,1,1,1,1,1,1,1
3,1.3343187310391,1,1,1,1,1,1,1,1,1,1,1,1,1,0,1,1,0,0,1,0
4,0.380771529960666,0,1,1,1,1,0,0,1,1,1,0,0,1,1,1,1,0,0,0,0
5,-0.794377237365467,0,1,0,0,0,1,0,0,1,0,1,1,0,0,0,1,0,0,0,0
6,1.77571814969827,1,1,0,1,1,0,1,1,1,1,1,1,1,0,1,1,1,1,1,1
7,-0.711314389591404,0,1,0,0,0,0,0,1,0,0,0,0,1,0,0,1,0,0,0,0
8,0.0943841387515682,0,0,1,1,0,0,0,1,1,1,1,0,1,0,1,1,1,0,0,1
9,0.235546025170893,0,1,0,0,0,0,1,0,1,1,1,1,1,0,0,1,0,1,0,0
10,-1.28272632483895,0,0,0,1,0,0,0,0,1,0,0,1,0,0,1,0,0,0,0,0
11,0.361084402537315,0,1,1,0,0,0,0,1,1,1,0,1,0,1,1,0,0,0,1,1
12,0.262663197244994,0,1,1,1,1,0,0,0,1,1,0,1,1,1,1,1,1,0,0,0
13,-0.775907907257549,0,1,0,0,0,0,0,0,1,1,1,1,1,0,0,1,0,0,0,0
14,-0.437927105316789,1,1,0,0,1,1,0,0,1,1,0,1,1,0,0,1,0,0,0,1
15,-1.26383973711893,0,0,1,0,0,0,0,0,0,0,0,1,0,0,0,0,0,0,0,1
16,0.131453429531431,0,0,0,1,1,0,0,0,0,1,0,1,0,0,1,1,0,0,0,1
17,-2.42609662652076,0,0,0,0,0,1,0,0,0,0,0,0,0,0,0,0,0,0,0,0
18,2.48529491035419,1,1,1,1,1,1,1,1,1,1,1,1,1,1,1,1,1,1,1,1
19,2.63652753730683,1,1,0,1,1,1,1,1,1,1,1,1,1,1,1,1,1,1,1,1
20,-0.657494937260952,1,0,0,0,0,0,0,0,1,1,0,1,1,0,0,1,0,0,0,0
21,-1.0873292524491,0,0,0,0,0,0,0,1,0,0,0,0,0,0,0,0,0,0,0,0
22,1.11277113881582,0,1,1,1,1,0,1,0,1,1,1,1,1,1,1,1,1,0,0,0
23,-0.693034794540499,0,1,0,1,1,0,0,1,1,0,0,1,0,0,0,1,0,0,1,0
24,0.273539775324226,0,1,1,1,1,0,0,0,0,1,1,1,1,0,1,1,1,0,1,1
25,0.542731516633347,1,1,0,1,0,0,1,1,1,1,0,0,1,1,0,1,1,0,0,1
26,-0.694600672938134,0,0,0,0,0,0,0,0,1,0,0,1,1,0,0,1,0,0,0,0
27,0.0245173208280481,0,0,1,1,0,0,1,1,1,1,0,0,1,1,1,1,0,0,1,1
28,-0.582711127754836,0,0,0,0,0,0,0,1,0,0,0,1,0,0,0,1,0,0,0,1
29,0.312159941207234,0,1,0,1,0,0,1,1,1,1,1,0,1,1,1,1,0,0,1,0
30,0.446169299741311,0,1,0,1,1,1,1,1,1,1,1,1,1,0,0,1,0,0,1,1
31,1.86310969190286,1,1,1,1,1,0,1,1,1,1,1,1,1,1,1,1,1,0,1,1
32,0.410566101361736,0,1,1,1,0,0,1,1,1,1,1,1,0,0,1,1,0,0,0,1
33,-0.575716671150831,0,1,0,0,1,0,0,0,0,0,0,1,0,0,1,1,0,0,0,0
34,0.445091693839003,1,1,1,0,1,0,1,0,1,1,1,1,1,0,1,1,0,0,0,0
35,-0.859307580924613,0,1,0,1,0,0,0,0,0,0,0,0,0,0,0,0,1,0,0,0
36,-0.938851502838155,0,0,1,1,0,0,0,0,1,0,0,0,0,0,0,0,0,0,0,0
37,-2.47186325380405,0,0,0,0,0,0,0,0,0,0,0,0,0,0,0,0,0,0,0,0
38,-0.775044241572111,0,1,0,0,0,0,0,0,0,0,0,1,1,0,0,1,0,0,1,0
39,1.35416754202601,1,1,0,1,1,0,1,1,1,1,0,1,1,1,1,1,0,0,0,1
40,0.10595573127653,0,1,0,0,0,0,1,0,1,1,0,1,0,1,0,1,1,0,0,0
41,1.21421829690589,1,1,1,1,1,1,1,1,1,1,1,1,1,1,1,1,1,0,1,1
42,-0.912276803333029,1,0,0,0,0,0,0,0,1,1,0,1,1,0,0,0,0,0,0,0
43,0.472767036697795,0,1,1,0,0,0,0,1,1,1,1,1,1,0,1,1,0,0,0,1
44,-2.21910474976279,0,0,0,1,0,0,0,1,0,0,0,0,0,0,0,0,0,0,0,0
45,-0.110240236579532,0,1,1,1,0,1,1,0,1,0,0,0,1,0,0,1,0,0,0,0
46,-1.30336665788344,0,0,0,0,0,0,0,1,0,1,0,0,0,0,0,1,0,0,0,0
47,-0.264975915528413,0,1,0,0,0,0,1,1,1,0,0,1,1,0,1,1,0,0,1,1
48,-0.103658357336185,0,1,0,0,0,0,0,0,1,1,1,1,1,0,1,1,0,0,1,0
49,1.70064409496403,1,1,1,1,1,0,1,1,1,1,0,1,1,1,1,1,1,1,1,1
50,0.566564641875589,0,1,1,1,0,0,1,1,1,1,0,1,1,0,0,1,1,0,1,0
51,0.529300472789062,0,1,1,1,0,0,1,1,1,1,1,1,1,1,1,1,1,0,0,1
52,-0.0219310719139436,0,1,0,1,0,0,0,0,1,0,0,1,1,0,0,1,0,0,0,0
53,1.29203645695015,1,1,1,1,0,0,1,1,1,1,0,0,1,1,1,1,1,1,1,1
54,0.336293650764951,0,1,1,1,0,0,1,1,1,0,0,0,1,0,1,1,1,0,1,1
55,0.763615512599204,0,1,1,1,1,1,1,1,0,1,1,1,1,0,0,1,1,0,0,1
56,-1.46634756779744,0,0,0,0,0,0,0,0,1,0,0,1,0,0,0,0,0,0,0,0
57,0.340887108561502,1,1,0,1,0,0,0,1,1,1,0,1,1,0,1,1,1,0,1,1
58,-0.38426046024219,0,1,0,0,0,0,0,1,0,1,1,1,0,0,0,1,0,0,0,0
59,0.465665780304586,0,1,1,1,1,0,1,1,1,0,0,1,1,0,1,1,1,0,0,1
60,-0.587274601614666,0,0,0,1,0,0,0,0,0,0,0,1,1,0,1,0,0,0,0,0
61,0.00419047230746428,0,1,1,0,0,0,0,0,1,1,0,1,1,0,1,1,0,0,0,1
62,1.40617074125555,1,1,1,0,1,0,1,1,1,1,1,1,1,1,1,1,1,1,1,1
63,1.01712885112194,1,1,0,1,1,1,0,0,1,1,0,1,1,1,1,1,1,1,1,1
64,-0.867404946629618,0,0,0,0,0,0,1,0,0,0,0,1,0,0,0,1,0,0,0,0
65,-0.552297638882526,0,0,0,0,1,0,1,1,1,1,1,1,1,0,0,1,0,0,0,1
66,-1.35837605690479,0,0,0,0,1,0,0,0,0,1,1,1,0,0,0,0,0,0,0,0
67,0.598345539756407,0,1,0,0,0,1,0,1,1,1,1,1,1,1,0,0,0,0,1,1
68,-0.672999298202212,1,1,0,1,0,0,0,1,0,0,0,1,1,1,0,1,0,0,0,0
69,-0.751717225452744,0,0,0,0,0,0,0,1,0,1,0,0,0,0,1,1,0,0,0,0
70,0.848530797920215,1,1,1,1,1,1,1,1,0,1,1,1,1,1,1,1,0,0,1,0
71,-1.28614191783529,0,1,0,0,0,0,0,0,0,0,1,0,1,0,0,0,0,0,0,0
72,0.258977085089496,0,1,0,1,1,0,1,0,1,1,0,1,1,0,1,1,0,0,1,1
73,2.87527646793809,1,1,1,1,1,1,1,1,1,1,1,1,1,1,1,1,1,0,1,1
74,-1.229936823067,0,1,0,1,0,0,0,0,1,1,0,0,0,0,0,1,0,0,0,0
75,0.473792951668724,1,1,1,1,1,0,0,0,1,1,1,1,1,0,1,1,1,0,0,0
76,-0.933923881932618,0,0,0,0,0,0,0,0,1,1,0,1,0,0,0,0,0,0,0,0
77,0.671554585684447,0,1,0,0,1,0,1,1,1,1,0,0,1,0,1,1,0,0,0,1
78,1.8144302446708,1,1,1,1,1,1,1,1,1,1,1,1,1,1,1,1,1,1,0,1
79,2.26454728150678,1,1,1,1,1,1,1,1,1,1,1,1,1,1,1,1,1,1,1,1
80,0.480304566599478,0,1,1,1,0,0,1,1,1,1,1,1,1,1,1,1,1,0,0,1
81,-1.31292105759085,0,0,0,0,0,1,0,0,0,0,0,1,0,0,0,0,0,0,0,0
82,0.948412557901517,1,1,1,1,0,0,1,1,1,0,0,1,1,1,0,1,1,0,1,1
83,-3.00906588853708,0,0,0,0,0,0,0,0,0,0,0,0,0,0,0,0,0,0,0,0
84,0.765970286304549,1,1,0,1,1,0,0,1,1,1,0,1,1,1,1,1,0,0,1,0
85,0.173853258747373,0,1,1,1,1,0,0,1,1,1,1,1,1,1,0,1,1,0,0,1
86,-3.56861293008595,0,0,0,0,0,0,0,0,0,0,0,0,0,0,0,0,0,0,0,0
87,-0.209090544145987,0,0,0,1,0,0,0,0,1,0,0,0,1,1,0,0,1,0,0,1
88,0.995839142264276,0,1,1,1,0,1,1,1,1,1,1,0,1,1,1,1,0,0,1,1
89,0.354045659161759,0,1,0,1,1,0,0,0,0,1,0,1,1,1,1,1,0,0,0,0
90,0.287768497500881,0,1,1,1,1,1,0,1,1,1,1,0,1,0,1,1,1,0,0,0
91,0.186085366162571,0,1,0,0,1,0,1,0,1,0,0,1,1,1,1,1,0,0,0,0
92,-1.44208063730883,0,0,0,0,0,0,0,1,0,0,1,0,0,0,0,0,0,0,0,0
93,0.587330072445796,0,1,1,1,0,1,1,1,1,1,0,1,1,1,1,1,1,0,1,1
94,-0.849274083426112,0,0,1,0,0,0,0,0,0,0,1,0,1,0,1,0,1,0,0,0
95,0.0512711679588298,0,1,1,0,0,0,0,1,1,1,1,1,0,1,1,1,0,0,0,0
96,1.67229576788014,1,1,1,0,1,0,1,0,1,1,1,1,1,1,1,1,1,1,1,1
97,0.156551323358989,0,1,1,1,1,0,1,1,1,1,1,1,0,1,0,1,0,0,0,1
98,0.796187088680193,0,1,1,1,0,1,0,0,1,0,0,1,1,1,1,1,1,0,0,1
99,0.0414985303253246,0,1,0,1,1,0,0,1,0,1,1,1,1,1,1,1,0,0,0,1
100,0.0664566803798244,0,1,0,1,1,0,1,0,0,1,0,1,1,1,1,1,0,0,1,1
101,1.13211642389844,1,1,0,1,0,0,0,1,1,1,1,1,1,1,1,0,1,0,1,1
102,-1.81239931321331,0,0,0,0,0,0,0,1,0,0,0,0,0,0,0,0,0,0,0,0
103,2.42531100433202,1,1,1,1,1,1,1,1,1,1,1,1,1,1,1,1,1,1,1,1
104,-0.177244021752326,0,1,1,1,0,0,0,1,0,0,0,1,1,1,1,1,1,0,0,1
105,1.00069934480617,1,1,1,1,1,0,1,1,1,1,1,1,1,1,1,1,0,0,1,1
106,1.20686689957039,0,1,0,0,0,0,1,1,1,1,1,1,1,1,1,1,0,1,1,0
107,1.31266399615123,1,1,1,0,1,1,1,1,1,1,1,1,1,1,1,1,1,0,1,1
108,0.493864010432876,0,1,0,0,0,0,1,0,1,1,0,1,1,0,1,1,0,0,0,0
109,0.523095791757365,0,1,1,1,0,0,1,1,1,1,0,1,1,1,1,1,1,0,1,1
110,-0.66569962262015,0,0,0,0,1,0,0,0,1,0,0,1,0,1,0,1,1,0,0,0
111,-0.321125034079302,0,1,1,1,0,0,0,1,1,1,0,0,1,0,1,1,1,0,0,0
112,1.16594292742645,0,1,1,1,1,1,1,0,1,0,1,1,1,1,1,1,1,1,1,1
113,0.311114748938814,0,1,0,1,0,1,1,1,1,1,1,1,1,0,0,1,0,0,0,1
114,0.194874473027429,0,1,0,0,0,1,0,1,1,1,1,1,1,1,1,1,0,0,1,0
115,-0.250508833341469,0,1,0,1,1,0,1,0,0,1,0,0,1,0,1,1,0,0,0,0
116,-1.26099333821464,0,1,0,0,0,0,0,0,1,0,0,0,0,0,0,1,0,0,0,0
117,-0.191784427534424,0,1,0,0,0,0,0,1,1,1,0,1,1,1,0,1,0,0,0,0
118,1.5941808510255,1,1,1,1,1,1,0,1,1,1,1,1,1,1,1,1,1,1,1,1
119,2.42391581414291,1,1,1,0,1,1,1,1,1,1,1,1,1,1,1,1,1,1,1,1
120,-1.90813158046316,0,0,0,1,0,0,0,0,0,0,0,1,0,0,0,0,0,0,0,0
121,0.323782023639425,0,1,0,0,0,0,0,0,1,1,1,1,0,0,1,1,1,0,1,1
122,0.701397499226344,1,1,0,1,1,0,1,1,1,1,1,1,1,1,0,1,1,0,0,1
123,-1.93818098736967,0,0,0,1,0,0,0,0,0,0,0,0,0,0,0,1,0,0,0,0
124,-0.8053537182066,0,1,0,0,1,0,0,0,1,1,0,0,1,1,0,1,0,0,0,0
125,0.540771813773024,1,1,0,1,1,0,0,1,1,1,1,1,1,1,1,1,0,0,0,0
126,-0.181213714331548,0,1,0,1,0,0,0,1,1,1,1,1,1,1,0,1,0,0,0,1
127,0.434142385790229,1,1,1,1,0,1,1,1,1,1,1,0,1,1,1,1,1,0,1,1
128,0.67661973185693,1,1,1,0,1,0,1,1,1,1,0,1,1,1,0,1,0,0,0,0
129,-0.720227629044636,0,0,0,0,0,0,0,1,1,0,0,1,0,0,0,1,0,0,0,0
130,-0.0351715591764947,0,1,0,0,0,0,0,1,1,1,0,1,1,1,0,1,0,0,1,0
131,-0.918400538037229,0,1,0,0,0,0,0,1,0,0,0,1,1,0,0,1,1,0,0,0
132,-0.138547845909391,1,1,1,0,1,0,0,1,0,1,0,0,1,0,0,1,1,0,0,1
133,-1.08560406559747,0,1,1,0,0,0,0,0,0,0,0,1,0,0,0,1,0,0,0,1
134,-0.987684998074926,0,0,0,0,1,0,0,1,0,0,0,0,0,0,0,1,0,0,0,0
135,0.769798607944335,1,1,1,1,0,0,0,1,1,1,0,1,1,1,0,1,1,0,1,0
136,-1.94194822099547,0,0,0,0,0,0,0,0,0,0,0,0,0,0,0,0,0,0,0,0
137,-0.995566001444973,0,1,0,0,0,1,0,1,0,0,0,0,0,1,0,1,0,0,0,0
138,-2.06701792841033,0,0,0,0,0,0,0,1,0,0,0,0,0,0,0,0,0,0,0,0
139,-0.846911024623462,0,1,0,0,0,0,0,1,0,1,0,1,1,1,0,1,0,0,0,0
140,1.59730425306123,0,1,1,1,1,0,1,1,1,1,1,1,1,1,1,1,1,1,1,0
141,0.223544295273685,1,1,1,1,1,0,0,0,1,0,0,1,1,1,1,1,1,0,0,1
142,-0.201850526625783,0,1,1,1,0,0,0,0,0,1,1,0,1,0,0,1,0,0,1,0
143,0.703747707979348,0,1,1,1,0,0,0,1,1,0,1,0,1,0,1,1,0,0,1,1
144,-0.751736986081671,0,1,1,0,0,0,0,1,1,0,0,0,1,0,1,1,0,0,0,0
145,-0.28064652735369,0,1,0,0,0,0,1,1,1,1,0,0,0,1,1,1,0,0,1,0
146,1.62111624537427,1,1,1,0,1,0,1,1,1,1,0,1,1,1,1,1,1,1,1,1
147,-0.615399441168231,0,0,0,0,0,0,0,1,1,1,0,0,1,0,0,1,0,0,0,1
148,0.171536474828829,1,1,1,1,0,1,1,1,1,0,0,1,1,0,1,1,0,0,0,0
149,-1.41984280285453,0,0,0,1,0,0,0,0,0,1,0,1,0,0,0,1,0,0,0,0
150,-0.0753005202126122,1,1,1,0,0,0,1,1,1,1,0,1,1,0,0,1,0,0,0,1
151,0.443773174624146,0,1,1,1,1,0,0,1,1,1,1,1,1,1,0,1,0,0,0,1
152,0.719394375746997,0,1,1,1,0,0,1,1,1,1,1,1,1,1,1,1,1,0,1,1
153,1.2648492451744,1,1,1,1,1,1,1,1,1,1,0,1,1,0,1,1,0,1,0,1
154,-0.403712950467776,0,1,1,0,0,0,0,0,0,1,1,0,0,0,0,1,0,0,0,1
155,-1.09101860574059,0,0,0,0,0,0,0,1,0,0,0,0,0,0,0,1,0,0,0,0
156,-1.80074125010711,0,0,0,0,0,0,0,1,1,0,0,0,0,0,0,0,0,0,0,0
157,-1.38761143098867,0,1,0,0,0,0,0,0,0,0,0,1,0,0,0,1,1,0,0,0
158,0.474059604184165,0,1,1,1,1,0,1,1,1,1,1,0,1,0,1,1,0,0,1,1
159,-1.08198096412232,0,0,1,0,0,0,0,0,1,0,0,1,0,0,0,0,0,0,0,0
160,-2.63491945628174,0,0,0,0,0,0,0,1,0,1,0,0,0,0,0,0,0,0,0,0
161,-0.583753397098524,0,0,0,0,1,0,0,1,1,0,1,0,1,1,1,1,0,0,0,0
162,-1.10883402214317,0,0,0,0,1,1,0,1,1,0,0,0,1,0,0,1,0,0,0,1
163,-1.019980063179,0,1,1,0,0,0,0,1,1,1,0,1,0,0,0,0,0,0,0,0
164,-0.106573089222302,0,1,1,0,0,0,0,0,1,1,0,1,1,0,1,1,0,0,0,0
165,1.72137061937948,1,1,1,0,1,0,1,1,1,1,1,1,1,1,1,1,1,0,1,1
166,0.881596446154011,1,1,1,1,1,1,1,1,1,1,1,1,1,0,0,1,1,0,0,1
167,-0.25913719736006,0,1,1,1,1,0,0,0,1,1,1,1,1,0,1,1,0,0,0,1
168,0.084720009228442,1,1,1,1,1,0,0,1,1,1,0,1,1,1,0,1,1,0,0,0
169,0.0949169325748028,0,0,1,1,1,1,1,1,1,1,0,1,1,0,1,1,0,0,0,0
170,-2.24926872452469,0,0,0,0,0,0,0,0,0,0,0,0,0,0,0,0,0,0,0,0
171,0.909481420047027,1,1,1,1,1,0,1,1,1,1,0,1,1,1,1,1,0,1,1,1
172,-0.0766180654692948,1,1,1,0,0,0,0,1,1,1,0,0,1,0,0,1,0,0,0,1
173,1.02275664862159,0,1,1,1,1,1,1,0,1,0,1,1,1,0,0,1,1,0,0,1
174,-0.949936369181878,0,1,0,0,1,0,0,1,1,1,0,1,0,0,0,0,0,0,0,0
175,1.37011978893964,0,1,0,0,1,1,1,0,1,1,1,1,1,1,1,1,1,0,1,1
176,-1.1431946137257,0,1,0,0,0,0,0,1,0,0,1,1,1,0,0,0,0,0,0,0
177,0.636156472880595,1,1,1,0,1,1,1,1,1,1,0,0,1,1,1,1,1,0,1,1
178,-0.591382296356697,0,1,0,1,0,0,1,0,0,0,1,1,1,0,1,0,0,0,0,0
179,-0.814282811155727,0,0,0,0,0,0,0,0,1,1,1,0,0,0,0,1,1,0,0,1
180,-1.52571304196504,0,0,0,0,0,0,0,1,0,0,0,1,0,0,0,1,0,0,0,0
181,-0.683884902092722,0,0,0,1,0,0,0,1,0,1,0,0,1,0,0,1,0,0,0,0
182,0.597347431132092,1,1,0,1,1,0,1,0,1,1,0,1,1,0,1,1,0,0,1,0
183,-2.68789506861059,0,0,0,0,0,0,0,0,0,0,0,0,0,0,0,0,0,0,0,0
184,1.05789294285193,0,1,1,1,1,0,1,1,1,1,1,1,1,1,1,1,1,1,1,0
185,0.253009446194801,0,1,1,1,1,0,0,0,0,1,1,1,1,1,1,0,0,0,0,0
186,-1.02798664104421,0,0,0,0,0,0,0,0,0,1,0,1,0,1,0,0,1,0,0,0
187,-2.32979887776161,0,0,0,0,0,0,0,1,0,0,0,1,0,0,0,0,0,0,0,0
188,-1.45427701651624,0,0,0,0,0,0,0,1,1,0,0,0,0,1,0,0,0,0,0,0
189,1.20873105449484,1,1,1,1,1,0,1,1,1,1,1,1,1,1,1,1,1,1,1,1
190,0.3264406470318,0,0,0,0,1,0,0,1,1,0,1,1,1,0,1,1,1,0,0,1
191,0.0683554044326491,1,1,1,1,0,0,1,1,1,0,0,1,0,1,0,1,1,0,1,0
192,-0.522189106520562,0,1,0,1,0,0,0,1,1,1,0,1,0,1,0,1,0,0,0,0
193,-1.63872204157657,0,0,0,0,0,0,0,0,0,0,0,0,0,0,0,0,0,0,0,0
194,0.353193446700312,0,1,1,1,1,0,1,0,0,1,1,0,1,1,1,1,1,0,0,1
195,-1.16785086720307,0,0,0,0,0,0,0,0,0,1,0,0,0,0,0,1,0,0,0,1
196,0.184960718500442,1,1,0,0,0,0,0,1,1,1,1,1,1,0,0,1,0,0,1,1
197,0.712829762692421,1,1,1,0,1,1,1,1,0,1,1,0,1,1,1,1,0,0,0,0
198,1.02421098460635,1,1,0,1,1,0,1,1,1,1,0,1,1,0,0,1,1,0,1,1
199,-2.77660004180717,0,0,0,0,0,0,0,0,0,0,0,0,0,0,0,0,0,0,0,0
200,1.60909332000397,1,1,1,1,1,1,1,1,1,1,1,1,1,0,1,1,1,1,1,1
201,-0.425493287163947,0,1,1,0,1,0,0,0,1,0,0,1,0,0,1,1,0,0,0,1
202,-0.2887849837252,0,0,0,0,0,1,0,0,1,1,0,1,0,1,0,1,0,0,0,0
203,1.31628845657638,1,1,1,1,0,1,1,1,1,1,1,1,1,1,1,1,1,1,1,0
204,-0.784785196849375,0,0,0,0,1,0,1,0,1,0,0,0,0,0,0,0,1,0,0,1
205,-0.367886833837721,0,0,1,1,1,0,0,1,1,0,1,1,0,0,0,0,0,0,0,1
206,-0.107450700371471,1,1,1,1,0,0,0,0,1,1,1,0,1,0,1,1,0,0,1,1
207,0.0709635196118729,0,1,1,1,1,0,1,1,0,1,0,1,1,0,0,1,1,0,0,1
208,1.02859641748692,0,1,0,0,0,0,1,1,1,1,1,0,1,1,1,1,1,0,1,1
209,1.1915056713184,1,1,0,1,1,1,1,1,1,1,0,1,1,1,1,1,1,0,0,0
210,0.463812408866715,1,1,1,1,0,0,0,1,1,1,1,1,1,1,0,1,1,0,1,0
211,0.262730486442509,0,1,0,1,0,1,1,0,0,1,0,1,1,0,0,1,1,0,1,0
212,-1.39268270177656,0,0,0,0,1,0,0,0,1,0,0,1,1,1,0,0,0,0,0,0
213,0.129425490765482,0,1,1,1,0,0,0,1,1,0,0,0,1,1,0,1,0,0,0,0
214,0.175887375941786,1,1,0,1,1,0,1,0,1,1,1,1,1,0,0,1,0,0,0,1
215,-1.30422782485766,0,0,0,0,0,0,0,0,0,0,1,0,1,0,0,1,0,0,0,0
216,-0.661904477427418,0,1,1,0,0,0,0,0,0,1,0,1,0,0,0,1,0,0,0,0
217,-0.565033328078662,0,1,1,0,0,1,0,0,0,0,0,1,1,0,1,1,0,0,0,0
218,-1.15227037006967,0,0,0,0,0,0,0,1,0,1,0,1,0,0,0,1,0,0,0,0
219,-0.652560993223631,0,0,0,0,0,0,1,0,1,1,0,0,0,1,1,1,0,0,0,0
220,-0.26303319762974,1,1,0,1,0,0,1,1,0,1,0,0,1,1,0,0,0,0,0,0
221,3.01287845212946,1,1,1,1,1,1,1,1,1,1,1,1,1,1,1,1,1,1,1,1
222,-0.758730195521027,0,1,0,1,0,0,0,1,0,1,1,1,1,0,0,1,0,0,1,1
223,-0.536557592087142,0,1,0,0,0,0,0,1,1,0,0,1,0,0,0,1,1,0,0,0
224,2.11106123439221,1,1,1,1,1,1,1,1,1,1,1,1,1,1,1,1,1,0,1,1
225,-0.446870451233154,0,1,0,0,1,0,1,0,1,1,0,1,0,0,0,1,1,0,1,0
226,0.381034143877075,1,0,0,1,1,0,1,1,1,1,0,1,1,0,1,1,0,0,0,0
227,1.55341461659833,1,1,1,0,1,0,1,1,1,1,1,1,1,1,1,1,1,0,1,1
228,-0.092709875622419,1,1,1,0,1,0,0,0,1,1,1,1,1,0,0,1,0,0,1,1
229,-1.42011644751767,0,0,0,0,0,1,0,0,0,0,0,0,0,0,0,0,1,0,0,0
230,-1.11947641432835,0,0,1,0,0,0,0,0,1,0,1,0,1,0,1,1,0,0,1,1
231,0.570499241831256,1,1,0,1,1,0,1,1,1,1,0,0,1,0,1,1,1,0,1,0
232,2.11654224897975,1,1,1,1,1,0,1,1,1,1,1,1,1,1,1,1,1,0,0,1
233,0.83963501767269,1,1,1,0,1,0,1,1,1,1,1,1,0,1,1,1,0,0,1,1
234,-0.334531173741355,0,0,1,1,0,0,0,1,0,0,0,0,1,1,1,1,1,0,1,0
235,2.24132600841911,1,1,1,1,1,0,1,1,1,1,1,1,1,1,1,1,1,1,1,1
236,-0.209562118896997,0,1,1,1,1,0,0,0,0,1,1,0,0,0,1,1,0,0,0,0
237,-0.636376507153367,0,0,0,1,0,0,0,1,0,0,0,0,0,1,1,0,0,0,0,1
238,0.663193932864627,0,1,1,1,0,0,1,1,1,1,1,1,1,1,1,1,1,0,0,1
239,0.295953426059133,1,1,0,1,0,0,1,0,1,0,0,1,1,1,1,1,1,0,0,1
240,-2.09295634236292,0,1,0,0,0,0,0,0,0,0,0,1,0,0,0,0,0,0,0,0
241,0.811486891526377,1,1,0,1,1,0,1,1,1,0,1,1,1,1,1,1,1,1,1,1
242,-0.0825786647735252,0,1,1,0,0,0,0,0,0,1,1,1,1,0,0,1,0,0,0,1
243,-0.107586388936426,0,1,0,1,0,0,0,1,1,1,0,0,1,0,0,0,0,0,0,0
244,0.141251366779442,0,1,1,1,0,0,0,1,1,1,0,1,1,1,1,1,1,0,0,0
245,-0.0746089978183803,0,1,0,1,1,0,0,1,1,0,0,1,1,1,0,1,1,0,1,1
246,-1.65672519807548,0,0,0,0,0,0,0,0,0,0,1,0,1,0,1,0,0,0,0,0
247,0.228711848043696,1,1,0,1,1,1,0,1,1,1,0,1,1,0,0,1,0,0,0,0
248,-0.53478370375903,1,0,1,1,0,0,0,1,1,1,1,0,1,0,0,1,1,0,1,1
249,0.553445928468069,0,1,1,0,1,0,1,1,1,0,1,1,1,1,1,1,0,0,1,0
250,0.648926824190994,1,1,1,1,1,1,1,1,1,1,1,1,1,0,0,1,1,0,1,1
251,-0.259392867747864,0,1,1,0,0,0,0,1,1,1,1,1,0,0,0,0,0,0,0,0
252,-0.881181832607054,0,0,1,1,0,0,0,0,1,1,0,0,0,1,1,1,0,0,0,0
253,-2.06322458493991,0,0,0,0,0,0,0,0,0,0,1,0,0,0,0,0,0,0,0,0
254,-1.26271267921738,0,1,0,0,1,0,0,0,0,0,0,1,0,0,0,0,0,0,0,0
255,0.120196667437239,1,0,0,1,1,0,0,1,1,1,1,1,1,0,0,0,1,0,0,1
256,-1.39762609866396,0,0,0,0,0,0,0,1,1,0,0,1,0,0,0,0,0,0,0,0
257,-1.34321889831639,0,0,0,0,0,0,0,0,0,0,0,1,0,0,0,1,0,0,0,0
258,-1.98559254535533,0,0,0,0,0,0,0,0,0,0,0,0,0,0,0,0,0,0,0,0
259,-0.647227579312788,0,1,0,0,0,0,0,0,1,1,0,1,0,0,0,1,0,0,0,0
260,-0.000236583687981303,0,1,1,1,0,0,0,0,1,1,0,0,1,0,1,1,1,0,0,1
261,0.404617195917836,0,1,0,0,1,0,1,1,1,1,1,1,1,0,1,1,0,0,0,1
262,0.418461889727125,0,1,1,1,1,0,1,1,1,1,1,1,1,1,0,1,1,0,1,1
263,0.6435887933086,1,1,1,0,1,1,1,1,1,1,0,1,1,1,1,1,1,0,1,0
264,1.89374309528152,1,1,1,1,1,1,1,0,1,1,1,0,1,1,1,1,1,0,1,1
265,-0.648945781736507,0,0,0,1,0,0,0,1,1,0,0,0,0,0,0,1,0,0,0,0
266,-0.737985716395696,0,1,0,0,0,0,0,1,1,1,0,0,0,0,0,1,0,0,0,0
267,-0.544857980808695,0,0,0,0,1,0,0,0,0,0,1,1,0,0,0,1,0,0,0,0
268,-0.909485784335652,0,0,0,0,0,0,0,0,0,0,0,0,0,0,0,0,0,0,0,0
269,0.822976023879436,1,1,1,1,1,0,0,0,1,1,1,1,1,0,1,1,1,0,0,1
270,0.582735999979968,1,1,1,1,1,1,1,0,1,1,1,1,1,0,1,1,1,0,1,0
271,0.743586542572097,1,1,1,1,1,0,0,1,1,1,1,1,0,1,1,1,0,0,1,1
272,-0.670628847551531,1,0,0,1,0,0,0,0,1,1,0,0,0,0,1,0,1,0,0,1
273,1.27698141369832,0,1,1,1,0,0,1,1,1,1,1,1,1,0,1,1,1,0,1,1
274,-1.41396177534732,0,0,0,0,0,0,0,0,0,0,0,0,0,0,0,1,0,0,0,0
275,-0.464185563406237,0,0,0,0,0,0,0,1,0,1,1,0,0,1,1,1,1,0,1,1
276,1.58484850214961,1,1,1,1,1,0,0,0,1,1,1,1,1,0,1,1,1,1,1,1
277,-1.33004076146117,0,0,1,0,0,0,0,0,0,0,0,1,0,0,0,0,1,0,0,1
278,-0.342943682009894,0,0,1,0,0,0,0,1,1,0,0,1,0,1,0,1,0,0,0,0
279,-0.712667670313258,0,0,0,0,0,0,0,0,0,1,0,0,1,0,1,1,0,0,0,0
280,-1.1495583410079,0,1,0,1,0,0,0,0,0,0,0,0,1,0,0,1,0,0,0,1
281,-0.346064364025245,0,1,0,0,1,0,0,0,1,1,0,1,1,1,0,1,1,0,0,1
282,-0.0172370029423251,1,1,1,0,1,0,0,1,1,1,0,0,1,0,0,1,0,0,0,0
283,-0.457975583691652,0,0,1,0,0,0,0,0,1,0,0,0,1,1,1,0,1,0,0,0
284,0.784783319601845,1,1,0,1,1,1,1,1,1,0,1,1,1,0,1,1,0,0,1,1
285,-1.02082961865272,0,1,0,0,0,0,0,0,1,0,0,1,0,1,0,1,0,0,0,1
286,-0.398682963401503,0,0,1,0,1,1,1,0,1,1,0,1,0,0,0,0,1,0,0,0
287,0.585189850091589,1,1,1,1,1,0,1,0,1,1,0,1,1,0,0,1,1,0,0,1
288,-0.535549742360412,0,1,0,1,0,0,0,1,0,1,0,1,1,0,1,0,0,0,0,0
289,-0.916012804124403,0,1,1,0,0,1,0,1,0,0,0,0,0,0,0,0,1,0,0,0
290,-1.40958686559795,0,1,0,0,0,0,0,0,0,0,0,1,0,0,0,1,0,0,0,1
291,2.10681037974469,1,1,1,1,1,1,1,1,1,1,1,1,1,1,1,1,1,1,1,1
292,2.46966176855407,1,1,1,1,1,1,1,1,0,1,1,1,1,1,1,1,1,0,1,1
293,-0.854973757469877,0,1,0,0,0,0,0,1,1,0,0,0,1,0,1,1,0,0,0,0
294,-0.0518947176216671,0,1,0,1,1,0,0,1,1,1,0,0,1,1,1,0,0,0,0,0
295,2.12204116962407,1,1,0,1,1,1,1,1,1,1,1,1,1,1,1,1,1,1,1,1
296,1.78861513169584,1,1,1,1,1,1,1,1,1,1,1,1,1,1,1,1,1,1,1,1
297,1.06280421212727,0,1,1,1,0,1,1,1,1,1,1,1,1,0,1,1,0,0,1,1
298,-0.3355274974498,0,1,0,0,1,0,0,0,1,1,0,0,1,0,0,1,0,0,0,0
299,-0.0897369992412416,1,1,1,1,1,0,0,0,1,1,1,1,1,0,1,1,1,0,1,0
300,-0.304961848915688,1,0,0,1,0,0,1,0,1,1,0,1,0,0,0,0,0,0,0,1
301,0.687113544556199,1,1,1,1,1,1,0,1,1,1,0,1,1,0,1,1,0,0,0,1
302,-0.39613475679251,0,1,0,1,0,0,0,0,1,0,1,0,1,1,0,1,1,0,0,0
303,0.626006629017517,0,1,1,1,1,1,0,0,1,0,1,1,1,1,1,1,0,1,0,1
304,-0.242710296891714,1,0,0,0,0,0,1,1,1,1,0,1,0,0,0,1,0,0,0,0
305,0.960747597534397,1,1,1,1,1,1,1,1,1,1,1,1,1,0,1,1,0,1,1,1
306,-0.931952822116257,0,0,0,1,0,0,0,1,1,0,0,0,0,0,0,0,0,0,0,0
307,0.30262479855825,1,0,0,0,1,0,1,0,1,0,1,1,1,1,1,1,1,0,1,0
308,-0.445915476815977,0,1,0,0,0,0,0,1,1,1,0,1,1,0,1,1,0,0,1,1
309,1.85140586744819,1,1,1,1,1,1,1,1,1,1,1,1,1,0,1,1,1,0,1,1
310,-0.439392204271238,0,0,1,0,0,0,0,1,1,1,0,0,1,0,0,0,1,0,1,0
311,-1.07371366815369,0,0,0,1,0,0,0,0,0,0,0,1,0,0,0,0,0,0,0,0
312,0.107409243452078,1,1,0,1,1,1,1,1,1,1,1,1,1,1,1,1,1,0,0,1
313,0.121809845828889,0,1,0,1,1,0,1,0,1,1,1,1,1,1,1,1,1,0,0,0
314,0.652281391351499,0,1,1,1,1,1,1,1,1,1,0,1,1,0,0,1,1,0,1,1
315,0.854748070960124,1,1,0,1,1,0,1,1,1,0,1,1,0,1,1,1,1,1,0,1
316,1.139840598228,0,1,1,1,1,0,1,0,1,1,1,1,1,0,1,1,0,1,1,1
317,-0.637044245630513,0,1,0,1,0,0,0,0,1,1,0,1,1,0,0,1,0,0,0,0
318,0.276707550199076,1,0,0,0,1,0,0,0,1,1,1,1,1,0,1,1,0,0,1,1
319,1.5422565262597,0,1,1,1,1,0,1,1,1,1,1,1,1,1,1,1,1,1,1,1
320,2.2097246265659,0,1,1,1,0,1,1,1,1,1,1,1,1,1,1,1,1,1,1,1
321,-0.140038608588807,0,1,0,1,0,0,0,0,0,1,0,1,1,0,0,1,1,0,1,1
322,0.364697432600437,0,1,1,0,0,0,1,1,1,1,0,1,1,0,1,1,0,0,1,1
323,1.64391983559018,1,1,1,1,1,1,1,1,1,1,1,1,1,1,1,1,0,1,1,1
324,0.93991170755201,0,1,0,0,1,0,1,1,1,1,1,1,1,0,1,1,1,0,1,1
325,0.333952586932964,1,1,0,1,1,1,0,1,1,1,1,1,1,0,1,1,1,0,0,0
326,0.352016844627966,0,1,1,1,0,0,1,0,1,1,0,1,1,0,1,1,0,0,0,0
327,1.89205473410664,1,1,1,0,0,1,1,0,1,0,1,1,1,1,1,1,1,1,1,1
328,2.06784312336584,1,1,1,1,1,1,1,1,1,1,1,1,1,1,1,1,1,1,1,1
329,-1.17751754588119,0,1,1,0,1,0,0,1,0,0,0,1,0,0,0,1,0,0,0,0
330,-1.16453049942162,0,0,0,0,0,0,0,0,0,0,0,0,0,0,0,0,0,0,0,1
331,-1.62362195734786,0,0,0,0,0,0,0,1,0,0,0,0,0,0,0,1,0,0,0,0
332,-0.0251613955168958,0,1,0,1,1,0,0,1,0,1,0,1,1,1,1,1,1,0,1,1
333,-0.992481506263197,0,1,0,0,0,0,0,0,1,0,1,0,0,1,0,0,0,0,0,0
334,-1.0759000263743,0,1,0,0,0,0,1,0,1,0,0,1,0,0,0,1,0,0,0,0
335,1.19088101972882,1,1,1,1,1,0,0,1,1,1,1,1,1,1,1,1,1,1,1,1
336,-0.0895852992263532,1,1,1,0,0,0,0,1,0,1,0,1,1,0,1,1,0,0,0,0
337,-0.7205799139224,0,0,1,0,0,0,0,1,1,1,1,0,1,0,0,0,1,0,0,0
338,-1.48492887551013,0,0,1,1,0,0,0,0,1,0,0,1,0,0,0,1,0,0,0,0
339,1.17417753232635,1,1,1,0,1,0,1,1,1,1,1,1,1,1,1,1,0,0,1,1
340,0.157190147109035,0,1,1,0,0,0,0,0,1,1,1,1,0,0,1,1,1,0,1,1
341,0.19147190256025,0,1,0,1,1,0,1,1,0,0,1,1,1,1,1,1,0,0,1,1
342,0.131010569453197,1,1,0,1,0,0,1,1,1,1,0,1,1,0,1,1,1,0,1,1
343,1.91978335098978,1,1,1,1,1,0,0,0,1,1,1,1,1,1,1,1,1,0,1,1
344,-1.23979510518459,0,0,0,1,0,0,0,1,0,0,0,1,0,0,0,1,1,0,0,0
345,-1.08300017413842,0,0,0,0,0,0,1,1,1,0,1,0,0,0,0,1,1,0,0,0
346,1.46468527103891,0,1,1,1,0,1,1,1,1,1,0,1,1,0,1,1,1,0,1,1
347,0.987733554656729,1,1,1,1,1,0,1,1,1,1,1,1,1,1,1,1,1,0,1,0
348,0.462775076472619,1,1,1,1,1,0,1,0,1,1,0,1,1,1,0,1,0,0,1,1
349,0.346890584406644,1,0,1,1,1,0,1,1,1,1,0,1,1,0,1,1,1,0,1,0
350,-0.137341068938908,0,1,0,0,0,0,0,0,1,1,1,1,0,0,0,0,0,0,0,1
351,-1.04674040266545,0,0,0,1,0,0,0,1,0,1,0,0,1,0,0,0,0,0,0,0
352,-1.06475687369967,0,1,0,0,1,0,0,1,0,0,0,0,0,0,0,1,0,0,1,0
353,0.0156162340005913,0,0,0,0,1,0,0,0,0,1,1,1,1,0,1,0,0,0,0,0
354,-0.545293921675875,1,1,0,0,1,0,0,0,1,1,1,1,0,1,0,1,0,0,0,0
355,0.48945370780865,0,1,0,1,1,0,1,1,1,1,1,1,1,0,1,1,1,0,1,1
356,1.50497466791856,1,1,1,1,0,1,1,1,1,0,1,1,1,1,1,1,1,0,1,1
357,0.113621940113327,0,1,0,0,0,0,1,1,1,1,1,0,1,1,1,1,0,0,1,0
358,-1.15175212448069,0,0,0,0,0,0,0,1,1,0,0,1,0,0,0,0,0,0,0,0
359,-1.59392165757939,0,0,0,0,0,0,0,0,0,0,0,0,0,0,0,0,0,0,0,0
360,-0.650577668250509,0,0,0,0,0,0,0,0,1,1,0,0,1,0,0,0,0,0,0,1
361,-0.881420435333222,0,0,0,1,1,0,0,1,1,0,0,1,1,0,0,0,0,0,0,0
362,1.59097571367344,1,1,1,1,1,1,1,1,1,1,1,1,1,1,1,1,1,1,0,1
363,-0.0432990840321306,1,1,0,0,1,0,1,1,1,0,1,1,1,1,1,1,1,0,0,0
364,0.326590598409479,1,1,1,1,0,0,1,1,1,0,1,1,1,0,1,1,0,0,0,1
365,-1.30927665067882,0,0,0,1,0,0,0,1,0,0,1,0,0,0,0,0,0,0,0,1
366,0.654520796648728,0,1,1,0,1,0,1,1,0,1,1,1,1,1,1,1,1,0,0,1
367,-0.537600762702322,0,0,0,1,0,0,0,0,0,1,0,1,0,0,1,0,0,0,0,1
368,-0.426466636304899,0,1,0,1,1,0,0,1,1,1,0,1,1,0,1,0,0,0,1,0
369,0.421676065445836,0,1,1,1,0,0,1,1,0,1,1,1,1,0,1,1,1,0,0,0
370,-0.128089990579546,0,1,0,1,1,0,0,0,0,1,1,1,0,1,0,1,1,0,0,0
371,1.14314070423023,1,1,1,0,1,0,1,1,1,1,1,1,1,1,0,1,1,0,0,1
372,-0.585348738063373,0,0,1,0,1,1,0,0,1,0,0,0,0,0,0,1,0,0,0,1
373,0.660344064454246,0,1,0,1,1,0,0,1,1,1,0,1,1,1,1,1,1,0,1,1
374,1.72607415823211,1,0,1,1,0,1,1,0,1,1,1,1,1,0,1,1,1,0,1,1
375,-0.686743481437303,0,1,0,1,0,0,0,1,0,1,0,1,0,0,0,1,0,0,0,0
376,0.147926684819454,1,1,1,0,1,0,0,1,1,1,0,1,1,0,1,1,0,0,0,0
377,-0.114639000885976,0,1,0,1,0,0,0,1,0,1,0,0,1,0,0,1,0,0,0,0
378,-0.142064810494322,1,1,0,1,0,0,1,1,0,0,0,1,1,0,1,1,0,0,0,0
379,0.673099783447867,1,1,1,1,0,0,1,1,1,1,1,1,1,1,0,1,1,0,0,1
380,1.24137127430064,1,1,1,0,1,1,1,1,1,1,1,1,1,0,1,1,1,1,0,1
381,-0.639052507433933,0,0,1,1,0,0,1,0,0,1,0,0,1,0,0,1,0,0,0,1
382,-0.0635190953754148,0,1,0,0,0,1,1,1,1,1,0,0,1,1,0,0,1,0,0,0
383,-0.865585490712199,0,1,1,1,0,0,0,0,1,0,1,1,1,0,0,0,0,0,0,0
384,1.00997061340402,1,1,1,0,1,0,1,0,1,1,0,1,1,0,1,1,0,0,1,0
385,1.29277262112372,1,1,1,0,0,1,1,1,1,1,1,1,1,1,1,1,1,0,0,1
386,-0.514142128350964,0,1,0,0,0,0,0,0,1,1,0,1,0,0,0,1,0,0,0,1
387,0.104335791131976,0,1,0,1,1,0,0,1,1,1,1,1,1,1,0,1,0,0,0,0
388,-0.48873366793964,0,1,0,0,0,0,0,0,0,0,0,1,1,0,0,1,0,0,0,0
389,0.317168753187911,0,1,1,1,0,0,0,1,1,1,0,1,1,0,1,1,0,0,0,1
390,0.347342414115466,1,1,1,1,1,0,0,1,1,1,1,1,1,0,0,1,1,0,0,1
391,0.999006346074356,1,1,1,1,1,0,1,1,1,1,1,1,1,1,1,1,0,0,1,1
392,-0.237999179256073,0,1,0,1,1,0,0,1,0,0,1,1,1,1,1,1,1,0,0,0
393,0.95686081541184,0,1,1,1,1,0,1,1,1,1,1,1,1,1,1,1,1,0,1,1
394,-0.253917402214706,0,1,0,0,1,0,0,1,0,1,1,0,1,0,1,0,0,0,1,0
395,-0.960083268498793,0,0,0,1,1,0,0,1,0,1,1,0,0,0,0,1,0,0,0,1
396,-1.75629312750454,0,0,0,1,0,0,0,0,0,0,0,1,0,0,0,0,0,0,0,1
397,0.399512109828432,1,1,1,0,1,0,0,0,1,1,1,1,1,0,1,0,1,0,0,1
398,0.592236948587967,0,1,1,1,0,0,0,1,1,1,0,0,1,1,1,1,0,0,1,0
399,0.523607241675935,0,1,0,1,0,0,0,0,1,1,0,1,1,1,1,1,0,0,0,0
400,1.54530103581435,1,1,0,1,1,0,1,1,1,1,1,1,1,1,1,1,0,0,1,1
401,1.08616630967597,0,1,1,0,1,1,0,1,1,1,0,1,1,1,1,1,0,0,0,1
402,0.188441633398618,1,1,1,0,0,0,0,0,1,1,0,0,1,0,1,1,0,0,0,0
403,-2.07861638841312,0,0,0,0,0,0,0,1,0,0,0,1,0,0,0,0,0,0,0,0
404,-1.44854876354799,0,0,0,0,0,0,0,1,1,0,0,0,0,0,0,0,0,0,0,0
405,-1.61030946061184,0,0,1,0,0,0,1,1,0,1,0,0,0,0,0,0,0,0,0,1
406,-0.601879024286031,0,0,0,0,0,0,0,1,1,1,0,0,1,0,1,1,0,0,0,0
407,-0.197022122230949,0,0,1,1,0,0,0,1,1,1,1,0,1,1,1,1,0,0,0,0
408,-0.761674189375648,0,0,0,0,1,0,0,1,1,1,0,1,0,0,0,1,1,0,0,1
409,-0.219528936428603,0,1,1,1,0,0,0,0,1,1,1,1,1,1,1,0,0,0,0,0
410,-1.10017086169649,0,1,0,0,0,0,0,0,0,0,0,1,1,0,0,0,0,0,0,0
411,-1.46858712314754,0,0,0,0,0,0,0,0,0,0,1,0,0,0,0,0,0,0,0,0
412,-0.0886719289122802,0,1,1,1,0,0,0,1,1,1,1,1,0,0,1,1,0,0,0,1
413,0.352718955831774,0,1,1,1,1,1,1,1,0,1,1,1,1,0,0,1,0,0,0,0
414,0.354507947244811,1,1,1,1,1,0,1,1,1,1,0,1,1,0,1,1,0,0,0,1
415,0.0224434350774685,0,1,1,1,1,0,1,1,1,1,1,1,1,0,1,1,0,0,1,0
416,0.654867390629519,0,1,0,1,0,0,0,1,1,1,1,1,1,0,1,1,1,0,0,0
417,0.268388126266623,1,1,1,0,1,0,0,1,1,1,0,1,1,0,0,1,0,0,1,1
418,0.0703484687784635,0,1,0,0,1,0,1,1,1,1,0,1,1,1,1,1,1,0,0,0
419,-0.305171109922855,0,1,0,1,0,0,0,1,0,1,1,0,1,0,1,1,1,0,0,0
420,1.14149190994711,1,1,0,0,1,1,1,0,1,1,1,1,1,1,1,1,1,0,1,1
421,0.778608193908917,0,1,1,0,0,0,1,1,0,1,0,1,1,1,1,1,0,0,1,1
422,0.720371627996425,0,1,1,0,1,1,1,1,0,1,1,1,1,1,1,1,1,1,1,1
423,-1.52024450568907,0,0,0,0,0,0,0,0,0,1,0,0,0,0,1,0,0,0,0,0
424,0.0876215335091703,0,1,1,1,1,0,0,1,1,0,0,1,1,0,1,1,1,0,0,0
425,0.894311410336037,1,1,1,0,1,0,1,1,1,1,1,1,0,0,1,1,1,1,1,0
426,-0.711468437037891,1,1,0,0,0,1,0,1,1,1,0,0,0,0,1,1,0,0,0,0
427,0.555990677643569,0,1,1,1,0,0,1,1,1,1,0,1,1,0,1,1,1,0,0,1
428,-0.0268006703417233,0,1,0,1,0,0,0,0,0,0,0,1,1,1,0,1,1,0,0,1
429,0.32637113053488,0,0,0,1,0,0,0,1,0,1,1,1,1,0,0,0,0,0,1,1
430,-0.539887237239876,1,1,0,1,1,1,0,1,1,1,1,1,1,0,1,1,1,0,0,0
431,-0.377970969075933,0,1,0,1,0,1,0,1,1,1,1,1,0,0,1,0,1,0,0,1
432,-1.5844473675971,0,0,0,0,0,0,0,0,0,1,0,1,0,0,0,0,0,0,0,0
433,-0.0512733918509872,0,1,1,1,0,0,1,0,1,1,0,1,1,0,0,1,0,0,0,0
434,-0.534067743790062,0,0,0,1,0,0,0,1,0,1,0,1,1,0,1,1,0,0,0,1
435,-0.440992018388636,0,1,0,1,0,0,0,1,0,0,1,1,1,0,0,0,0,0,1,1
436,1.80002864028954,1,1,1,1,1,0,1,1,1,1,1,1,1,1,1,1,1,0,1,1
437,-1.78592941965727,0,0,0,0,0,0,0,1,1,0,0,0,0,0,0,1,0,0,0,0
438,-0.965659044855453,0,0,0,1,1,1,0,1,0,1,0,1,0,0,0,0,0,0,0,0
439,1.72249042284785,1,1,1,1,1,0,1,0,1,1,1,1,1,0,1,1,1,1,1,1
440,1.12814299999018,1,1,1,1,1,1,1,1,1,1,1,1,1,1,0,1,1,1,1,1
441,-0.39860062346594,0,1,1,1,1,0,0,0,1,1,1,1,1,0,1,1,0,0,0,0
442,0.268110161976542,0,1,1,0,1,0,1,1,1,1,1,1,1,0,0,1,1,0,0,1
443,-0.486435542898585,0,0,0,1,0,1,0,1,0,0,0,1,0,0,1,1,0,0,0,0
444,-0.0531961588866641,0,0,0,1,0,0,0,1,1,1,0,1,0,1,0,1,0,0,0,1
445,-0.782375763975201,0,1,0,0,0,0,0,1,0,0,0,1,0,0,0,1,1,0,0,0
446,0.734155494938612,0,1,0,1,1,1,1,0,1,1,0,1,1,1,1,1,1,1,0,0
447,0.358574475517732,0,1,0,1,1,1,0,0,0,1,0,0,1,0,1,1,0,1,0,0
448,1.35321443670284,0,1,1,1,1,0,0,1,1,1,1,1,1,1,1,1,1,0,1,1
449,-0.48257434108746,1,1,0,1,0,0,0,1,1,1,1,0,1,0,1,1,0,0,0,0
450,-1.12967246386591,0,1,0,0,0,0,1,0,0,0,0,1,0,0,0,1,0,0,0,0
451,-0.904780433566107,0,0,0,1,0,0,0,0,0,0,0,0,1,0,0,0,0,0,1,0
452,-0.0854666412825205,0,1,0,0,1,1,1,0,1,1,0,1,1,0,1,1,0,0,1,0
453,0.464113812932972,1,1,0,1,1,1,1,1,1,1,1,1,1,1,1,0,0,0,1,0
454,-0.0501520013780295,0,1,0,1,1,0,1,1,0,1,0,1,1,0,1,1,1,0,0,0
455,-0.438956168716678,0,0,1,0,0,0,1,0,1,1,1,1,0,1,0,1,0,0,1,0
456,2.35332998100781,1,1,1,1,1,0,1,1,1,1,1,1,1,1,1,1,1,1,1,1
457,-0.388554691727432,0,1,1,1,0,0,0,0,1,1,0,1,1,0,0,1,0,0,0,1
458,0.193078167594747,0,1,0,1,1,0,1,1,1,1,0,1,1,0,1,1,1,0,1,1
459,-0.886811871481082,0,0,0,1,0,0,0,0,0,1,0,0,1,0,0,0,0,0,0,0
460,-1.11590942823179,0,0,0,0,0,1,0,0,0,0,0,0,0,0,0,1,1,0,0,0
461,-0.56502748539733,0,1,0,1,0,0,1,1,0,0,1,0,0,0,1,0,0,0,0,0
462,0.944803729431538,0,1,1,1,0,1,1,0,1,1,0,1,1,1,1,1,0,0,0,1
463,0.374661530108067,0,1,1,1,0,0,1,1,1,1,0,0,1,0,0,1,0,0,1,1
464,0.885477805393719,0,1,1,1,1,1,1,1,1,1,1,1,1,0,1,1,0,0,1,1
465,-0.153163757202192,0,0,1,0,0,0,1,1,1,1,1,0,1,0,0,0,0,0,0,0
466,0.990164108518495,1,1,1,1,1,0,0,0,1,0,1,1,0,1,1,1,1,1,0,0
467,-0.193752142118303,0,0,1,1,1,0,0,0,1,1,1,1,1,1,0,1,1,0,0,0
468,-0.186738310035635,0,1,0,0,1,0,0,0,1,1,1,1,1,0,1,1,0,0,0,1
469,-1.2554691866122,0,1,0,0,0,0,0,0,0,0,0,0,1,0,0,0,0,0,0,0
470,1.4464370026023,1,1,1,1,1,1,1,0,1,1,0,1,1,0,1,1,1,0,1,1
471,-0.85375319633786,0,0,0,1,1,0,0,1,0,0,1,0,1,1,0,0,0,0,0,0
472,-0.303613680749684,0,1,1,0,1,0,0,0,1,1,0,0,1,0,1,0,0,0,0,1
473,-0.602360471458728,0,1,0,0,0,0,0,1,0,1,0,1,0,0,1,1,0,0,0,1
474,1.27831249625709,0,1,0,1,1,1,1,1,1,1,1,1,1,0,1,1,1,0,0,0
475,0.241729649169619,0,1,0,1,0,0,1,1,0,0,0,1,0,1,1,1,0,0,0,0
476,0.510467684620048,1,1,1,1,1,0,0,1,1,1,0,1,1,1,0,1,1,0,1,1
477,0.0895444808916304,0,1,1,1,1,0,0,1,0,1,0,1,1,0,1,1,1,0,1,1
478,0.598495611664965,0,1,1,0,0,0,1,1,1,1,0,1,1,0,1,1,0,0,1,1
479,0.743584136554177,1,1,1,1,0,0,1,1,1,1,0,1,1,1,1,1,0,0,1,1
480,1.04899573483971,0,1,1,1,1,0,1,1,1,1,1,1,1,1,1,1,0,0,1,1
481,-1.42243281963514,0,0,0,0,0,0,0,0,1,1,0,0,1,0,0,0,0,0,0,0
482,1.44633037630178,1,1,1,1,1,0,1,1,1,1,1,0,1,1,1,1,1,0,1,1
483,1.12788731386766,1,1,1,1,1,1,0,1,1,0,1,1,1,1,1,1,1,1,1,1
484,1.05466851367368,1,0,1,1,1,0,0,1,1,1,0,1,1,1,1,1,0,1,1,1
485,2.18949760348568,1,1,1,1,0,1,1,1,1,1,1,1,1,1,1,1,1,1,1,1
486,-0.10927837515395,1,0,1,0,0,0,0,0,1,1,0,1,0,0,1,1,0,0,0,1
487,0.409908778039259,0,1,0,0,1,0,1,1,1,1,0,1,1,0,0,1,1,0,0,0
488,-0.111194429169768,0,1,0,1,0,1,0,1,1,1,0,1,0,1,0,1,0,0,1,1
489,1.91517738501883,1,1,1,1,1,0,1,1,1,1,1,1,1,1,1,1,1,1,1,1
490,0.0118537832058344,0,1,0,0,1,0,0,1,1,0,0,1,1,0,1,1,1,0,0,0
491,0.10391570324433,0,1,0,1,0,0,1,1,1,1,0,1,0,1,1,1,0,0,1,1
492,0.303590382473591,1,1,1,1,0,0,1,1,1,0,0,1,1,0,1,1,1,0,0,1
493,0.345036261883081,0,1,0,0,0,0,1,1,1,1,1,1,1,1,1,1,0,0,0,1
494,-0.159043215369389,0,1,1,1,0,0,0,1,1,1,0,0,0,1,0,0,0,0,0,1
495,0.631174611298571,0,1,1,1,0,1,1,1,1,1,1,1,1,0,1,1,0,0,1,1
496,-3.06289225289688,0,0,0,0,0,0,0,1,0,0,0,0,0,0,0,0,0,0,0,0
497,-1.68682220883172,0,0,0,0,0,0,0,1,0,0,0,1,0,0,0,0,0,0,0,0
498,0.609727360913712,0,1,1,1,1,0,1,1,1,1,1,1,1,1,1,1,0,0,1,1
499,-0.641263370706609,0,1,0,0,0,0,1,0,1,1,0,1,0,0,1,1,0,0,0,0
500,-1.7016609453465,0,0,0,0,0,0,0,0,0,0,0,0,0,0,0,1,0,0,0,0
501,1.22248688036842,1,1,0,1,1,0,1,0,1,1,0,1,1,1,1,1,0,0,1,1
502,1.57691275486955,1,1,1,1,1,1,1,1,1,1,0,1,1,1,1,1,1,0,1,1
503,0.310027538273306,0,1,1,1,1,0,0,1,1,1,1,1,1,1,1,1,0,0,1,1
504,1.10052814231161,1,1,1,1,1,0,0,1,1,1,0,1,1,1,1,1,1,0,1,1
505,0.931336690578403,1,1,1,1,0,0,1,0,1,1,1,1,1,1,1,1,0,0,1,1
506,-1.08187696197838,0,0,0,0,1,0,0,1,0,1,0,0,0,0,0,0,0,0,0,0
507,0.227596507034909,0,0,0,1,0,0,0,1,1,0,1,1,1,0,0,1,0,0,0,1
508,1.95998224547724,1,1,1,1,1,1,1,1,1,1,0,1,1,1,1,1,1,1,1,1
509,0.266888390591619,0,1,0,0,0,0,1,1,1,1,0,1,1,0,1,1,1,0,1,1
510,-0.327278550039561,0,1,0,1,0,0,0,0,1,0,0,0,1,0,0,1,0,0,0,0
511,-0.194199118571297,0,0,0,0,1,0,1,0,0,1,0,0,0,0,1,1,1,0,0,1
512,1.14622352622543,0,1,1,1,0,1,1,0,1,1,0,1,1,1,1,1,0,0,1,1
513,-0.450068563839024,0,0,0,1,0,0,0,1,1,1,0,0,0,0,0,1,1,0,0,0
514,0.180378792078083,0,1,0,1,0,0,0,1,1,1,1,1,1,0,0,1,0,0,1,1
515,0.766848304105535,1,1,0,1,0,0,0,0,0,1,1,1,1,1,0,1,1,0,1,1
516,1.75517532199479,1,1,1,1,1,1,1,0,1,1,0,1,1,1,1,1,1,0,1,1
517,0.710300203273506,0,1,1,1,0,1,1,0,1,1,1,1,1,1,1,1,1,0,0,0
518,0.750143507901238,0,1,0,1,0,1,1,1,1,1,0,1,1,1,1,1,0,0,1,0
519,-0.540703221792498,0,0,1,0,0,0,1,1,1,0,0,0,0,0,1,1,0,0,1,0
520,-0.695047168819414,0,0,0,1,0,0,0,0,1,1,1,1,1,0,0,1,0,0,0,0
521,-0.257080633060831,0,1,0,1,1,0,0,1,1,1,0,1,1,1,0,1,0,0,0,0
522,0.0135320089115396,0,1,1,1,0,1,0,1,1,1,0,0,1,1,0,1,0,0,1,1
523,-0.505396354076576,0,0,0,0,0,0,0,0,1,1,0,1,0,0,1,0,0,0,0,1
524,-0.521699525241281,0,0,0,1,0,0,0,0,1,1,0,1,0,1,0,1,1,0,0,1
525,-1.1175512593484,0,0,1,0,0,0,0,1,0,0,0,0,0,0,1,1,0,0,0,0
526,0.0511267616395573,0,1,0,0,1,0,1,1,1,1,1,0,0,1,0,1,0,0,1,1
527,-0.72758508024551,0,1,1,1,0,0,0,0,0,0,0,1,0,0,0,0,0,0,0,0
528,-0.384815434073156,0,1,1,0,0,1,0,0,0,0,0,1,1,0,0,1,0,0,0,1
529,2.02543054776111,0,1,1,1,1,1,0,1,1,1,1,1,1,1,1,1,1,1,1,1
530,0.776465643574158,1,1,1,1,0,1,1,0,0,1,0,0,1,1,1,1,0,0,0,1
531,-0.749277962855513,0,0,0,1,0,0,0,0,1,0,1,1,1,0,0,1,0,0,0,0
532,0.221666555738071,0,1,1,0,0,1,1,0,1,1,1,1,1,0,1,1,1,0,0,0
533,1.49717790792117,1,1,1,1,0,1,1,1,1,0,1,1,1,0,0,1,1,0,0,1
534,1.48510380843469,0,1,0,0,1,0,1,0,1,1,1,1,1,1,1,1,1,0,1,1
535,0.326588341529775,0,1,1,1,1,0,0,1,1,0,1,1,1,0,1,1,1,0,0,1
536,-0.634774119744809,0,0,0,0,0,0,0,1,1,0,1,0,1,1,0,1,0,0,0,1
537,0.936236807563415,1,1,0,0,0,0,0,1,1,1,0,1,1,1,1,1,1,1,1,1
538,-1.94974237039472,0,0,0,0,0,0,0,0,0,0,0,0,0,0,0,0,0,0,0,0
539,0.540766277365951,1,1,1,1,1,0,1,0,1,1,0,1,1,1,1,1,1,0,1,1
540,-0.977740352523819,0,0,0,1,0,0,0,0,1,0,0,0,0,0,0,1,0,0,0,0
541,-1.09558410183285,0,0,0,0,1,0,0,1,1,1,0,1,1,1,0,1,0,0,0,0
542,0.449474760188387,0,1,1,1,1,0,1,0,1,1,1,1,1,0,1,1,1,0,1,0
543,1.54630192344078,0,1,1,1,1,0,1,0,1,1,1,1,1,1,1,1,1,1,1,1
544,-0.162585600517414,0,1,1,1,0,1,1,0,1,1,0,1,1,0,1,1,0,0,1,1
545,-0.143818386708404,0,1,1,0,1,1,0,1,1,1,0,1,1,0,0,1,1,0,0,1
546,1.53515454580414,0,1,1,1,1,1,1,1,1,1,0,1,1,0,1,1,0,0,1,0
547,0.820686422590323,0,1,1,1,1,0,0,1,1,1,1,1,1,1,1,1,1,0,0,1
548,0.133703094731057,1,1,0,0,0,0,0,0,1,1,0,1,1,1,1,1,1,1,1,0
549,1.07664890935947,0,1,1,1,0,1,1,1,1,1,1,1,1,1,1,1,1,0,1,1
550,0.34097805687914,0,1,0,0,1,0,0,1,1,1,1,0,1,0,1,1,0,0,0,1
551,-0.632035396384366,0,0,0,0,0,0,0,0,1,1,0,0,0,1,0,1,0,0,0,0
552,-1.06248140322039,0,0,0,1,0,0,0,1,1,0,0,0,1,0,0,0,0,0,0,0
553,-0.444868481080553,0,1,0,1,0,0,0,1,1,1,0,1,1,0,0,0,0,0,1,0
554,-1.20558400215067,0,1,0,0,0,0,0,0,1,0,0,0,0,0,1,0,0,0,0,1
555,-0.428012451072477,0,1,0,1,1,0,0,0,1,0,0,1,1,0,0,1,0,0,0,0
556,-0.488653357508123,0,0,0,1,0,0,0,1,1,0,0,1,1,1,0,1,1,0,0,0
557,-0.925714991746148,0,0,0,1,0,0,0,0,0,1,1,0,0,1,0,0,1,0,1,1
558,0.817313686276125,0,1,1,0,1,0,1,1,1,1,1,0,1,1,1,1,0,0,1,1
559,0.246218413782649,1,1,1,1,0,0,1,0,0,1,0,1,1,1,0,1,0,0,0,0
560,-0.23379678201667,0,1,1,1,0,1,1,1,1,1,0,0,1,0,0,1,1,0,0,0
561,-1.56033411812801,0,1,0,1,0,0,0,0,1,0,0,1,0,0,0,1,0,0,0,0
562,-0.512840486138252,1,1,0,1,0,0,0,1,1,0,0,1,1,1,1,0,0,0,0,0
563,-0.64075329509845,0,0,0,1,1,0,0,0,0,1,0,1,1,0,1,1,0,0,0,0
564,-1.33690791104023,0,0,0,0,0,0,0,0,1,0,0,0,0,0,0,1,0,0,0,0
565,-1.17763470548049,0,0,0,0,0,0,0,1,0,1,0,0,0,0,0,1,0,0,0,1
566,0.59560981153574,0,1,1,1,1,0,1,1,1,0,0,1,1,1,1,1,1,1,0,0
567,-0.73320882723276,0,1,0,1,0,0,0,0,0,1,0,0,0,0,1,1,0,0,1,0
568,0.693646497886709,1,1,1,1,1,0,1,1,1,1,1,0,1,0,1,1,1,0,1,1
569,-0.636581827688916,0,0,0,1,0,0,0,0,0,1,0,0,1,0,0,1,0,0,0,0
570,0.00514295667520788,0,1,1,1,0,0,1,1,1,1,0,1,1,0,1,1,0,0,1,0
571,-1.44121509582331,0,0,0,0,0,0,0,0,0,0,0,0,0,0,0,0,0,0,0,0
572,0.490577965212872,0,1,1,1,1,0,1,1,1,0,0,1,1,1,1,1,0,0,0,1
573,-0.567703075481289,0,0,0,0,0,1,0,0,1,1,0,0,1,0,1,1,0,0,0,1
574,1.40802980709023,0,1,1,1,0,1,1,0,1,1,1,1,1,1,1,1,1,0,0,1
575,1.03891424942476,1,1,0,1,1,1,1,1,1,0,1,1,1,0,1,0,1,0,1,1
576,-1.05449756103314,0,0,0,0,1,0,0,0,0,0,0,0,0,0,0,1,0,0,0,0
577,-1.1505318805017,0,0,0,0,0,0,0,0,1,0,0,0,0,0,1,0,0,0,0,0
578,1.19431248167948,1,1,1,1,0,1,1,1,1,1,1,1,1,1,1,1,0,0,0,1
579,-0.908175383861715,0,0,0,0,0,0,0,0,1,0,1,1,0,0,0,1,0,0,0,0
580,0.663264510956678,1,0,1,1,1,0,1,1,1,1,0,1,1,1,0,1,1,0,1,1
581,-0.606615665774237,0,1,0,0,0,0,0,0,0,0,0,1,1,0,0,0,0,0,0,0
582,-0.776947001840437,0,1,0,0,1,0,0,0,1,1,0,1,0,0,0,1,0,0,0,1
583,0.45866063128642,0,1,1,0,1,0,0,1,1,1,0,1,1,0,0,1,1,0,0,1
584,-0.552084761860317,0,1,0,1,0,0,0,0,1,1,0,0,0,1,0,1,0,0,1,0
585,-2.08147582887876,0,0,0,0,0,0,0,1,1,0,0,0,0,0,0,0,0,0,0,0
586,-0.297721821203752,0,1,0,0,0,1,1,1,1,1,0,1,0,0,0,1,0,0,0,1
587,1.86904494609171,1,1,1,0,1,1,1,1,1,1,1,1,1,1,0,1,1,0,1,1
588,1.75115174781718,1,1,1,1,1,1,1,1,1,1,1,1,1,0,1,1,1,1,1,1
589,-0.430994659514937,1,1,0,0,1,0,0,0,0,1,0,0,1,0,0,0,1,0,0,0
590,-0.523703819353442,0,1,0,0,0,0,0,1,0,0,0,1,1,0,0,1,0,0,0,0
591,1.67640187759517,1,1,1,1,1,1,0,0,1,1,1,1,1,1,1,1,0,0,1,1
592,-1.39026942575626,0,0,1,0,0,0,0,0,1,0,0,0,0,0,0,0,0,0,0,0
593,0.697571507809375,0,1,0,0,0,1,0,1,1,1,1,1,1,0,1,1,1,0,1,1
594,-1.66602886596208,0,0,0,0,0,0,0,1,0,0,0,0,0,0,0,1,0,0,0,1
595,0.505919641682291,1,1,0,1,1,0,1,1,1,1,0,1,0,1,1,1,0,0,0,1
596,0.305633345628747,0,1,1,1,0,0,1,0,1,0,1,1,0,0,1,1,0,0,1,1
597,-0.517012357329905,0,0,0,0,0,1,0,0,1,1,0,1,1,1,0,1,1,0,0,1
598,-0.220403529375372,0,1,0,1,1,0,0,1,1,1,0,0,0,0,0,1,0,0,0,1
599,-0.0862443156850381,0,1,1,0,0,0,0,1,0,1,1,1,1,1,1,1,1,0,0,1
600,1.0545673869022,0,1,1,1,0,1,1,1,1,1,0,1,1,0,1,1,0,1,1,1
601,0.576532890333118,0,1,1,1,0,1,1,0,1,1,0,1,1,0,1,1,0,0,1,0
602,-2.57926984537097,0,0,0,0,0,0,0,0,0,0,0,0,0,0,0,0,0,0,0,0
603,-0.541764802078334,0,1,0,0,0,1,1,1,0,0,0,0,0,1,0,0,0,0,0,0
604,-1.42692765746904,0,0,0,0,0,0,0,0,0,0,0,1,0,0,0,1,0,0,0,0
605,-1.252953075754,0,0,0,1,0,0,0,0,1,1,0,1,0,1,0,0,0,0,0,0
606,0.879638747540807,1,1,1,1,1,0,1,1,1,1,1,1,1,0,0,1,1,0,1,1
607,0.0906404746340289,0,1,1,1,0,0,0,0,1,1,1,1,1,0,0,1,0,0,1,0
608,1.05960672781853,0,1,1,1,1,0,1,0,1,1,0,1,1,1,1,1,1,1,1,1
609,-0.439385740098035,0,0,0,1,0,1,0,0,0,1,0,1,0,0,0,1,0,0,0,0
610,-0.58241087321782,0,0,0,0,0,0,0,1,0,0,1,1,0,0,1,1,0,0,0,1
611,0.752994961833348,1,1,1,1,0,0,0,1,1,1,1,0,1,0,1,1,0,1,1,0
612,0.485102354573715,1,1,1,0,0,1,0,1,1,1,1,1,1,1,1,0,0,0,1,1
613,0.173426444071218,0,1,1,0,0,0,0,1,1,1,1,1,1,0,1,0,1,0,0,0
614,-0.205929487750615,0,1,1,1,1,0,1,0,1,1,1,1,1,0,1,0,0,0,0,1
615,-2.74352084047588,0,0,0,0,0,0,0,0,1,0,0,0,0,0,0,0,0,0,0,0
616,-1.17427901489428,0,0,1,0,0,0,0,1,0,1,0,1,0,1,0,1,0,0,0,0
617,0.873799873741954,0,1,1,1,1,1,1,1,1,1,1,1,1,0,1,1,0,1,1,1
618,0.403491188356762,0,1,0,1,1,0,1,1,1,1,1,1,1,0,1,1,0,0,0,1
619,-1.74685465499655,0,0,1,0,0,0,0,0,0,0,0,0,0,0,0,1,0,0,0,0
620,-0.912844306067013,0,0,0,0,0,0,1,0,0,0,0,0,0,0,0,1,0,0,0,0
621,-0.0163108233514974,0,1,0,0,1,0,0,1,1,0,0,1,1,0,1,1,0,0,1,0
622,2.03917984187121,1,1,1,1,1,0,1,1,1,1,0,1,1,1,1,1,1,1,1,1
623,1.08227329589118,1,0,1,1,1,0,0,1,1,1,1,1,1,0,1,1,0,0,1,1
624,-0.960374068119616,0,0,0,0,0,0,1,0,0,0,0,1,0,1,0,1,0,0,0,0
625,0.788010508723208,1,1,0,1,0,1,0,0,1,1,1,1,0,0,1,1,1,0,1,1
626,1.12472577760721,0,1,1,1,1,0,1,1,1,1,1,1,1,1,1,1,0,0,1,1
627,-0.511400627392045,0,1,1,0,1,0,0,1,1,1,0,1,0,0,1,1,0,0,0,0
628,-0.0882745603234168,0,1,1,0,0,0,0,1,1,0,0,0,1,0,1,1,0,0,0,0
629,0.441161415627711,0,1,1,1,0,0,1,1,1,1,0,1,1,0,1,1,0,0,0,0
630,0.359162517754882,0,1,0,0,0,0,0,0,0,1,1,1,1,0,1,0,0,0,1,0
631,0.352681312397336,1,1,0,0,1,0,1,1,1,1,0,1,1,0,1,1,1,0,0,0
632,0.0864904111834906,0,1,0,1,1,1,1,0,1,1,1,0,1,0,0,1,1,0,0,1
633,1.18740281011554,1,1,0,1,1,0,1,1,1,1,1,1,1,0,0,1,1,0,1,1
634,2.05281147633374,1,1,1,1,1,0,1,1,1,1,1,1,1,1,1,1,0,1,1,1
635,1.03046853675165,1,1,1,0,0,1,1,0,0,1,0,1,1,1,1,1,1,0,1,0
636,-2.48450460386856,0,0,0,0,0,0,0,0,0,0,0,0,0,0,0,0,0,0,0,0
637,-1.57860658539321,0,0,1,0,0,0,0,0,0,1,0,0,0,0,0,0,0,0,0,0
638,0.201379471509471,1,1,1,0,0,0,1,0,1,1,1,1,1,1,0,1,0,0,0,1
639,-1.75448016440023,0,0,0,0,0,0,0,0,0,0,0,0,0,0,0,0,0,0,0,0
640,0.425960969548455,1,1,1,0,0,1,1,1,1,0,1,1,1,1,1,1,0,0,1,1
641,-0.364437952468451,0,1,1,0,0,0,1,0,1,1,0,1,1,0,0,1,1,0,0,0
642,0.545813720312131,0,1,1,1,1,0,0,1,1,0,1,0,1,0,0,1,1,0,0,0
643,-0.35978727006354,0,0,1,0,0,0,0,1,1,1,0,0,0,0,0,1,0,0,0,0
644,-1.95745395351379,0,0,0,0,0,0,0,1,0,0,0,0,0,0,0,1,0,0,0,0
645,0.395659184770891,0,1,1,1,1,0,1,0,1,1,1,1,1,1,0,1,0,0,1,1
646,1.29675104526967,1,1,1,1,1,1,1,1,1,0,1,1,1,1,1,1,1,0,1,1
647,0.0871374813155192,0,1,0,1,0,1,0,1,1,1,0,1,1,1,0,1,0,0,0,1
648,1.56755682597332,1,1,1,1,1,1,1,1,1,1,1,1,1,1,1,1,1,0,1,1
649,-0.625079506668639,0,1,1,0,0,0,0,0,0,0,1,1,1,0,0,1,0,0,0,1
650,-1.66866554239951,0,0,0,1,0,0,0,1,0,0,0,0,0,0,0,0,0,0,0,0
651,1.53627662973933,0,1,1,1,1,0,1,1,1,1,1,1,1,0,1,1,1,1,1,1
652,0.353030187982979,0,1,0,1,0,1,1,0,1,1,0,1,1,1,0,1,1,1,0,1
653,0.633093651367458,1,1,0,1,1,0,0,0,1,1,0,1,1,0,1,1,1,0,1,0
654,-1.94509080651339,0,0,0,0,0,0,0,0,0,0,0,1,1,0,0,0,0,0,0,0
655,-0.152300914217941,0,0,0,0,0,0,0,1,0,0,0,1,1,1,1,1,0,0,0,1
656,0.489556331253232,1,1,0,1,0,0,1,1,1,1,1,1,1,1,1,1,1,0,0,1
657,-0.211423181598288,0,1,0,1,1,1,1,1,1,1,0,1,1,0,0,1,0,0,0,0
658,0.408789220641196,0,1,0,1,1,0,0,1,1,1,1,1,1,1,0,1,1,0,1,1
659,-1.91461473266499,0,0,0,0,0,0,0,0,0,0,0,0,0,0,0,1,0,0,0,0
660,-1.33096610015625,0,0,0,0,0,0,0,0,0,0,0,0,0,0,0,0,0,0,0,0
661,0.929042477225428,0,1,1,0,1,0,1,1,1,0,0,0,1,1,1,1,0,0,1,1
662,-0.127681245799839,0,1,0,1,0,1,0,1,0,1,0,0,1,1,1,1,0,0,0,1
663,-1.01314127552854,0,0,0,0,0,0,0,1,1,0,0,1,0,0,1,0,0,0,0,0
664,-0.983299882270205,0,0,0,0,0,0,0,0,0,1,0,0,1,0,0,0,0,0,0,0
665,2.3447091187072,1,1,1,1,1,1,1,1,1,1,1,1,1,1,1,1,1,1,1,0
666,1.12166414099971,1,1,1,0,1,1,1,1,1,1,1,1,1,1,1,1,1,0,1,1
667,0.633393806758708,1,1,0,1,1,1,0,1,0,1,1,1,1,0,1,1,0,0,0,1
668,1.31696610783193,0,1,1,1,1,1,1,1,1,1,1,1,1,1,1,1,1,0,1,1
669,-0.558848868443996,0,0,0,1,0,1,0,0,0,1,0,1,1,0,1,1,0,0,0,1
670,0.0929712597107962,0,1,1,0,0,1,0,1,1,1,0,1,1,1,0,0,0,0,0,0
671,0.295905373994628,1,1,0,0,0,0,1,0,1,1,0,1,1,0,0,1,0,0,0,0
672,1.31368233966702,1,1,1,1,1,0,1,0,1,1,1,1,1,1,1,1,0,0,1,1
673,-0.299582109684086,0,1,1,1,0,1,0,1,0,1,1,1,1,0,0,1,0,0,0,1
674,-0.127068764402972,0,1,1,0,0,1,0,1,1,1,0,1,1,0,1,1,0,0,0,0
675,-0.829008318573297,0,0,0,1,0,0,0,0,0,1,1,1,0,1,0,0,0,0,0,1
676,-0.0723223855534592,1,1,0,0,0,0,0,1,1,1,1,1,1,0,0,1,0,0,0,0
677,-0.852786537447452,0,0,0,0,0,0,0,0,1,0,0,1,1,0,0,0,0,0,0,0
678,0.14514383220215,0,1,1,1,0,0,0,0,1,0,0,0,1,0,1,1,1,0,0,1
679,-0.292862072280873,0,1,0,0,1,0,0,1,1,0,0,1,0,0,0,1,0,0,0,1
680,-0.242035342510624,0,1,0,1,0,0,1,0,1,1,1,0,1,1,1,1,1,0,1,0
681,1.14188048298327,1,1,1,1,0,1,1,0,1,1,1,1,1,1,1,1,1,1,1,1
682,2.57159314066028,1,1,1,1,1,1,1,1,1,1,1,1,1,1,1,1,1,0,1,1
683,-1.57166759584408,0,0,0,1,0,0,0,0,0,0,0,0,0,0,0,0,1,0,0,0
684,-0.496555859061568,0,1,0,0,0,0,0,0,1,0,0,1,0,0,1,0,0,0,1,0
685,-1.99307786490472,0,0,0,0,0,0,0,0,0,0,0,1,0,0,0,0,0,0,0,0
686,0.811171979070861,1,1,0,1,1,1,1,1,1,1,0,1,1,1,1,1,1,0,1,0
687,-0.229691557314241,0,1,0,0,0,0,0,0,1,1,0,1,1,1,0,1,0,0,0,0
688,-0.970939851492478,0,1,1,0,0,0,0,1,1,0,0,0,0,1,1,0,0,0,0,0
689,-0.0705535094062165,0,1,1,1,1,0,0,0,1,1,0,0,0,0,0,1,1,1,0,1
690,-0.0193827041363305,0,1,1,0,0,0,0,0,1,1,0,1,0,1,1,1,0,0,1,0
691,1.20297111882305,0,1,0,1,1,0,0,0,1,1,1,1,1,1,1,1,1,0,1,1
692,0.00482587303572841,1,1,0,1,0,0,0,0,1,1,1,0,1,1,1,1,1,0,0,1
693,2.29121060833493,1,1,1,1,1,1,1,1,1,1,1,1,1,1,1,1,1,1,1,1
694,0.441956457836831,0,0,0,1,1,1,0,1,1,1,1,1,1,0,1,1,1,0,1,1
695,-0.315272512584151,0,1,0,1,0,0,0,0,1,0,0,1,0,0,1,1,0,0,0,0
696,-0.177404177570581,1,1,1,1,1,1,0,0,0,1,1,1,1,0,1,0,0,0,0,0
697,-0.152899145533266,0,1,0,0,0,0,0,1,0,1,1,1,1,1,1,1,0,0,0,0
698,0.83891342098989,0,1,1,1,0,1,0,0,1,1,0,1,1,0,1,1,1,0,0,1
699,-0.176456064496546,0,1,1,0,0,0,0,1,1,0,1,0,1,1,0,1,1,0,0,1
700,0.378040629479156,0,1,1,1,1,0,1,0,1,1,1,1,1,1,1,1,0,0,0,0
701,1.49937973609828,1,1,1,1,1,1,1,1,1,1,1,1,1,1,1,1,1,1,1,1
702,-0.712813612696503,0,1,1,1,0,0,0,0,1,0,0,1,1,0,0,1,0,0,0,0
703,1.38184425058481,0,1,1,1,0,1,1,1,1,1,1,1,1,0,1,1,1,1,1,1
704,-0.614521947939083,0,1,1,0,0,0,1,1,0,0,1,0,0,0,1,1,0,0,0,0
705,-0.156225028379538,0,1,0,1,0,0,0,0,1,1,0,1,1,0,1,1,1,0,0,0
706,-0.781441528503125,0,0,0,0,1,0,0,0,0,1,1,0,1,0,1,1,1,0,0,1
707,1.0507735094457,0,1,1,1,0,0,1,1,1,1,1,1,0,1,1,1,1,0,1,0
708,0.02564830814394,1,1,0,1,0,0,0,0,1,1,0,1,0,0,1,1,0,0,0,0
709,0.718064860743336,0,0,0,0,1,0,1,1,1,1,1,1,1,1,0,1,0,0,1,1
710,-0.657157212845309,0,1,1,0,0,0,1,1,0,0,0,1,0,0,0,1,0,0,0,0
711,0.504877755699431,0,1,1,1,1,0,1,1,1,1,1,0,1,1,1,1,0,0,0,1
712,-1.00563217284511,0,0,0,1,0,0,0,1,0,1,0,1,1,0,0,0,0,0,0,0
713,-0.1709266817345,0,1,0,1,0,0,0,1,1,1,1,1,0,0,0,1,1,0,1,1
714,0.892767406187396,1,1,1,1,1,0,1,0,0,1,0,1,1,0,1,1,1,1,1,0
715,-0.117231657977447,0,0,0,0,1,0,0,0,1,0,0,1,1,0,1,1,0,0,1,1
716,-1.77378461048578,0,0,0,0,0,0,0,0,0,0,0,0,0,0,0,0,0,0,0,0
717,-1.34692581459499,0,0,0,0,0,0,0,0,0,0,1,0,1,0,0,1,0,0,0,0
718,1.16023921260098,1,1,1,0,1,0,1,1,1,1,0,1,1,1,1,1,1,0,1,0
719,-1.14075065736917,1,1,0,0,0,0,1,0,0,0,0,0,1,0,1,0,0,0,0,0
720,-0.770432162560128,0,1,0,0,0,0,0,0,0,1,0,1,1,0,1,0,0,0,0,0
721,-0.187357475126836,0,0,1,1,0,0,0,1,0,1,0,0,1,0,1,1,0,0,1,0
722,-0.600228473237048,0,1,0,1,1,0,0,0,0,0,0,1,1,0,0,1,0,0,0,0
723,-1.34155199519638,0,0,0,1,0,0,0,0,1,0,0,0,0,1,0,1,0,0,0,0
724,-0.265891011073481,0,1,1,1,1,1,1,0,1,1,0,1,1,0,0,1,0,0,1,0
725,1.43705527212868,0,1,1,1,1,0,1,1,1,1,1,1,1,0,1,1,1,0,1,1
726,-0.224727465888056,1,1,1,0,0,1,1,1,0,1,0,1,1,1,0,1,0,0,0,0
727,1.74807011570328,1,1,1,1,1,1,1,1,1,1,0,1,1,1,1,1,1,0,1,1
728,-0.172259647958158,1,1,1,1,0,0,0,1,1,1,1,1,1,0,0,1,1,0,0,1
729,0.617248919565079,0,1,0,1,1,0,1,0,1,1,1,1,1,0,1,1,0,0,1,1
730,0.763669001503659,0,1,1,0,1,0,1,1,1,1,0,1,1,1,1,1,1,0,1,1
731,-0.811538660452444,0,0,0,0,0,0,0,1,0,0,0,1,0,0,0,1,0,0,0,0
732,1.42435337894824,1,1,1,1,1,0,1,0,1,1,1,1,1,1,0,1,1,1,1,0
733,-0.490458830375099,0,0,0,1,0,0,0,0,0,1,1,1,1,0,0,1,0,0,1,0
734,-0.221126646111001,0,1,1,1,0,0,0,1,1,0,1,1,1,0,0,0,0,0,0,1
735,1.26148769187022,1,1,0,1,0,0,1,0,0,1,0,1,1,1,1,1,1,0,1,1
736,0.90701910403877,1,1,1,1,1,1,1,1,1,1,1,1,1,1,0,1,1,0,0,0
737,-1.22133468898659,0,0,0,0,0,0,0,1,0,0,1,1,0,0,0,1,0,0,0,0
738,0.0503101162626484,0,1,0,1,0,1,0,1,1,1,1,1,1,0,0,1,0,0,1,1
739,-0.131492129498017,0,1,1,1,1,0,1,1,1,1,1,1,1,0,1,0,0,0,0,1
740,0.177044662474287,0,1,1,1,0,0,1,1,1,1,1,0,0,1,0,1,0,0,0,1
741,0.676175339880912,1,1,1,1,0,1,1,1,1,1,0,1,1,1,0,1,1,0,0,0
742,-0.92374650939392,1,0,1,0,0,1,0,1,1,1,0,0,1,0,0,1,0,0,1,0
743,0.698787921462677,1,1,1,1,1,1,1,1,1,1,1,1,0,1,1,1,1,0,0,0
744,0.0801493763291648,0,1,1,0,1,1,1,0,1,1,0,1,1,0,1,1,0,0,0,0
745,-0.790176553479485,0,1,0,1,0,0,0,0,1,1,0,1,0,1,0,1,1,0,0,0
746,-1.37497634956315,0,1,0,0,1,0,0,0,0,0,0,0,0,0,0,0,0,0,0,0
747,0.720745609087634,1,1,1,0,0,1,1,1,1,1,0,1,1,1,1,1,0,1,0,0
748,0.107009507003848,1,1,0,1,0,0,1,0,1,0,0,1,1,1,1,1,0,0,0,1
749,1.04338521931024,0,1,1,1,0,0,1,1,1,1,0,1,1,1,1,1,0,0,0,1
750,0.662447623423869,0,1,0,0,0,0,1,0,1,1,1,1,1,0,1,1,0,0,1,0
751,-1.17631110783049,0,0,0,0,0,0,0,0,1,1,0,1,0,0,0,1,0,0,0,0
752,2.22097394793605,1,1,1,1,1,1,1,1,1,1,1,1,1,1,1,1,1,1,1,1
753,-0.226450912884462,0,1,0,1,0,0,0,1,0,0,0,1,0,0,0,0,0,0,1,0
754,-0.775012638438895,0,0,0,1,0,0,0,1,1,1,1,1,0,0,0,1,0,0,0,1
755,-0.694974765600272,0,1,1,0,1,1,1,1,1,0,0,0,0,0,1,0,0,0,0,0
756,0.154419486107977,0,1,1,0,0,0,0,1,1,0,1,1,1,1,1,1,0,0,0,1
757,-0.606229931541457,0,1,0,1,0,1,0,0,0,1,1,1,0,0,0,1,0,0,0,0
758,-1.39338991920055,0,0,0,1,0,0,0,1,0,0,0,0,0,0,0,0,0,0,0,0
759,-0.439826578626046,1,0,0,0,0,0,0,0,0,1,1,1,1,0,0,1,0,0,0,0
760,-1.06880746937351,0,1,1,0,0,0,0,0,0,1,0,1,0,1,0,0,0,0,0,0
761,0.471481975863087,1,1,0,0,0,0,0,1,1,1,1,1,1,0,1,1,1,0,1,1
762,-0.327590477963034,1,1,0,1,1,1,0,0,1,1,0,0,0,1,0,1,1,0,0,0
763,0.203059534303423,0,1,0,1,0,1,1,1,1,0,0,1,1,1,1,1,0,0,0,0
764,1.61060001908392,1,1,1,1,1,1,1,0,1,1,1,1,1,0,1,1,1,0,0,1
765,0.664380962199438,1,1,1,1,0,0,0,0,1,1,0,1,1,0,1,1,1,0,1,0
766,-0.849233014004962,0,1,0,0,1,0,0,0,1,1,0,1,0,1,0,0,0,0,0,1
767,-0.420556003119319,0,0,0,1,0,0,0,0,1,0,0,1,1,1,0,1,0,0,0,0
768,-0.0247950077747852,0,1,0,0,0,0,0,0,1,1,1,0,1,1,1,1,1,0,0,1
769,0.187266772636512,0,1,1,1,1,1,0,0,1,1,1,1,1,0,1,1,0,0,1,1
770,0.0543273618776667,0,1,0,0,0,0,1,0,1,1,1,1,1,0,1,1,0,0,1,1
771,1.43072472439423,1,1,1,1,1,1,1,1,1,1,1,1,1,1,1,1,1,1,1,1
772,1.01028978465562,1,1,1,0,1,0,1,1,1,1,1,1,1,1,0,1,1,1,1,1
773,-0.855339086226219,0,0,0,1,1,0,0,1,1,0,0,0,0,0,0,1,1,0,0,1
774,-1.27627252561858,0,1,0,0,0,0,0,1,0,1,0,0,0,0,0,0,0,0,0,0
775,0.377547619903798,1,1,1,1,0,0,1,1,1,0,1,1,1,0,1,1,1,1,0,0
776,-0.963641387538121,0,0,0,1,0,0,0,0,1,0,0,0,0,0,0,0,1,0,0,0
777,0.671187673100059,1,1,1,1,0,0,1,1,1,1,0,1,1,1,1,1,0,0,0,1
778,0.0886269097014717,0,1,1,1,0,0,0,0,1,1,0,1,1,0,0,1,1,0,0,0
779,1.68368660680729,1,1,1,1,1,1,1,1,1,1,1,1,1,1,1,1,1,1,1,1
780,-1.77927928651049,0,0,0,0,0,0,0,1,0,0,0,0,0,0,0,0,0,0,0,0
781,-0.521158272230844,0,1,0,1,0,0,0,0,0,1,0,1,0,0,1,1,1,0,0,0
782,-3.1487523538815e-05,0,1,0,0,1,0,0,1,0,1,0,0,1,0,1,1,1,0,0,1
783,1.09859198734891,1,1,0,1,1,1,1,0,1,1,0,1,1,1,1,1,1,0,1,1
784,2.1421951303175,1,1,1,1,1,1,1,1,1,1,0,1,1,1,1,1,1,1,1,1
785,1.38684746235809,0,1,0,1,0,1,1,1,1,1,1,1,1,1,1,1,1,0,1,1
786,-0.344613679721155,0,0,0,0,0,0,0,1,0,0,0,1,0,0,0,0,0,0,0,1
787,3.15049234967828,1,1,1,1,1,1,1,1,1,1,0,1,1,1,1,1,1,1,1,1
788,0.50365226296074,0,1,1,1,1,0,1,1,1,1,1,1,1,1,0,1,1,0,1,1
789,1.51303312943035,1,1,1,1,1,1,1,1,1,1,1,1,1,1,1,1,1,0,1,1
790,-0.260529339282265,0,1,0,0,0,1,0,0,1,1,0,1,0,1,0,1,0,0,0,1
791,-0.160685840597545,0,1,0,0,0,0,1,1,1,1,0,1,1,0,1,0,0,0,0,1
792,1.26569313130956,1,1,1,1,1,1,1,1,1,1,0,1,1,0,0,1,1,0,0,1
793,-1.26426768788208,0,1,0,1,0,0,0,0,0,1,0,0,0,0,0,1,1,0,0,0
794,0.435019359491282,1,1,1,0,0,0,1,1,1,0,0,0,1,0,1,1,0,0,0,1
795,0.794934856196006,1,1,1,1,0,0,0,0,1,1,0,1,1,0,1,1,0,0,0,0
796,0.453709539933111,0,1,0,1,0,0,0,1,1,1,1,1,0,1,1,1,1,0,0,1
797,1.32404157723227,1,1,1,1,1,0,1,1,1,1,1,1,1,1,1,1,1,0,0,0
798,-0.668641116744983,0,0,0,0,1,0,0,1,0,1,0,1,0,0,0,0,0,0,0,0
799,0.700234426531002,1,1,1,1,1,0,0,1,1,1,0,1,1,1,1,1,0,0,0,1
800,-1.39808838249708,0,0,0,0,0,0,0,1,1,0,0,0,0,0,0,0,0,0,0,0
801,-0.0509450727170316,1,0,1,0,0,0,0,1,1,0,0,1,1,0,1,1,0,0,0,1
802,0.462927923286453,0,1,1,0,0,0,1,1,1,1,1,1,1,1,0,1,1,0,1,1
803,0.815395886762231,0,0,0,0,0,0,1,1,1,1,1,1,1,1,1,1,1,0,1,1
804,1.28265093227279,1,1,1,1,1,1,1,0,1,1,1,1,1,0,1,1,0,1,1,1
805,-0.604549629827978,0,0,1,1,0,0,1,1,1,0,0,0,1,0,0,1,0,0,0,0
806,0.569682774684599,0,1,1,1,1,0,0,0,1,1,1,1,1,0,1,1,1,1,0,1
807,0.694877300722568,1,1,0,1,1,0,1,0,1,0,0,1,1,1,1,1,1,0,0,1
808,-1.2151132111355,0,1,0,1,0,0,0,0,0,0,0,0,0,0,0,0,0,0,0,0
809,0.802868850604514,0,1,1,1,0,0,0,1,1,1,1,1,1,1,0,1,0,0,1,0
810,0.733693434382081,1,1,1,1,1,0,1,1,1,1,1,1,1,1,1,1,1,0,1,1
811,0.768410704683386,0,1,1,0,1,0,0,1,1,1,0,1,0,0,1,1,1,0,0,1
812,-1.0566850547847,0,0,0,0,0,0,0,0,0,1,0,0,1,1,0,0,0,0,0,1
813,-0.390318017104518,0,0,0,0,0,0,0,1,0,0,0,0,1,0,0,0,0,0,0,0
814,0.482810118928359,1,0,1,1,1,0,1,1,1,0,1,1,1,1,0,1,0,0,0,0
815,0.852524779983179,1,1,1,0,1,0,1,1,1,1,0,1,1,1,0,0,1,0,1,1
816,1.30668307636798,1,1,1,1,1,0,1,1,1,1,1,1,1,0,1,1,1,0,1,1
817,0.0809807357952159,0,1,0,0,0,0,1,1,1,1,1,1,1,0,1,1,0,0,1,0
818,-1.2819198896376,0,1,0,0,0,0,0,0,0,1,0,0,0,0,1,1,0,0,0,1
819,2.36859956005844,1,1,1,1,1,1,1,1,1,1,1,1,1,1,1,1,0,1,1,1
820,0.800427798783722,1,1,1,0,1,0,1,1,1,1,1,1,1,1,1,1,0,1,1,0
821,0.190626122324886,0,1,0,1,0,0,1,1,0,1,1,1,0,0,0,1,1,0,0,1
822,0.393077767494626,1,1,1,1,0,1,1,1,1,1,1,1,1,0,1,1,1,0,1,1
823,0.172146248324222,0,1,0,1,1,0,0,0,1,1,1,0,1,0,1,1,1,0,0,1
824,-0.865529297086053,0,0,0,0,0,1,0,0,0,1,1,0,1,0,0,1,0,0,0,1
825,0.19019029761551,0,1,0,1,0,0,1,1,1,0,0,1,1,1,0,1,1,1,1,0
826,0.945558111845561,1,1,1,1,1,0,1,1,1,1,0,1,1,0,1,1,0,0,1,1
827,1.5889946976421,1,1,0,1,0,1,1,0,1,1,1,1,1,1,1,1,1,1,1,1
828,0.719933895445208,0,1,0,1,1,0,1,1,1,1,1,1,1,1,1,1,1,0,1,1
829,-0.320754442305534,0,0,1,0,1,0,0,1,1,1,0,1,1,1,1,1,1,0,0,0
830,-0.271543583366301,0,1,1,0,1,0,0,1,1,1,1,1,1,1,0,1,1,0,0,1
831,-0.522224947829008,1,1,0,0,0,0,0,1,1,1,1,1,1,0,0,1,1,0,1,0
832,1.00866727600942,1,1,0,1,1,0,1,0,1,1,1,1,1,1,0,1,1,0,0,1
833,-0.757612218670887,0,0,0,0,0,0,0,1,0,1,0,1,1,0,0,0,0,0,0,0
834,1.00075973079758,1,1,1,1,0,0,1,1,1,1,0,0,1,1,1,1,0,1,1,1
835,-0.11135302941681,0,0,1,1,1,1,1,0,1,1,1,1,1,1,0,1,0,0,0,1
836,0.171454046287273,0,1,1,1,1,0,0,1,1,0,0,1,1,1,0,1,0,0,0,0
837,-0.6278015204677,0,0,0,0,0,0,0,0,0,1,1,1,0,0,0,1,0,0,0,0
838,-1.685776713194,0,0,0,0,0,0,0,0,0,1,0,1,0,0,1,0,0,0,0,0
839,-0.159487078229964,1,1,1,0,0,0,0,0,0,1,1,0,1,1,1,1,0,0,0,1
840,-1.76025896273181,0,0,1,0,0,0,0,1,0,0,0,0,0,0,1,0,0,0,0,0
841,2.65668492455485,1,1,1,1,1,1,1,1,1,1,1,1,1,1,1,1,1,1,1,1
842,-0.65125143719516,0,0,0,1,0,0,0,0,1,1,0,1,0,0,0,1,0,0,0,0
843,0.459648598198941,1,1,0,1,1,1,0,1,1,1,1,1,1,0,1,1,1,0,0,1
844,-1.16366006232451,0,0,0,1,0,0,0,0,0,0,1,0,0,0,0,0,0,0,0,0
845,-0.339272156615711,0,1,0,0,1,0,0,0,1,1,0,0,1,1,1,1,0,0,0,0
846,1.00863663213372,1,1,0,1,1,0,1,1,1,1,1,1,1,0,0,1,1,0,1,1
847,-0.478378844176137,1,1,0,1,0,0,0,1,0,0,0,0,0,0,0,1,0,0,0,1
848,-1.59397022611229,0,0,0,0,0,0,0,0,0,0,1,1,0,0,1,0,0,0,0,0
849,-1.94910375111265,0,0,0,0,0,0,0,1,0,0,0,0,0,0,0,0,0,0,0,0
850,-0.453005307371681,0,1,0,0,0,0,0,1,0,1,0,1,0,0,0,1,1,0,0,0
851,0.919440062984385,0,1,1,1,1,0,1,1,1,1,0,1,1,1,1,1,1,1,0,1
852,0.340845812711913,1,1,0,1,0,0,0,1,1,1,0,1,1,0,1,0,0,0,1,1
853,-0.30062544188598,0,1,0,0,1,0,0,0,0,1,1,0,0,0,0,1,1,0,0,1
854,-0.0624170322527073,0,1,1,0,1,0,0,0,0,1,0,0,1,1,0,1,1,0,0,1
855,-1.6928467304971,0,0,1,0,0,0,0,0,0,1,0,1,0,0,0,0,0,0,0,0
856,-0.0435295452881538,0,1,1,1,0,0,1,0,1,0,0,0,1,0,0,0,0,0,1,0
857,-1.36808684422394,0,0,0,0,0,0,0,0,0,1,0,0,0,0,0,0,0,0,0,0
858,-0.4264692196459,0,1,0,0,1,0,1,1,0,1,1,1,0,0,1,1,0,0,1,0
859,0.574563570546035,0,1,1,1,0,0,0,1,1,1,0,1,1,1,1,1,1,0,0,0
860,-1.88247359207661,0,0,0,1,0,0,0,0,0,0,1,0,0,0,0,1,0,0,0,0
861,-0.225706950773338,0,1,1,1,1,0,0,0,1,1,1,0,1,0,0,1,0,0,0,1
862,0.073847413996023,0,1,0,0,1,0,1,1,1,1,1,1,1,0,0,1,0,0,1,1
863,0.594940457536602,0,1,0,1,1,0,1,0,1,1,1,1,1,1,1,1,0,0,0,1
864,-0.579077075882402,0,1,0,1,1,0,0,0,1,1,0,1,1,0,1,0,1,0,0,0
865,0.961734758358992,0,1,0,1,1,0,1,1,0,1,0,1,1,0,1,1,1,1,0,1
866,0.883270258643374,0,1,1,1,0,1,0,1,1,1,1,1,1,1,1,1,0,0,1,1
867,-2.68285088145399,0,0,0,0,0,0,0,0,0,0,0,0,0,0,0,1,0,0,0,0
868,-0.786685839389525,0,1,0,1,0,0,0,0,0,0,0,0,1,0,0,0,0,0,0,1
869,1.12085810494188,0,1,1,1,1,1,1,1,1,1,1,1,1,1,1,1,1,0,1,1
870,0.585018542869751,1,1,0,1,0,1,1,1,1,1,1,1,0,1,1,1,1,0,1,1
871,-0.866213443475028,0,0,0,0,0,0,0,1,0,0,0,0,1,1,0,1,0,1,0,0
872,-0.271919618006194,0,1,1,0,0,0,1,0,1,1,0,1,1,0,0,0,1,0,0,1
873,-0.0954923819876821,0,1,1,0,0,0,0,0,0,0,0,1,0,0,1,1,0,0,0,0
874,1.45788535183358,1,1,1,1,1,0,1,1,1,1,1,1,1,1,1,1,1,1,1,0
875,-0.822662456108492,0,1,0,0,0,0,0,0,0,0,0,0,0,0,1,1,0,0,0,0
876,0.75788382616783,0,1,1,1,1,0,0,1,1,1,1,1,1,1,1,1,1,0,1,1
877,1.13922555594402,0,1,0,1,1,0,1,1,1,1,1,1,0,1,1,1,1,0,1,0
878,0.74531445845907,0,1,1,1,0,1,1,1,1,1,0,1,1,1,1,1,0,0,1,0
879,-0.951987699093007,0,0,0,0,0,0,0,0,0,0,0,0,0,0,0,0,0,0,0,0
880,-0.0318524462963101,0,1,1,0,0,0,0,0,1,0,0,0,1,0,0,1,1,0,0,0
881,-0.575144601609362,0,0,0,0,0,0,0,0,1,1,0,0,0,0,0,1,0,0,0,0
882,1.31040916866894,0,1,1,1,1,1,1,0,1,0,0,1,1,1,1,1,1,0,1,0
883,0.905573954851455,1,1,1,1,1,0,1,1,1,1,1,1,1,0,1,1,1,0,1,1
884,0.408139485071112,0,1,0,1,1,0,0,1,0,1,0,0,1,0,1,1,1,0,0,1
885,-0.573208531824156,0,0,0,0,1,0,0,1,0,0,0,0,0,0,1,1,0,0,0,0
886,-1.03870094983686,0,1,0,0,0,0,0,1,1,0,0,1,0,0,0,0,0,0,0,0
887,0.633273514662293,1,1,1,1,0,1,0,1,1,0,1,1,1,1,1,1,0,0,0,1
888,0.066941975237707,0,1,1,0,1,0,1,0,1,1,0,1,0,1,0,1,1,0,0,0
889,1.5810032878428,1,1,1,1,1,0,0,1,1,1,0,0,1,1,1,1,1,0,1,1
890,-1.09069210033344,0,0,0,0,0,0,0,0,1,0,0,1,0,1,0,0,0,0,1,0
891,-0.432437019349706,0,1,0,1,0,0,1,0,1,1,1,0,0,0,0,1,0,0,0,0
892,1.12407025228114,1,1,1,1,0,0,1,1,1,1,1,0,1,0,1,1,1,0,1,1
893,0.147904030779854,0,0,0,0,0,0,0,1,1,1,1,1,1,1,1,1,0,0,1,1
894,0.606355605363403,0,1,1,1,1,0,0,0,1,1,0,1,1,1,1,1,0,0,1,0
895,0.688359448565726,0,1,0,1,1,0,1,1,0,1,0,1,1,0,1,1,1,0,0,0
896,1.81024005380233,0,1,1,0,1,0,1,0,0,1,1,1,1,1,1,1,1,1,1,1
897,-0.348740969496559,0,1,0,0,0,0,0,1,1,1,0,1,1,0,0,1,1,0,0,0
898,-0.00956842820195447,0,0,1,0,0,0,0,1,1,0,1,1,0,0,0,0,0,0,1,0
899,-1.29794427933892,0,0,0,0,1,0,0,0,1,0,0,0,0,0,1,1,0,0,0,0
900,-1.64511403024678,0,0,0,0,0,0,0,0,0,0,0,1,0,0,0,0,1,0,0,0
901,1.14471803085934,0,1,0,1,0,0,0,1,1,1,0,1,0,0,0,1,0,0,0,0
902,0.378512544784699,0,0,0,1,1,1,0,1,1,1,1,1,1,0,1,1,1,0,1,1
903,0.5019917050062,1,1,1,1,1,0,1,1,0,1,1,1,1,1,1,1,1,0,0,1
904,-0.199654542544986,0,1,0,1,0,0,0,1,1,1,1,1,0,0,0,1,1,0,0,0
905,-0.214750321146584,0,1,1,1,1,0,0,1,1,1,1,0,1,0,0,1,1,0,0,0
906,-0.95691238209485,0,0,0,0,1,0,0,1,1,1,1,0,0,0,0,0,0,0,0,0
907,1.76176432434888,1,1,1,1,1,1,1,1,1,1,1,1,1,0,1,0,1,1,1,1
908,-0.157737680887141,1,1,0,0,0,0,0,0,0,1,0,1,1,1,0,1,0,0,1,0
909,-0.928574208316441,0,0,0,0,0,0,0,1,0,1,0,1,0,0,0,1,0,0,0,1
910,0.22960435987034,0,1,1,0,0,1,1,0,1,1,1,1,1,1,1,1,0,0,0,0
911,-0.259250876671924,0,1,0,0,0,0,1,1,1,0,0,1,1,0,0,1,0,0,0,1
912,-1.45356702927443,0,0,1,1,0,0,0,0,0,1,0,1,0,0,0,0,0,0,0,0
913,-0.675012952541126,0,1,0,1,0,1,0,0,1,1,0,1,0,0,0,0,1,0,0,1
914,-0.0153224466151137,1,1,0,0,1,0,1,1,0,1,1,0,1,0,0,1,0,0,0,1
915,-1.45970351205963,0,0,0,1,0,0,0,1,0,0,0,0,0,0,0,1,0,0,0,0
916,0.446390456403053,0,1,1,1,1,0,0,1,1,1,1,1,1,1,1,1,0,0,1,1
917,1.25748994330276,0,1,1,0,1,0,1,1,1,1,0,1,1,1,1,1,1,0,1,0
918,-0.894687149513672,0,0,0,1,0,0,0,0,0,1,0,1,0,1,0,1,1,0,0,1
919,0.753666274623724,0,1,1,0,1,0,1,1,1,0,0,1,1,1,1,1,1,0,1,1
920,0.52662844931169,0,1,0,1,0,0,1,1,1,0,0,1,1,1,1,1,1,0,0,1
921,-0.960965824107515,0,1,0,0,0,0,0,1,0,0,0,0,0,0,0,1,0,0,0,0
922,0.710303036029697,1,1,1,1,1,0,1,1,1,1,0,1,1,1,1,1,1,1,1,1
923,-0.302381317872484,0,1,0,1,0,0,1,1,1,1,1,1,0,0,1,0,0,0,1,0
924,-0.00802775725639364,0,1,1,1,0,0,1,1,0,1,0,1,1,1,0,1,0,0,0,1
925,-0.338641501775984,1,0,0,1,1,1,0,0,1,0,0,1,1,0,0,1,0,0,0,0
926,-0.860430372360841,0,0,0,0,1,0,0,1,0,0,0,0,0,0,0,1,0,0,0,0
927,0.0164541063530044,1,1,1,0,0,0,1,1,1,1,1,1,1,0,1,1,1,0,0,1
928,1.34819977530828,1,1,0,1,1,1,1,1,1,1,0,1,1,0,1,1,1,1,1,1
929,-1.40027664881382,0,0,0,0,0,0,0,0,1,0,0,0,0,0,0,0,0,0,0,0
930,-0.296775299843547,1,1,1,0,1,0,0,1,1,1,0,1,1,1,1,1,0,0,0,0
931,0.175475329985919,1,1,0,1,0,0,0,1,1,1,0,1,1,0,1,1,1,0,0,0
932,0.0816522333453543,1,1,1,0,0,0,0,1,1,1,0,1,0,0,0,1,0,0,0,0
933,-0.822445162401327,1,0,0,0,1,0,1,0,0,0,1,1,1,0,0,0,0,0,0,1
934,0.275782846596072,1,1,1,0,0,1,0,1,1,1,0,0,0,1,0,1,0,0,1,1
935,-0.221835452832762,0,0,1,0,0,0,0,0,0,1,1,0,0,0,0,1,1,0,0,1
936,-0.324584161412487,0,1,0,0,0,0,1,1,1,1,0,1,1,0,0,1,0,0,0,0
937,3.01099751442245,1,1,1,1,1,1,1,1,1,1,1,1,1,1,1,1,1,1,1,1
938,-0.620353675147952,0,0,0,1,1,0,0,0,1,1,0,1,0,0,1,1,0,0,0,0
939,0.325081245301497,0,1,1,0,1,0,0,0,0,1,0,1,1,1,1,1,0,0,1,1
940,-0.300892898196413,0,1,0,0,0,0,0,1,1,0,1,1,1,1,1,1,0,0,0,0
941,1.33453066332331,1,1,1,1,1,1,1,1,1,1,1,1,1,1,1,1,1,0,1,0
942,1.86203745948853,1,1,1,1,1,1,1,1,1,1,1,1,1,0,1,1,0,1,1,1
943,-1.28563218962215,0,0,0,0,0,1,0,0,1,0,0,0,0,0,0,0,0,0,0,0
944,-0.457380852688138,1,0,1,0,0,1,0,0,1,1,1,1,0,1,1,1,0,0,0,0
945,-3.13687504250688,0,0,0,0,0,0,0,0,0,0,0,0,0,0,0,0,0,0,0,0
946,0.745142938981781,0,1,1,1,0,1,1,1,1,1,1,1,1,0,1,1,0,0,1,0
947,0.0491312270307225,1,1,1,0,0,0,0,1,1,1,1,0,1,0,0,1,1,0,0,0
948,1.52756224916211,1,1,1,1,0,1,1,1,1,0,1,1,1,1,1,1,0,1,1,1
949,-0.414105689760129,0,0,0,1,0,0,0,1,1,0,1,1,0,0,1,1,1,0,0,0
950,0.0240163008610077,0,1,0,0,0,0,0,0,1,1,0,1,1,0,1,1,1,0,0,1
951,1.33054780102561,1,1,1,1,0,1,1,0,1,0,1,1,1,1,1,1,0,1,1,1
952,-0.504303317890258,0,0,0,1,0,1,0,0,0,1,0,0,0,0,0,1,0,0,0,0
953,0.667672201717773,0,1,1,1,1,0,0,0,0,1,1,1,1,0,0,1,0,0,0,1
954,-0.430872691721025,0,1,1,0,0,0,0,1,1,1,0,1,0,0,0,1,0,0,0,1
955,-1.19128226170286,0,0,0,0,0,0,0,0,0,0,1,0,0,0,0,1,0,0,0,0
956,0.559546288622499,1,1,0,0,0,0,0,0,1,1,1,1,1,0,0,1,0,0,0,1
957,1.60815006818423,1,1,1,1,1,0,1,1,1,1,1,1,1,1,1,1,1,0,1,1
958,-2.05712516193454,0,0,0,0,0,0,0,1,1,0,0,1,0,0,0,1,0,0,0,0
959,-1.27961517231283,0,0,1,0,0,0,1,0,0,1,0,0,0,0,1,1,0,0,0,0
960,0.308376685962995,0,1,1,1,0,0,1,0,1,1,0,1,1,1,0,1,1,0,0,1
961,-0.0040708557164847,0,1,0,1,0,0,1,0,1,1,1,1,1,0,0,1,0,0,0,0
962,-0.461296217537209,0,1,0,1,1,0,0,1,1,1,0,0,1,0,0,1,0,0,0,1
963,1.54026555168195,0,1,1,0,1,1,1,1,1,1,0,1,1,1,1,1,1,0,1,1
964,-2.10881528674389,0,0,0,0,0,0,0,1,0,0,0,0,0,0,0,0,0,0,0,0
965,-0.136911549411853,0,1,0,1,1,1,0,1,1,1,1,1,1,1,1,1,0,0,1,0
966,-0.436700123109911,0,1,1,1,0,0,0,0,0,1,0,0,1,0,1,0,0,0,0,1
967,-0.673141416107295,0,0,0,1,0,0,0,0,0,0,0,1,0,0,0,1,0,0,0,0
968,0.756190900164062,0,1,1,1,1,1,0,0,1,1,1,1,1,1,0,1,1,0,1,1
969,-0.386753427733815,0,1,0,0,0,1,0,1,1,1,0,1,1,0,0,1,0,0,0,0
970,-0.899844690735513,0,0,0,0,0,0,0,1,1,0,0,1,0,0,1,0,0,0,0,0
971,0.521070119965365,1,1,1,1,0,0,1,1,1,1,0,0,1,0,1,1,0,0,0,1
972,-0.611273046828519,0,1,1,0,1,0,0,0,1,1,0,1,1,0,0,1,0,0,0,0
973,1.77898836838134,1,1,1,1,1,1,1,1,1,1,1,1,1,0,1,1,1,0,1,1
974,0.58438657445667,1,1,1,1,0,1,1,0,1,1,1,1,0,0,1,1,0,0,0,1
975,0.0246094896997316,1,1,1,1,1,0,0,1,0,1,0,1,1,1,0,1,0,0,1,0
976,-1.03900859365097,0,0,0,0,0,0,0,0,0,0,0,1,0,0,0,1,0,0,0,0
977,0.803392047043049,0,1,1,0,1,0,1,0,1,1,0,1,1,1,1,1,0,0,1,1
978,-1.10382131622136,0,0,0,0,0,0,0,0,0,0,0,1,0,0,0,1,0,0,0,1
979,-0.627382771173865,0,1,0,1,0,0,0,0,1,0,0,0,1,0,0,1,0,0,0,1
980,0.909827719111399,1,1,1,0,0,0,1,0,1,1,0,1,1,1,0,1,1,0,1,0
981,0.555174040210005,0,1,0,1,0,0,0,1,1,1,0,1,1,1,1,1,0,0,0,0
982,1.45432586533583,0,1,1,0,1,1,1,1,1,1,1,1,1,1,1,1,1,0,1,1
983,-1.59247281084129,0,0,0,0,0,0,0,0,0,0,0,0,0,1,0,1,0,0,0,0
984,-0.206692595122253,0,0,0,0,0,0,1,1,1,1,1,1,0,0,1,1,0,0,1,0
985,-0.380714226674986,0,1,0,0,1,1,0,0,0,1,0,0,1,0,1,0,1,0,0,0
986,0.417893992655464,0,1,1,1,1,0,1,1,1,1,1,0,1,0,1,1,0,0,1,0
987,1.35098918678431,0,1,0,1,1,0,1,1,1,1,1,1,1,1,0,1,1,0,1,1
988,0.377072451440602,0,1,0,1,1,0,1,1,1,1,1,1,0,0,0,1,1,0,0,0
989,-0.713683426003747,0,0,0,1,0,0,0,1,0,1,0,0,1,0,0,1,0,0,0,0
990,1.04146175843799,1,1,1,0,1,0,0,1,1,1,0,1,1,1,1,1,1,0,1,0
991,1.78211627055405,1,1,1,1,1,1,1,1,1,1,0,1,1,1,1,1,0,0,1,1
992,0.174855389928939,1,1,1,1,1,0,0,1,1,0,1,1,0,1,0,1,1,0,0,1
993,0.286766084940724,1,1,0,1,1,1,1,1,1,1,0,0,0,1,1,1,0,0,1,1
994,1.49091130128814,1,1,1,1,1,1,1,0,1,1,0,1,1,1,1,1,1,0,1,1
995,1.29616185581745,1,1,1,0,1,0,1,1,1,1,1,1,1,1,1,1,0,1,0,1
996,0.155392340470811,1,1,1,1,0,1,1,0,1,1,0,1,1,0,0,1,1,0,0,0
997,-1.60871090506369,0,0,0,0,0,0,0,0,0,0,1,0,0,0,0,1,0,0,0,0
998,-0.615774238320712,0,1,1,0,0,0,0,1,1,0,1,1,1,0,1,1,1,0,0,0
999,-0.520409699034747,0,1,1,1,0,0,1,0,0,1,0,1,1,1,0,1,0,0,0,0
1000,-0.496346422599763,0,1,1,0,0,0,0,1,1,1,1,0,1,0,0,1,0,0,1,0
