"ID","Modifier","Item1","Item2","Item3","Item4","Item5","Item6","Item7","Item8","Item9","Item10","Item11","Item12","Item13","Item14","Item15","Item16","Item17","Item18","Item19","Item20"
1,-0.149773173074409,0,1,1,0,1,0,0,1,1,0,1,1,1,1,1,0,0,1,0,1
2,-0.0739007735617752,0,1,1,0,1,1,1,1,1,0,0,0,0,1,0,0,0,0,1,0
3,0.197049215969491,0,0,0,0,0,0,1,0,0,0,1,0,1,0,1,0,1,1,0,1
4,-0.0504060453385028,0,0,0,0,1,1,1,0,1,0,1,0,1,1,1,0,1,1,1,0
5,0.163173310119088,0,0,0,0,0,0,0,0,0,0,0,0,0,0,1,0,0,0,0,0
6,0.107272967106009,0,0,0,1,0,0,1,0,1,0,1,0,0,0,1,0,0,1,0,0
7,-0.046441992777783,0,1,1,0,1,1,1,0,1,0,1,1,0,1,1,0,1,1,0,1
8,-0.115155663009261,1,0,0,1,1,0,1,1,1,0,0,1,1,1,0,0,1,1,0,0
9,-0.0701194420476648,0,0,0,1,1,0,1,0,0,1,0,1,0,1,1,1,0,1,0,1
10,-0.0638402669570324,0,1,0,1,0,0,1,0,0,0,1,0,0,0,0,1,1,1,0,1
11,-0.0871791950503572,1,0,0,1,0,1,1,1,1,1,1,0,0,1,0,0,0,1,0,0
12,0.066511245588491,0,0,0,0,0,0,1,0,1,0,1,1,0,0,1,0,0,1,0,0
13,-0.15496502130691,0,0,1,0,0,0,1,0,1,0,1,1,1,1,1,0,0,1,0,1
14,0.00427952654308657,0,0,0,0,0,1,0,0,1,0,1,0,0,0,0,0,0,1,1,1
15,0.0567508573688333,0,0,1,0,0,0,0,1,0,0,1,0,1,1,0,0,0,0,1,0
16,-0.0293219948490902,0,0,0,1,0,0,1,1,1,0,0,0,0,0,1,1,0,1,1,1
17,-0.0151854063814566,1,0,0,0,0,0,0,0,0,1,1,1,0,0,0,0,1,1,1,0
18,0.120516967689035,0,0,0,0,0,0,0,0,0,0,0,1,0,0,1,0,1,0,0,0
19,0.0371993542630245,0,1,1,1,0,1,1,0,1,0,1,0,0,0,1,0,1,0,0,0
20,-0.00437706327324272,1,0,1,0,1,0,1,0,0,0,1,0,0,1,1,0,1,1,1,1
21,0.100839822584361,0,0,0,0,0,0,1,0,0,0,0,0,0,0,0,0,0,1,1,0
22,-0.119795205924767,1,1,1,0,0,1,1,1,0,0,0,0,0,1,0,1,1,1,0,0
23,-0.000507168946755019,0,0,0,0,0,1,1,0,0,0,1,0,0,0,1,0,0,1,1,1
24,0.0437880387058791,0,1,0,0,0,0,1,1,1,1,0,0,0,1,1,0,1,1,0,0
25,0.0623926037023923,1,0,0,0,0,1,1,0,0,0,0,0,0,0,0,1,1,0,1,1
26,-0.137147237865818,0,1,0,1,1,1,1,1,1,0,1,0,0,0,1,0,1,0,1,0
27,0.0275635027096819,1,1,1,0,1,1,1,1,0,0,0,1,0,1,0,1,1,1,0,1
28,0.117760062469781,0,1,1,1,1,1,1,0,1,0,0,0,1,0,1,0,0,1,0,1
29,-0.0260460329558914,0,1,0,1,1,0,1,0,1,0,0,0,0,0,1,0,0,1,1,0
30,0.0890480360237553,0,0,1,1,1,0,0,0,0,0,0,0,0,1,1,0,0,0,1,0
31,-0.111877986799142,0,1,1,0,0,0,1,0,1,0,0,1,0,1,0,0,0,1,1,0
32,-0.0585422202892216,0,0,0,1,1,0,1,1,1,0,1,1,1,0,0,0,0,0,0,1
33,-0.00676600364229285,0,0,0,1,1,0,0,1,1,0,1,1,0,1,1,0,0,1,0,0
34,0.0444921274815593,0,1,1,0,0,1,0,0,0,0,0,0,0,0,1,1,0,0,1,0
35,-0.0739297723834179,0,0,0,1,0,0,0,1,1,0,1,0,0,0,1,0,0,0,0,1
36,-0.11759898730185,0,0,1,1,1,0,1,0,1,0,0,1,1,0,1,0,1,1,1,1
37,-0.0819619550751852,0,0,0,0,1,1,0,1,1,0,1,0,0,1,1,0,1,1,1,0
38,-0.0368261284752152,1,0,0,0,0,1,0,0,1,1,1,1,1,0,0,0,1,1,1,0
39,-0.0102708479349947,0,0,0,0,0,0,0,0,0,0,1,1,0,1,1,0,0,0,1,1
40,0.212132228515427,0,1,0,1,0,0,0,0,0,0,0,0,0,0,0,0,0,0,0,0
41,0.0515075798278893,0,0,1,1,0,0,1,1,1,0,0,0,0,0,1,0,1,1,0,0
42,-0.0587848248974802,0,0,0,1,0,0,1,1,1,0,1,0,1,0,1,0,1,1,0,1
43,-0.158184415744706,1,1,1,1,0,1,1,0,1,1,1,0,1,0,1,0,1,1,1,1
44,-0.207583308419329,0,0,1,1,1,1,1,1,1,1,1,1,0,0,1,0,1,1,1,0
45,0.0388321105898231,0,0,0,0,1,0,1,0,1,1,0,0,0,1,0,0,1,1,0,0
46,0.11600699942839,0,0,0,0,0,0,0,0,0,1,1,0,0,0,1,0,0,0,0,0
47,-0.0707485982484945,0,0,1,0,0,0,0,0,1,1,0,1,1,1,0,1,1,1,1,0
48,0.130585924232115,0,1,0,0,1,0,1,0,1,0,0,0,0,0,1,0,1,0,1,0
49,0.0730591268153478,0,0,0,1,0,0,1,0,0,0,1,1,1,0,0,0,1,1,1,0
50,-0.0749585918419957,0,1,1,1,0,0,0,1,1,0,1,0,1,0,1,0,1,1,1,0
51,0.0635792931829975,0,1,0,1,0,0,1,1,0,0,0,1,0,1,0,0,0,0,1,1
52,0.0109899059425996,1,1,0,0,0,1,1,1,0,0,1,1,0,1,1,1,1,1,0,0
53,0.103032900448879,0,0,0,1,0,0,1,0,0,0,0,1,0,0,0,0,0,1,1,0
54,0.147494672569193,0,0,0,1,0,1,0,0,0,0,1,0,0,1,0,0,0,1,0,0
55,0.0462066814944572,1,0,0,0,0,0,1,0,1,0,1,1,1,1,1,0,0,1,0,1
56,0.0413965304251772,0,0,0,0,1,0,0,0,1,0,1,0,0,1,1,0,1,1,1,0
57,-0.000781815293558514,0,0,0,0,0,1,0,0,1,0,1,1,1,0,1,1,1,1,0,1
58,0.022508173937153,0,0,1,0,0,0,1,0,1,0,0,0,0,0,1,0,0,1,0,1
59,-0.0495855718399899,1,0,1,0,0,1,1,0,0,1,0,1,0,1,1,1,0,1,1,1
60,0.0369176165833129,1,1,0,0,0,1,0,0,0,0,1,1,0,0,1,0,1,0,1,0
61,0.0922674107356153,0,0,0,0,1,0,0,0,1,1,1,0,0,0,1,0,1,1,1,1
62,-0.147630962157559,0,1,0,1,0,0,1,1,1,0,0,1,1,0,0,1,0,1,1,1
63,-0.00309688886448233,1,1,0,1,0,0,0,1,1,0,0,1,1,1,0,0,1,1,0,1
64,-0.0573400235606047,0,0,0,0,0,0,1,1,1,0,1,1,0,1,1,1,1,1,1,1
65,0.00578225875594918,0,0,0,1,0,0,1,0,0,0,1,0,1,1,0,0,0,0,0,0
66,0.337145919164133,0,0,0,0,0,0,0,0,0,0,0,0,0,0,1,0,0,0,1,0
67,0.0401665451653968,0,0,0,0,1,0,1,0,1,0,1,1,0,0,1,0,1,0,0,0
68,-0.119448848498095,0,0,0,0,1,0,1,1,1,0,0,1,0,1,1,1,0,1,1,1
69,-0.0823420427200373,0,1,1,0,0,1,1,0,0,0,1,1,0,1,1,0,1,1,1,1
70,-0.10173404737429,0,0,0,0,0,0,1,0,1,0,0,0,1,1,1,1,0,1,1,0
71,0.00923865245590311,0,1,0,0,0,0,1,0,1,0,1,0,0,1,1,1,0,1,0,1
72,-0.0329363465330353,1,0,0,1,0,0,1,1,1,1,1,1,1,1,1,0,0,1,0,1
73,0.0859050053671727,0,0,1,0,0,0,0,0,1,0,0,1,0,1,0,0,0,0,0,0
74,0.0976354665836237,0,0,1,1,0,0,1,0,1,0,1,0,0,0,1,0,0,1,0,1
75,0.146108603234228,0,0,0,0,1,0,0,0,1,0,1,1,0,0,0,0,0,1,0,0
76,-0.0372356593688487,0,0,0,0,0,1,1,0,1,0,1,1,1,1,1,0,1,1,0,1
77,0.00604143910821293,1,0,0,1,0,1,1,0,1,0,0,1,0,0,1,0,0,1,1,0
78,0.0590686776858718,1,1,0,0,0,0,0,0,0,1,0,0,0,1,0,1,1,1,0,0
79,-0.14491278096175,1,1,1,1,0,1,1,0,1,0,0,0,1,0,1,1,1,1,1,0
80,0.137130007835558,0,0,0,0,0,1,1,0,0,0,0,0,0,0,0,0,0,0,0,1
81,-0.102496451388834,1,0,0,1,1,0,0,1,0,1,1,0,0,0,1,1,1,1,1,1
82,0.135051381133524,0,0,0,0,1,0,1,0,0,0,0,0,0,0,0,0,0,1,1,1
83,0.0811788172059931,0,0,0,1,1,0,1,0,0,0,1,0,0,0,0,0,0,1,0,1
84,0.0284377317300304,0,0,1,1,1,1,1,0,1,0,0,0,0,0,1,0,0,0,0,1
85,0.149315176072356,1,0,0,0,0,0,1,0,1,1,0,1,0,0,0,1,0,0,1,0
86,0.0552270670977092,0,0,1,0,0,1,1,0,0,0,0,0,0,0,1,0,0,0,1,0
87,-0.0200982444058412,0,1,0,1,1,0,0,0,0,1,1,0,1,1,1,0,1,0,0,0
88,0.0152104805308064,1,1,0,1,0,1,0,1,1,0,0,0,0,1,1,0,0,1,1,1
89,-0.111125986430223,0,1,1,0,0,0,0,0,1,0,1,1,1,1,1,1,1,1,1,1
90,-0.0364267940258897,0,0,0,1,1,0,1,0,1,1,1,1,0,1,1,0,0,1,1,1
91,-0.0651704768607111,0,1,0,0,1,0,1,0,1,0,0,0,0,0,1,0,1,1,1,0
92,-0.0842757873066314,1,1,1,0,1,1,1,0,0,1,1,1,0,1,1,0,0,1,0,0
93,0.18762808342881,0,0,0,0,0,1,0,0,0,0,1,0,0,0,0,0,0,1,0,0
94,-0.0748383576321109,1,0,0,1,1,0,1,1,0,0,1,1,0,0,1,1,1,1,1,0
95,-0.0445303403775644,0,1,1,0,0,1,0,0,1,0,1,1,0,0,1,1,1,1,1,1
96,0.0838413495711001,0,1,0,1,0,1,1,0,1,0,1,0,0,1,0,0,1,1,1,1
97,-0.12695776050833,1,1,0,1,1,1,1,1,1,0,1,1,1,1,1,1,0,1,1,1
98,-0.0105692975424725,0,1,0,1,1,0,0,0,1,1,0,1,1,1,1,1,1,1,0,0
99,-0.0907120957854657,0,1,0,0,0,0,1,0,1,0,1,0,0,1,1,0,0,1,1,0
100,0.0140768573790614,0,0,1,0,0,0,0,0,1,0,1,1,0,0,1,0,1,0,0,0
101,-0.205018124068677,0,0,1,1,1,0,0,1,1,0,1,1,1,1,1,1,1,1,1,1
102,-0.01486045433808,0,1,1,0,0,1,0,0,1,0,0,1,1,0,1,0,1,1,1,0
103,0.0298651572240217,0,1,1,1,1,1,0,0,0,0,1,0,0,0,1,1,0,1,1,0
104,0.0898012691777784,0,0,0,0,0,0,0,1,1,0,1,1,0,0,0,0,0,1,1,1
105,-0.117132169543781,1,0,0,1,1,1,1,0,1,1,1,1,0,1,1,1,0,1,0,1
106,0.0879849785632634,0,0,0,0,1,0,0,0,1,1,0,0,0,1,1,1,0,0,0,1
107,0.00204095086017483,0,0,0,0,0,0,1,0,0,0,0,0,0,0,1,0,0,1,0,1
108,-0.221895612278214,1,1,0,1,0,0,0,1,1,0,1,0,1,0,1,1,0,1,1,1
109,-0.0506267339711321,0,0,0,1,0,0,1,0,1,0,1,0,1,1,1,1,0,1,0,1
110,0.201229689904812,0,0,0,0,1,0,1,0,1,0,0,0,0,0,1,0,0,0,0,0
111,-0.085479892339301,0,1,1,1,0,0,0,0,0,0,0,1,1,1,0,0,0,1,1,1
112,-0.20545922200567,0,1,0,1,1,1,1,0,1,0,1,0,1,1,1,1,1,1,0,0
113,0.0297008766820035,0,0,1,0,1,1,1,0,1,0,0,0,0,0,0,1,1,1,1,1
114,0.0853969328813961,0,0,0,0,0,0,0,0,1,0,0,0,0,1,1,0,0,1,0,0
115,-0.0588877862020128,0,1,0,1,0,0,1,1,0,0,1,1,0,0,1,0,1,1,1,0
116,-0.226653012346492,0,1,1,0,0,1,1,1,1,1,1,0,1,1,0,1,1,1,0,0
117,-0.038177098501414,0,0,0,1,1,0,1,0,0,0,1,1,0,1,1,1,0,0,1,1
118,-0.00209876696555126,0,1,0,1,1,0,1,0,0,1,1,0,0,0,1,0,0,1,0,0
119,-0.111382212813975,1,1,0,1,0,1,1,0,1,0,1,1,0,1,1,0,1,1,1,1
120,-0.158108464105917,1,0,1,1,1,0,1,1,1,0,1,0,0,1,1,0,1,1,1,0
121,-0.0142551136693205,0,0,0,0,0,1,1,0,1,0,0,0,1,0,1,0,0,1,1,0
122,-0.147898192029056,0,0,1,0,1,1,1,0,0,1,1,0,0,1,1,0,0,1,1,1
123,-0.100537607849023,0,0,0,1,0,1,0,1,1,0,1,0,0,1,1,0,0,1,0,0
124,-0.129587800420046,0,1,0,0,1,0,1,1,1,1,1,1,0,0,1,0,1,1,1,0
125,-0.0906698987137234,1,0,1,0,0,1,1,0,0,0,1,0,0,1,1,0,1,0,1,0
126,-0.124952292327877,1,0,1,1,1,0,1,0,1,1,1,0,0,1,0,1,0,0,0,0
127,0.00831333408151395,0,0,1,0,1,1,1,0,0,0,1,1,0,0,1,1,0,0,0,1
128,0.0450289549130645,1,1,1,1,0,0,1,0,1,0,1,0,0,1,0,0,0,0,1,1
129,-0.103348832528693,0,1,0,1,1,1,1,1,1,0,0,1,0,0,0,0,0,1,0,1
130,-0.262097105057926,0,1,1,1,1,1,1,1,1,1,1,1,1,1,1,0,1,1,1,1
131,0.177660372045058,0,0,0,0,1,0,1,0,0,0,0,1,0,0,1,0,1,0,0,0
132,-0.0327619048712105,0,0,0,1,0,0,1,0,0,0,1,0,0,0,0,0,1,0,1,1
133,-0.212744413594994,0,1,0,0,1,0,1,0,1,0,1,0,1,1,1,1,0,1,1,1
134,0.0463381406102748,0,0,0,1,1,0,0,0,1,1,0,1,0,0,0,1,0,1,1,0
135,-0.0748926522157449,0,1,0,0,0,0,1,0,0,0,1,1,1,0,1,0,1,1,0,1
136,-0.0127530696041092,0,1,1,1,1,0,1,0,0,0,0,1,0,0,1,0,0,1,1,0
137,0.038464631329438,0,0,0,0,0,1,0,0,1,0,1,0,0,1,0,1,0,1,0,0
138,0.122711529684689,0,0,0,0,0,0,0,0,1,1,1,0,0,0,1,0,0,1,0,0
139,0.00648335460492602,0,1,1,1,1,0,1,0,1,0,1,0,0,0,0,0,1,1,0,0
140,0.0131552572235328,0,0,1,0,0,0,1,0,0,1,1,0,0,0,1,0,0,1,1,1
141,-0.0352544774674399,0,1,0,0,0,0,1,1,1,0,1,1,0,1,1,0,0,1,1,1
142,-0.0453732765422036,0,0,0,0,0,0,1,1,0,0,0,0,1,0,1,1,0,0,0,0
143,0.0269676601165547,0,1,0,1,1,0,1,1,1,0,1,0,0,0,0,0,0,1,0,1
144,-0.0217569557979874,0,0,0,0,0,0,0,0,0,0,1,1,0,1,1,1,1,0,1,1
145,-0.0804325169795277,0,0,0,1,0,1,1,0,1,0,0,1,0,1,1,1,1,1,1,1
146,-0.0593194015530798,0,0,1,0,0,1,0,1,1,0,1,0,0,1,0,1,0,1,1,1
147,-0.105728065220126,0,0,0,1,1,0,0,0,0,1,0,1,0,1,1,0,1,1,1,0
148,-0.019851011531103,0,0,0,0,0,1,1,0,0,0,1,0,1,1,1,1,0,0,0,0
149,-0.0151388484872182,0,0,0,1,0,0,1,0,0,0,1,0,1,1,1,0,0,1,0,1
150,-0.0586244998667453,0,0,1,0,0,0,0,1,0,0,0,1,0,0,1,1,1,1,0,1
151,0.0333768794973152,0,1,0,0,0,1,0,1,0,0,1,1,0,1,0,0,1,1,1,0
152,-0.0274869508512675,1,1,0,0,0,0,0,0,0,1,1,1,0,1,1,1,0,0,0,0
153,-0.0857112390415656,0,0,0,1,1,0,0,0,1,1,1,1,1,0,1,0,1,1,0,1
154,-0.0264667756479775,0,0,0,0,1,1,1,0,1,0,1,0,1,0,0,0,0,0,1,0
155,0.111311371500182,0,0,0,0,0,0,1,0,0,0,0,0,0,1,1,0,1,1,1,0
156,0.224488250946401,0,1,0,0,1,0,0,0,0,0,1,0,0,1,1,0,0,0,0,1
157,-0.0512944167840509,0,0,1,1,0,0,1,1,0,1,1,0,0,0,1,0,0,1,1,1
158,-0.00779604463407969,0,0,1,0,0,1,0,1,0,0,1,0,0,0,0,0,0,0,0,1
159,-0.098991949147014,0,0,1,0,0,1,0,0,1,1,1,0,0,1,0,0,0,1,1,1
160,-0.153291833176825,1,1,0,1,1,1,1,0,1,1,1,1,0,1,1,0,0,0,1,1
161,-0.0122394276047897,1,0,0,0,1,0,1,1,0,0,1,0,0,0,1,0,0,0,0,0
162,-0.0155363780860031,0,1,0,0,1,0,0,1,1,0,1,0,0,1,1,0,0,1,1,0
163,-0.0121821788828294,0,0,0,0,0,1,1,0,1,0,0,0,0,1,1,0,0,1,1,0
164,-0.16903776888957,0,0,1,1,0,1,1,0,1,1,1,1,0,1,1,0,1,1,1,1
165,-0.0652915007748799,0,1,0,1,0,0,1,1,0,0,1,1,1,0,1,0,1,1,1,1
166,0.0292130137162615,0,0,0,0,1,1,0,0,0,0,1,0,0,1,1,0,0,0,0,0
167,-0.185061758423259,0,0,0,0,0,0,1,1,1,1,1,1,0,1,1,0,1,0,1,1
168,0.059743324030277,0,0,1,0,0,0,0,0,0,0,0,0,1,0,1,0,1,1,1,1
169,-0.00343234821688287,0,0,0,1,1,0,1,0,1,0,1,1,1,0,0,0,1,1,0,0
170,-0.0572715800290081,0,1,0,1,1,0,0,0,1,0,1,0,0,0,1,0,0,1,0,0
171,0.0764084100455478,0,0,0,0,1,1,1,0,0,1,0,0,0,0,0,1,1,1,0,0
172,-0.0255858804263497,0,0,0,0,0,0,0,0,1,0,1,1,0,1,1,1,0,1,0,1
173,0.0695102650701718,0,0,0,1,1,1,1,1,1,0,1,0,0,0,0,0,1,1,0,0
174,0.0653914953083531,0,0,0,1,0,1,0,0,0,0,1,1,0,0,1,0,0,1,1,0
175,0.0148936022750575,0,0,1,1,0,0,1,0,0,1,1,0,0,0,1,0,0,1,1,0
176,0.13302771527629,0,0,0,0,0,1,0,0,1,0,0,0,0,0,1,1,1,1,0,1
177,0.0224078115508626,1,0,1,0,0,0,1,1,1,0,1,0,0,0,0,0,1,1,0,1
178,0.080972346062425,0,0,0,1,0,1,1,0,0,0,0,0,1,0,0,1,0,0,0,1
179,-0.0289778746235491,0,0,1,0,0,0,1,0,1,0,0,0,0,0,1,1,0,1,0,1
180,-0.201021617007085,0,0,0,1,0,1,1,0,1,1,1,1,1,1,1,0,0,1,1,1
181,0.124459731712295,0,0,0,0,0,0,0,0,0,0,0,1,1,1,0,0,1,1,0,1
182,0.00413141119624391,1,1,0,0,0,1,0,0,1,0,0,1,0,1,1,0,0,1,0,1
183,-0.0570318638422681,0,0,1,1,1,0,1,0,1,0,1,0,1,0,1,0,1,1,1,0
184,-0.0726773755379039,1,1,0,1,1,1,1,0,1,1,1,1,0,0,1,0,1,1,0,0
185,-0.0716372136710805,1,1,1,1,0,1,1,0,1,0,1,1,0,1,1,0,0,1,1,0
186,0.00487879143054672,0,0,0,0,1,0,1,1,1,0,0,0,0,1,1,1,0,1,0,0
187,-0.313331356181028,0,1,1,1,1,0,1,0,1,0,1,1,0,1,1,1,1,1,1,1
188,0.0138537735453826,0,1,1,0,0,0,1,0,0,0,0,1,1,1,0,0,0,0,0,0
189,0.179455744743656,0,0,0,1,1,1,1,1,1,0,0,1,0,0,0,0,0,1,0,0
190,-6.77476718691244e-05,0,0,0,0,0,0,0,0,1,1,0,0,0,1,1,0,0,0,1,0
191,0.160904119165292,0,1,0,0,0,1,0,0,0,0,1,0,1,0,0,0,0,0,0,0
192,-0.172964730942108,0,1,1,1,1,1,1,1,1,0,0,0,0,0,1,0,1,1,1,1
193,0.0714366884013513,1,0,0,1,0,0,1,0,1,0,0,1,0,1,1,0,1,0,1,1
194,0.0853275677639645,0,0,0,0,1,1,0,0,1,0,0,1,1,0,1,1,0,0,0,0
195,-0.227243215143364,1,1,1,1,1,1,1,1,1,0,1,0,0,1,1,0,1,1,1,1
196,-0.22103298076464,0,1,1,1,1,0,1,0,1,0,0,0,0,1,1,0,1,1,1,1
197,0.147973963394186,0,1,1,0,0,0,0,0,0,0,0,1,0,0,1,1,0,1,0,0
198,-0.134103030980348,0,1,0,0,1,0,1,1,0,0,1,0,1,1,1,0,1,1,1,1
199,-0.101561559416028,0,0,0,1,0,1,1,1,0,0,1,1,1,1,0,0,0,1,0,1
200,0.0559028759692084,0,0,0,0,0,0,1,1,1,0,0,1,0,1,0,0,0,1,0,1
201,-0.0679327837638368,0,0,0,0,0,1,1,0,1,0,0,1,0,1,1,0,0,1,0,0
202,0.10415391606198,1,1,0,0,0,0,0,0,0,0,1,0,0,0,0,1,1,0,0,0
203,0.0347325389692125,0,0,0,0,1,0,0,0,1,1,1,0,0,1,1,0,1,1,1,1
204,0.110595558972832,0,0,0,0,0,0,0,0,0,0,1,0,0,0,0,0,0,1,1,1
205,-0.10901929823005,0,0,0,1,1,0,0,0,0,1,0,1,0,0,1,0,0,1,1,1
206,0.0901475343773581,0,1,0,0,0,0,0,0,1,0,0,0,0,1,0,0,0,0,0,0
207,-0.0355948374495358,0,1,1,0,1,1,0,0,1,0,1,0,1,1,0,0,1,1,0,0
208,0.0615084120688216,1,0,0,1,0,0,1,1,1,0,0,0,0,0,1,0,1,0,1,0
209,0.0896470405928992,0,0,0,0,0,0,1,0,1,0,1,0,0,1,1,0,0,0,1,0
210,0.0646801910909346,0,0,0,0,0,0,1,0,0,0,1,0,1,0,1,1,0,1,1,0
211,0.0011813832858099,0,1,0,1,0,0,0,0,0,0,1,0,1,1,1,0,0,1,1,0
212,0.0646626602519465,0,0,0,0,0,1,1,0,0,0,1,0,0,0,0,0,0,1,0,0
213,0.0382516264967675,0,1,0,1,0,1,1,0,1,1,1,0,0,1,0,1,0,1,1,1
214,-0.0867180613396794,0,0,1,1,0,0,1,0,0,1,0,1,1,0,1,0,1,1,1,0
215,-0.203369514530726,1,0,1,0,0,1,1,1,1,0,1,0,1,1,1,0,0,1,0,1
216,0.0498968530587904,1,1,1,0,1,1,1,0,0,0,1,1,0,0,1,0,1,1,0,0
217,-0.0121229666081336,0,1,1,1,0,0,1,0,0,0,1,0,0,0,1,0,0,1,1,1
218,0.134761235847839,0,0,1,0,0,1,1,0,0,0,0,0,0,0,0,0,0,0,0,1
219,0.0099542779296427,0,0,0,1,0,0,0,0,1,0,0,0,1,1,0,0,1,1,0,1
220,-0.120930622644648,1,0,0,1,0,1,1,0,1,0,1,0,1,1,1,0,0,0,0,1
221,0.00962293877924322,0,0,0,0,0,0,1,0,1,1,1,0,1,1,0,0,0,0,0,0
222,-0.0668307136486916,0,1,1,1,1,0,1,0,1,0,1,1,0,1,0,0,0,1,0,1
223,0.297786233416282,0,0,0,0,0,0,0,0,1,0,1,0,0,0,0,0,0,0,0,0
224,-0.119844816967323,0,0,0,0,0,0,1,0,1,0,1,0,0,0,1,0,0,1,0,0
225,0.000965737909359429,0,0,0,1,0,1,1,0,1,1,0,0,0,1,0,0,1,1,1,1
226,0.0219086210558283,0,0,0,0,0,1,1,0,0,0,1,0,0,1,0,0,0,0,0,1
227,-0.0289433965453332,0,1,0,0,1,0,0,0,1,0,1,0,0,1,1,1,1,1,0,1
228,0.0189927383008254,0,0,1,1,1,0,1,0,1,0,1,1,0,1,0,0,0,1,1,0
229,-0.221405050367168,1,1,0,1,0,1,1,1,1,1,1,1,0,0,1,0,1,1,1,0
230,0.0341072039045275,1,1,0,1,0,0,1,0,0,0,1,1,0,1,1,0,0,1,0,0
231,-0.098522507573702,0,0,0,1,0,0,1,1,1,1,1,0,0,0,1,0,0,0,1,0
232,-0.0047344416862,0,0,1,1,0,1,0,1,1,1,1,0,0,1,1,0,0,1,1,0
233,-0.039057696216764,0,0,0,1,1,1,0,0,0,0,0,0,1,1,0,1,1,1,1,1
234,-0.0137424160170975,1,1,0,1,0,0,1,0,1,1,1,1,0,0,1,0,0,1,1,1
235,-0.0278356465549462,1,0,1,1,0,1,1,0,0,0,1,0,1,1,1,0,1,1,0,1
236,0.0915158007075362,0,0,0,0,1,1,1,0,0,0,0,1,0,1,1,0,1,1,0,1
237,-0.0760397761739703,1,0,1,0,1,0,0,0,1,0,1,0,1,1,0,0,1,0,0,0
238,0.192997772580872,0,0,0,0,0,0,0,0,0,0,1,0,0,0,0,0,0,0,0,0
239,0.0430365905943068,0,1,0,0,0,1,0,0,1,0,0,1,1,1,1,0,1,1,0,0
240,0.115139415685132,0,0,0,0,0,0,0,0,1,0,1,1,1,0,1,1,0,1,0,0
241,-0.146200744255488,0,0,0,1,0,1,1,1,0,0,0,1,1,0,1,0,0,1,0,0
242,0.0647152605387369,0,1,1,0,0,0,0,0,0,0,1,0,0,1,1,0,1,0,0,0
243,-0.119258617763303,0,0,1,1,0,1,1,0,1,0,1,0,0,0,1,1,1,1,0,0
244,0.155912242880465,0,0,0,1,0,1,0,0,1,0,0,0,0,1,1,0,0,0,0,1
245,-0.00843765007962405,0,0,0,0,0,0,1,0,0,0,0,1,1,0,1,0,0,0,1,0
246,-0.0175314456116424,1,0,1,1,1,1,0,0,1,0,0,0,0,1,0,0,0,1,1,0
247,-0.242446005451702,1,1,1,1,0,1,1,1,1,1,0,0,0,1,1,0,0,1,1,1
248,-0.112494363837077,0,0,1,0,1,0,0,0,1,1,1,0,1,1,1,1,1,1,0,1
249,0.00715778875469874,0,1,0,0,1,1,1,0,1,0,0,1,0,0,1,0,0,1,0,1
250,0.165987081958896,0,0,0,0,0,1,0,0,1,0,1,0,0,0,0,1,1,1,0,0
251,-0.134303641053569,0,1,1,1,1,1,1,1,1,0,1,0,0,1,0,0,1,1,1,0
252,-0.142490194314979,0,0,1,0,1,1,0,1,0,0,1,1,0,0,0,0,1,0,0,0
253,0.0132024335900556,1,0,1,0,1,1,0,0,0,0,1,0,1,0,1,0,0,1,1,1
254,0.167947755674961,0,0,0,1,0,1,0,0,1,0,0,1,0,0,0,1,0,1,0,0
255,-0.175541607248844,0,0,1,0,1,1,1,0,1,1,1,1,1,0,1,0,1,1,1,0
256,-0.0325976949239924,0,0,0,1,1,1,1,0,1,1,1,0,0,0,0,1,1,1,0,1
257,-0.105290909817839,0,1,1,0,1,0,0,0,1,0,0,1,0,1,1,0,0,1,1,1
258,-0.0591392893397558,0,0,0,1,1,1,1,1,1,1,1,1,0,1,0,1,1,1,0,0
259,0.00923127326771612,0,0,0,1,0,1,1,0,0,1,1,0,0,1,1,0,0,1,0,1
260,-0.0223527113135485,0,0,0,1,1,0,0,1,1,0,1,1,0,0,1,0,1,1,0,0
261,-0.0240627375230623,0,0,1,0,0,0,1,1,1,0,0,1,0,1,1,1,0,1,1,1
262,0.125960009285207,0,0,0,0,0,0,1,0,0,0,0,1,0,1,0,0,0,1,0,0
263,-0.0888820248720387,1,1,0,0,0,0,1,0,0,1,1,0,0,1,1,1,1,0,1,1
264,-0.111510581495967,0,1,0,0,0,1,1,0,0,0,0,1,1,1,1,0,0,1,1,1
265,-0.0528449147833264,1,0,0,0,0,0,0,0,0,0,1,1,0,0,1,1,0,1,1,0
266,0.171569606740914,0,0,0,0,0,0,0,0,0,0,0,0,0,0,1,1,0,1,0,1
267,0.0366978892665337,0,0,0,0,1,0,0,1,0,0,1,0,0,0,0,1,1,0,0,1
268,0.100559996069634,0,0,0,0,0,1,0,0,1,0,1,0,1,0,0,0,0,1,0,0
269,0.146161098776449,0,0,0,1,0,0,0,0,1,0,0,0,0,0,1,0,0,1,1,0
270,0.167589977351013,0,0,0,1,1,1,0,0,0,0,0,0,0,0,0,0,0,0,0,0
271,-0.0353290523111793,1,1,0,0,1,0,1,1,0,1,0,0,0,1,1,0,0,1,0,1
272,0.187283310037518,0,0,0,0,0,0,0,0,1,0,0,1,0,0,1,0,0,1,0,0
273,0.0432342861461503,0,0,0,1,0,0,0,0,0,0,1,1,0,1,1,0,1,1,0,1
274,0.0231630326392706,1,0,0,0,0,0,0,1,1,0,0,1,0,0,1,0,1,0,1,1
275,-0.0659600356447375,1,0,0,1,0,0,1,0,0,0,1,0,1,0,1,0,0,1,0,0
276,0.225660950316564,0,0,0,0,0,1,0,0,0,0,1,1,0,0,0,0,0,1,0,0
277,-0.207287349532059,0,0,0,1,1,1,1,1,1,0,1,0,1,0,1,0,1,1,0,0
278,-0.0895410990515252,0,0,1,0,0,0,0,0,1,1,1,1,0,0,1,0,1,1,1,1
279,0.01877214692852,0,1,0,1,0,0,0,0,0,0,1,0,0,0,1,0,0,1,0,1
280,0.082184117435935,0,0,0,1,1,0,0,0,1,0,1,0,0,0,1,0,0,1,1,0
281,-0.0414909352580334,0,1,1,1,0,1,0,0,1,0,0,1,0,1,0,0,0,0,0,0
282,-0.230523855330436,1,0,0,1,1,1,1,0,1,0,1,1,0,1,1,1,1,1,1,1
283,-0.0590934088066914,0,0,0,1,1,1,1,0,1,0,1,1,0,1,1,1,0,0,1,1
284,-0.0839754014893186,0,0,1,1,1,0,1,0,1,1,1,0,0,1,1,0,1,1,0,0
285,-0.0133372202203538,0,0,0,0,1,1,1,0,1,0,0,0,1,0,1,0,1,1,0,1
286,0.160406016185085,0,0,0,0,0,0,1,0,0,0,1,1,0,1,0,0,1,0,0,0
287,-0.107614467037886,0,0,1,0,1,1,1,1,1,0,0,1,1,1,1,1,0,1,0,1
288,0.0508701917966904,0,0,0,0,0,0,0,0,0,0,1,0,1,1,1,0,0,1,1,0
289,0.1478589081526,0,1,0,0,0,1,1,0,1,0,0,0,1,0,1,0,0,1,0,0
290,0.00919076187731146,0,1,0,0,0,0,1,0,0,0,0,0,0,0,0,0,1,1,1,1
291,0.164550978429432,0,1,0,1,1,0,1,0,0,0,1,1,0,0,0,1,0,0,0,0
292,-0.00621261320425947,0,1,0,0,1,0,1,0,1,0,1,0,0,1,1,0,0,1,1,0
293,-0.0259774903669399,1,1,0,1,0,0,1,0,1,0,0,1,0,1,1,1,1,0,1,0
294,0.0497508876179843,1,0,1,0,0,1,0,0,1,0,1,1,1,1,1,1,0,1,0,0
295,0.129250831461775,0,0,0,0,0,0,0,0,0,0,1,0,0,1,1,0,0,1,0,1
296,-0.163057616297085,0,0,0,1,1,1,0,1,0,0,1,0,0,1,0,1,1,1,0,1
297,-0.121709137143141,0,1,0,1,1,0,1,1,1,0,0,0,1,1,0,0,0,1,1,0
298,0.139641784221332,0,1,0,1,0,0,1,0,0,0,1,0,0,0,1,0,0,1,0,0
299,-0.0680028772760026,0,1,1,1,0,1,0,0,1,0,1,1,1,1,0,0,0,0,1,0
300,-0.0727885553793567,0,0,0,0,1,1,1,0,1,1,1,0,0,0,1,1,0,1,1,0
301,-0.0232120453069882,1,0,0,1,1,1,0,1,1,1,1,0,0,1,0,0,0,1,0,0
302,-0.10888736319023,1,0,1,0,1,0,1,1,0,0,0,1,0,0,0,0,1,1,1,0
303,0.0115116150647583,1,0,0,1,1,1,0,0,0,0,1,1,0,1,0,1,0,1,1,0
304,0.183270552678393,0,0,0,0,0,1,0,0,1,0,1,1,0,0,1,0,0,0,0,1
305,0.181692818141231,0,0,1,0,0,0,0,0,1,0,0,0,0,1,1,1,0,0,0,0
306,0.196599549931582,0,0,0,0,1,0,0,0,0,0,0,1,0,0,1,0,0,1,1,0
307,0.117559973464155,1,1,0,0,0,0,0,0,0,0,1,0,0,1,0,0,0,1,1,1
308,-0.050188354007237,0,0,0,0,0,1,1,1,1,0,0,0,1,1,1,0,0,1,0,1
309,0.109472244430569,0,0,0,1,0,1,0,0,0,0,1,0,0,1,0,0,0,1,0,0
310,0.148057852736855,0,0,0,1,0,0,1,0,1,0,0,0,0,0,0,0,0,0,0,0
311,-0.0607308634918254,0,0,0,0,1,1,0,1,0,1,0,1,0,0,1,0,1,1,1,0
312,-0.0886742340765344,1,0,0,0,0,0,1,0,1,0,1,0,0,0,1,1,1,1,1,0
313,0.0394596983063021,1,0,0,0,0,0,0,0,1,0,0,0,1,1,0,0,0,1,0,1
314,-0.0764216157172194,1,0,0,0,1,0,0,0,1,1,0,0,0,0,1,0,1,1,1,1
315,0.145070336530512,0,1,0,0,1,0,0,0,0,0,1,0,0,1,1,0,0,1,0,1
316,-0.0368529903676243,0,0,0,0,0,0,0,0,0,0,0,0,0,1,0,1,1,0,0,1
317,-0.102303613708312,1,1,1,0,0,0,0,1,1,1,1,0,1,0,1,1,0,1,0,1
318,0.0509620475767784,0,0,0,0,0,1,0,0,1,0,1,0,0,1,1,0,0,1,0,0
319,0.0206185459440813,0,0,0,0,0,0,0,0,1,0,1,0,1,0,0,1,0,1,0,1
320,-0.0529737855814887,0,1,0,0,0,1,1,0,0,0,1,0,1,0,1,1,0,1,1,0
321,-0.0480774283763625,0,0,0,1,0,1,1,1,0,0,0,0,0,1,0,1,1,1,1,0
322,0.194707673606681,0,0,0,1,0,1,1,0,0,0,0,0,0,0,0,0,0,0,0,0
323,0.00853942594470342,0,0,0,0,0,1,1,1,1,0,1,1,0,0,1,0,0,0,0,1
324,0.0906501451070462,0,1,1,1,0,1,0,0,0,0,1,1,0,0,0,1,1,0,0,0
325,-0.102404952272621,1,1,0,0,1,1,1,1,0,0,1,1,0,0,0,0,0,1,0,1
326,-0.0119282711639692,0,0,1,0,1,1,1,0,1,1,0,0,0,1,1,0,0,1,1,0
327,0.264519748225585,0,1,0,1,0,0,0,0,0,0,1,0,0,0,0,0,0,1,0,1
328,-0.0765467937520064,0,1,1,0,0,1,1,0,1,0,1,1,1,1,1,0,1,1,0,0
329,0.0234479086778982,0,0,1,1,1,0,1,1,1,0,1,1,0,1,1,0,0,1,1,1
330,0.0624075220124411,0,0,0,1,1,0,1,0,0,0,1,1,1,0,0,0,0,0,0,1
331,0.0211586980448366,0,0,0,0,1,0,0,0,1,0,1,1,1,1,0,0,0,0,1,1
332,-0.205783042298975,0,0,0,1,0,0,1,0,0,0,1,1,1,0,1,0,0,1,0,1
333,-0.0101875553804553,0,0,0,1,1,0,0,1,1,0,1,1,0,0,1,0,0,1,0,0
334,0.00277802591710471,0,1,0,0,1,0,1,0,1,0,1,0,0,1,1,1,0,1,0,0
335,0.025512215314214,0,0,0,1,0,0,1,1,1,0,0,0,0,0,1,1,0,1,0,1
336,0.102896837213589,0,0,0,0,0,0,1,1,0,1,1,1,1,0,0,0,0,0,1,0
337,-0.0255826233239591,1,1,0,0,1,0,1,0,1,0,0,1,1,1,1,0,0,0,1,1
338,0.153892109708332,0,0,0,0,0,0,1,0,1,0,0,1,0,1,1,1,0,0,1,1
339,-0.119957751881657,0,0,1,1,1,1,1,0,1,1,1,1,0,1,1,1,1,0,0,0
340,0.0868920298249121,0,0,0,0,0,0,0,0,1,1,0,1,0,1,1,0,1,0,0,1
341,-0.110242342142571,0,0,0,1,0,1,0,0,1,0,0,0,0,0,1,0,1,1,1,1
342,-0.120821826235162,0,0,0,0,1,1,1,0,0,1,0,0,1,0,1,0,1,1,1,0
343,0.0125965025131064,0,1,1,1,0,0,0,1,1,1,1,1,0,0,0,1,0,1,1,0
344,0.185929590942623,0,0,0,0,0,0,1,0,0,0,1,0,0,0,0,0,1,1,0,0
345,0.0569128984390903,0,0,0,0,1,0,0,0,1,0,0,1,0,0,1,0,0,1,1,0
346,-0.00359900895342382,0,1,1,0,0,1,1,0,0,1,1,0,0,0,1,0,0,0,0,1
347,0.131281172295958,0,0,0,0,0,1,1,0,0,0,0,0,0,1,0,0,0,1,0,1
348,-0.0818862494868655,0,0,0,1,1,1,0,0,0,0,1,0,1,1,0,0,1,1,1,1
349,-0.0437314741038163,1,0,1,1,1,0,1,1,1,1,1,1,0,1,0,1,1,1,0,0
350,-0.0193250561081273,0,0,0,0,0,0,1,0,1,1,1,0,0,1,1,0,0,1,1,0
351,0.0795028110102506,0,0,0,0,0,1,1,0,0,0,1,0,1,0,1,1,0,1,1,0
352,-0.0495579767132618,0,0,0,1,0,0,0,0,1,1,0,1,1,0,1,0,0,0,1,1
353,0.0874067560534651,1,0,0,0,0,0,0,0,1,0,0,1,0,0,1,0,0,1,1,0
354,-0.145274291611946,0,1,0,1,1,1,0,1,1,0,1,1,1,1,1,0,1,1,1,1
355,0.0126304720649611,0,1,1,0,1,0,1,0,1,0,1,0,0,0,1,0,0,0,0,0
356,0.00213026636013431,0,1,0,1,1,1,0,0,1,0,0,0,1,0,1,0,0,1,1,0
357,-0.000392598200210861,0,0,1,1,0,0,1,0,1,0,1,0,0,1,1,1,1,1,1,1
358,0.023409533395194,0,0,0,0,0,0,1,0,1,1,0,1,1,0,0,1,0,1,1,0
359,-0.00158006373644645,0,0,0,1,0,0,1,0,0,0,1,1,1,1,1,1,1,0,0,1
360,0.00955384409499076,0,0,0,0,0,0,1,0,1,1,0,1,0,0,1,0,0,0,0,0
361,-0.0725582538595807,0,0,0,0,0,0,1,0,0,0,1,1,0,1,1,1,0,0,0,0
362,0.100942775967939,0,0,0,0,0,1,0,0,1,0,1,0,0,0,0,0,0,1,0,0
363,-0.0542551179339203,0,1,1,1,0,0,1,0,1,0,1,0,1,1,0,1,1,1,0,1
364,0.0555709467532794,0,0,0,1,1,1,1,1,1,0,1,0,0,1,1,1,0,1,1,0
365,0.146587867291742,0,0,0,1,0,0,0,1,1,0,1,0,0,0,1,1,1,0,1,0
366,-0.109301007534404,0,0,0,1,1,1,1,0,1,1,1,0,0,0,1,0,1,1,1,0
367,0.0931968984153683,1,0,0,0,0,0,1,0,0,0,1,1,1,0,1,0,0,1,1,0
368,0.017612577978993,0,1,0,1,1,1,1,0,1,0,1,1,0,1,1,1,1,1,1,0
369,-0.103653732532747,0,1,1,0,0,0,1,1,1,0,1,1,1,1,0,0,0,1,1,1
370,0.0125462085421644,0,0,0,0,1,0,0,0,1,0,1,1,0,1,1,0,0,0,1,0
371,0.174452018467371,0,1,0,0,0,0,0,0,0,0,0,0,0,0,0,1,0,1,0,1
372,-0.0933399072383143,0,1,0,0,1,0,1,0,1,1,1,0,0,0,0,1,0,0,1,0
373,0.150664534569993,0,0,1,0,0,0,0,0,1,0,0,1,0,1,1,0,0,1,0,1
374,0.0717185556790338,0,0,0,0,0,1,1,0,1,0,0,0,0,0,1,0,0,0,1,0
375,-0.0891716641156268,1,0,0,1,1,0,0,1,1,1,0,1,0,0,1,0,0,0,0,0
376,-0.225671077458539,0,0,1,0,0,1,1,1,1,0,1,1,1,1,1,0,1,1,0,1
377,0.169727918474269,0,0,0,1,0,1,1,0,0,0,1,0,0,1,0,0,0,0,0,0
378,-0.0573115878892516,0,0,1,1,1,0,0,1,1,0,1,0,0,1,1,0,0,0,1,0
379,0.126010383430446,0,0,0,0,0,0,1,0,0,1,0,0,0,1,1,0,0,0,0,1
380,-0.0578244205127192,0,0,1,0,1,0,0,0,1,0,1,0,0,1,1,0,1,1,0,1
381,-0.158504383891939,0,1,1,1,1,0,1,1,1,0,1,1,1,1,1,1,0,1,0,1
382,0.00591958335387417,0,0,1,0,1,1,0,0,0,0,0,1,0,1,0,0,1,1,0,1
383,0.115790888226966,0,0,0,0,0,1,0,0,0,0,0,0,0,0,0,0,1,1,1,0
384,-0.106456387243456,0,1,1,0,1,0,1,0,1,0,0,0,0,1,1,0,1,1,1,1
385,0.0470268702469111,0,0,0,0,0,0,1,0,1,0,0,1,1,0,0,1,1,1,0,0
386,-0.0281188445643733,0,0,0,0,1,0,1,1,1,0,1,1,0,0,0,0,0,1,1,0
387,0.0218102400204765,0,0,1,1,1,0,0,0,1,0,1,1,0,0,1,0,0,1,1,0
388,-0.0388019930610658,1,1,1,0,1,0,1,0,1,1,1,1,0,0,1,1,0,1,0,1
389,0.139828303333436,0,0,0,0,0,0,0,1,1,0,1,0,1,1,0,0,0,1,0,0
390,-0.0739876577802114,0,0,0,1,0,0,1,0,1,1,0,1,0,1,0,0,1,1,1,0
391,-0.00127277448326123,0,0,0,0,0,0,1,1,1,1,1,0,1,1,1,0,1,0,0,0
392,-0.0472274514264292,0,0,0,1,0,0,1,0,1,0,0,1,0,1,1,0,0,1,0,0
393,0.150001960265126,0,0,0,0,1,0,0,0,0,0,0,0,0,0,1,0,0,1,0,1
394,-0.176947512538901,0,1,1,1,1,1,0,0,1,0,1,0,0,1,1,0,1,1,1,0
395,0.0133638262842783,0,1,0,1,0,0,1,1,0,1,0,1,0,1,0,1,1,1,0,0
396,0.137524949430637,0,0,0,1,1,0,0,0,1,0,1,1,0,1,1,0,0,1,1,1
397,-0.0693471479870948,0,0,0,1,0,0,1,0,1,0,1,0,1,1,1,0,1,1,0,0
398,-0.138219510323138,0,0,0,1,1,1,0,0,0,1,1,1,0,1,1,1,0,0,1,1
399,0.0399543234336816,1,0,1,1,0,0,1,1,1,0,0,1,0,1,1,1,1,1,0,0
400,0.0419791905419654,0,1,0,0,0,0,0,0,0,0,1,0,0,1,0,0,0,1,0,0
401,-0.114531710066269,1,1,0,1,0,1,1,0,1,0,1,0,1,1,1,1,0,1,1,0
402,0.0123137631141617,0,1,0,0,1,1,1,0,0,0,0,0,1,1,0,1,0,1,1,0
403,-0.216750270106847,0,1,1,1,0,1,1,1,1,1,1,0,0,1,1,1,1,1,0,0
404,-0.263090968000757,0,1,1,1,0,1,1,0,1,1,1,1,0,1,1,0,0,1,0,1
405,0.021807758557201,0,1,0,0,1,0,1,1,1,1,1,1,1,1,1,0,0,0,1,1
406,0.0682141080523408,0,1,0,0,1,1,0,0,0,0,0,0,0,0,1,0,1,1,0,0
407,0.100402073040083,0,1,0,0,0,0,0,0,0,0,0,1,1,0,1,0,0,1,0,0
408,0.053272623634312,1,1,0,1,0,0,0,1,1,0,1,0,0,1,0,0,1,1,1,0
409,0.125886274985173,0,0,0,0,1,0,0,0,0,0,0,1,0,0,0,0,1,0,1,0
410,-0.163716644238521,1,0,0,1,1,1,1,0,1,0,1,0,1,1,1,0,1,1,1,1
411,0.0957231596472424,0,0,0,1,0,1,1,0,0,0,0,0,0,0,0,0,0,0,0,1
412,-0.185290559078188,1,1,0,1,0,1,1,0,1,0,1,0,1,1,1,0,1,0,1,1
413,-0.0549785054624653,1,0,0,0,0,1,1,0,1,1,1,0,1,0,1,0,0,1,1,0
414,-0.0329865108701858,0,0,0,1,1,0,0,0,0,1,1,1,0,1,0,0,0,1,0,0
415,-0.0885899544178657,0,1,0,0,0,1,1,0,1,0,1,0,1,0,1,0,0,1,1,1
416,-0.121510345784773,1,1,0,1,1,1,0,0,0,0,1,1,0,1,1,1,1,1,0,1
417,-0.0208128055155091,0,1,0,0,0,1,1,1,0,0,1,0,1,1,1,0,1,1,0,1
418,-0.0792043578211704,0,0,0,0,1,0,1,0,1,0,1,1,0,0,0,1,0,0,0,1
419,0.172708039034671,0,0,0,1,0,1,0,0,0,0,1,0,0,1,0,0,0,0,0,0
420,-0.0772012975576171,0,0,1,0,0,1,0,0,0,0,0,1,0,1,0,1,0,1,1,0
421,0.079749061768406,0,1,0,0,0,0,1,0,1,0,1,0,0,0,0,0,0,1,0,0
422,0.0479921016165806,0,0,0,1,0,0,1,0,0,0,0,0,0,0,1,0,0,1,0,0
423,0.00664296190414301,0,1,0,0,1,0,0,0,1,0,0,1,0,0,0,0,1,0,1,0
424,0.0798059741329241,0,1,0,1,0,0,0,0,1,0,1,0,1,1,0,0,0,1,1,0
425,0.132564253498227,0,0,0,1,0,0,0,0,1,0,1,0,0,0,0,0,0,1,0,0
426,-0.123744871758321,0,0,0,0,1,1,1,0,1,0,1,1,1,0,1,0,1,0,1,1
427,0.0946223704624036,0,0,0,0,0,0,1,1,1,1,1,0,0,0,0,0,0,0,0,1
428,-0.14492388192657,0,0,1,0,1,0,1,0,1,0,0,1,1,0,1,0,1,1,1,0
429,-0.140289584434408,0,1,0,0,0,0,0,1,1,0,1,0,1,1,0,1,1,1,1,0
430,0.0479208387597949,1,1,0,1,0,0,0,0,1,0,0,1,0,1,1,1,0,1,0,0
431,0.00901575492983995,1,1,0,0,1,1,0,0,0,1,1,1,0,0,1,1,1,0,0,0
432,-0.0726084531506583,0,0,1,0,0,0,1,0,1,0,0,1,1,1,0,0,0,1,1,1
433,0.179009215847115,0,0,0,1,0,0,0,1,1,0,0,1,0,0,0,0,1,0,0,0
434,-0.0596585219568955,0,0,0,1,1,0,1,0,1,0,1,0,0,1,1,0,1,1,1,0
435,0.0085808940535083,0,0,0,1,0,0,0,0,0,1,0,1,1,0,0,1,0,1,0,0
436,0.140314654740293,0,0,0,0,0,1,1,0,0,0,1,0,0,0,1,1,0,0,0,1
437,0.183571580961453,0,0,0,0,0,0,1,0,0,0,0,1,1,0,0,0,0,0,0,1
438,-0.0429578777337465,1,0,0,1,1,0,0,0,0,0,1,1,0,1,1,0,0,1,1,0
439,0.128561409801541,0,1,0,1,1,0,0,0,0,0,1,1,0,1,1,0,1,0,0,1
440,0.0755810785401333,0,0,0,1,0,1,1,0,0,0,0,0,0,0,1,0,0,1,0,1
441,4.82714758751433e-05,0,0,0,1,0,1,0,1,0,0,1,1,0,1,0,0,0,1,1,1
442,0.0722107015374286,0,0,0,0,1,0,0,0,1,0,1,0,0,1,1,0,0,1,1,0
443,0.0762481292445106,0,1,0,0,0,0,0,0,0,0,0,1,0,0,0,1,0,1,0,1
444,0.0553497967103607,0,0,0,0,0,0,1,0,1,0,1,1,0,0,1,0,0,1,0,1
445,-0.290988267064143,1,0,1,1,1,0,1,0,1,1,1,1,1,1,1,1,1,1,1,1
446,-0.00595824596231197,0,0,0,0,0,0,1,0,0,0,0,1,0,0,1,1,0,1,1,0
447,0.058760637978141,1,0,0,0,0,1,0,0,0,1,1,0,0,1,1,0,0,1,1,1
448,-0.0503518053074478,0,0,0,1,0,1,0,0,0,1,1,0,0,1,0,1,1,1,0,0
449,0.104131408655046,0,0,0,1,1,1,0,1,1,0,0,0,0,0,1,0,1,1,1,1
450,-0.116395093234105,1,0,0,1,1,1,1,0,0,0,0,1,0,1,1,0,1,1,0,0
451,0.036525578288539,0,1,0,1,0,0,0,0,1,0,0,0,0,0,0,1,1,1,0,0
452,-0.102290557849638,0,1,0,0,0,1,1,0,1,0,1,0,0,1,1,1,0,1,0,0
453,0.102034772425011,1,0,1,0,0,0,0,1,0,0,1,0,0,0,0,1,0,0,1,0
454,-0.145630988617026,0,0,0,0,1,0,1,0,1,0,1,1,1,0,1,0,1,1,0,0
455,0.126658187025806,0,0,0,0,0,0,0,0,1,0,0,1,0,0,0,0,0,1,0,0
456,0.126432150614247,0,0,1,1,1,0,0,1,1,0,1,0,0,0,0,0,0,1,0,1
457,-0.0708696516308893,1,0,1,1,0,1,1,0,1,1,1,0,0,1,1,0,0,0,1,0
458,0.254756215497033,0,0,0,1,0,0,0,0,1,0,1,0,0,0,0,0,0,0,0,0
459,-0.0524732603057731,0,0,1,0,0,1,0,1,0,0,1,1,0,0,0,0,0,1,0,0
460,-0.111716856209541,1,0,0,0,0,0,1,0,1,0,1,1,0,1,1,1,1,1,0,0
461,0.0930304835302411,0,1,0,0,0,0,1,0,0,0,0,0,0,1,1,0,0,1,0,1
462,-0.0351915406621533,1,0,0,1,1,1,1,0,0,1,1,0,1,1,1,0,1,1,0,0
463,0.132461081299098,0,0,1,0,0,1,1,0,0,0,1,0,0,0,1,0,1,0,0,0
464,0.00582998292866376,0,1,0,0,0,0,0,0,1,1,0,0,0,1,1,1,0,1,1,0
465,-0.0805428422892215,1,1,0,0,0,1,0,0,1,0,1,1,0,0,1,0,0,1,1,1
466,0.00966749365987379,1,0,0,1,0,0,0,1,1,1,0,0,0,1,1,0,0,0,0,0
467,-0.060568148175274,0,0,1,1,0,0,1,1,0,0,0,1,0,1,0,0,0,0,0,0
468,0.153029196442192,0,0,0,1,0,0,1,0,0,0,0,0,0,1,1,0,0,1,0,0
469,-0.0410875416534591,0,1,0,0,1,0,1,1,1,0,1,0,1,1,1,0,0,1,0,0
470,-0.0114274956965536,0,0,1,1,0,1,0,0,1,0,0,1,0,0,0,0,0,1,1,1
471,-0.0415997841219045,0,0,1,0,0,1,0,0,0,0,1,0,0,0,1,0,1,1,1,0
472,0.00423529372081265,0,1,0,1,0,1,1,0,1,1,0,0,0,1,0,0,1,1,0,0
473,-0.147372154005298,0,1,0,0,0,0,1,1,1,1,1,0,0,0,0,0,0,1,1,1
474,-0.000649673475265292,0,0,1,0,0,1,0,0,1,0,1,1,1,0,1,0,1,1,1,1
475,0.0794044667037357,0,1,0,1,1,0,1,0,1,1,0,1,1,0,0,1,1,1,1,0
476,-0.0480649348043339,1,0,0,1,0,0,1,0,0,0,1,1,0,0,1,0,0,1,1,0
477,-0.0197414393233944,0,1,0,1,0,1,1,0,1,0,1,1,1,0,1,1,0,0,0,0
478,0.274051559342062,0,0,0,0,1,0,0,0,0,0,1,0,0,0,0,0,0,0,1,1
479,-0.0713886884985565,0,0,1,0,0,1,0,1,1,0,1,0,0,1,1,0,1,0,0,0
480,0.0396785390499939,0,1,0,0,0,0,0,0,0,0,0,1,0,0,1,0,1,1,1,1
481,0.103947617262234,0,0,1,0,0,0,1,0,1,0,0,1,0,0,1,0,0,1,0,0
482,-0.00348555301853613,0,0,0,0,1,0,0,1,1,0,0,0,0,0,1,0,1,0,1,1
483,-0.120170655431402,0,1,0,0,0,0,1,0,1,0,1,0,1,1,1,1,1,1,1,1
484,0.104512563239136,0,1,0,0,0,0,0,1,1,0,0,1,0,1,1,0,0,0,0,0
485,-0.073461640307405,1,1,0,0,0,1,1,1,1,0,1,1,0,1,1,1,1,1,1,0
486,0.195539975297911,0,0,0,0,0,0,0,0,0,0,0,0,0,0,0,0,0,1,1,0
487,0.00791859499737508,0,1,0,0,0,0,1,0,1,0,1,0,0,0,1,1,0,1,1,0
488,-0.210380832246147,1,1,1,1,1,1,1,1,1,0,0,1,1,1,0,0,0,1,0,1
489,-0.00552732638469409,0,0,0,1,0,1,1,0,0,1,0,0,0,1,0,0,1,0,1,0
490,-0.189130435727534,0,0,1,1,1,0,1,0,1,1,0,1,1,0,1,0,1,1,1,0
491,0.195621948214791,0,0,0,0,0,0,0,0,1,0,0,0,0,0,1,1,0,0,1,1
492,-0.0705016560958558,1,0,0,0,1,1,1,1,0,0,1,1,0,1,1,0,0,1,1,0
493,0.0020951513852294,1,1,1,0,0,0,0,0,0,0,1,0,0,1,1,1,0,1,0,1
494,-0.0602820617103403,0,1,0,0,0,1,1,0,1,1,1,1,0,1,1,1,0,0,1,0
495,0.0895757633105388,0,0,0,1,0,0,0,0,1,1,1,0,0,0,1,0,0,1,0,0
496,0.118326062769249,1,1,0,0,0,0,1,0,0,0,1,1,0,1,0,0,1,0,1,0
497,-0.0343197155500694,0,1,0,0,0,0,1,1,1,0,1,0,1,1,0,0,0,1,1,0
498,0.288866771159681,0,0,0,0,0,0,0,0,1,0,1,0,0,0,0,0,0,0,0,1
499,-0.0971182980073994,1,1,0,1,0,0,1,0,1,1,1,1,1,1,1,0,1,1,1,0
500,0.013581349067888,0,0,0,0,1,0,1,1,0,0,1,0,0,0,0,0,1,1,0,0
501,-0.0391812626976748,0,1,0,0,1,0,0,0,0,1,0,1,0,0,0,1,1,1,0,1
502,0.153513022785637,0,0,1,0,0,0,1,1,1,0,1,0,0,0,1,1,0,0,0,1
503,0.057271186923472,0,0,0,1,0,0,0,1,1,0,0,0,0,0,0,0,0,1,1,0
504,-0.0807573058275541,0,1,1,1,0,0,0,0,1,0,0,1,0,0,1,0,1,1,1,1
505,-0.0171937455249433,0,0,1,0,1,1,1,0,1,0,1,0,0,0,0,0,1,1,0,0
506,-0.123575383028332,0,1,1,1,0,1,0,1,1,0,0,1,0,0,1,1,0,1,0,0
507,0.223962805970282,0,0,0,0,0,0,1,0,1,0,0,0,1,0,1,0,0,1,0,0
508,0.219969563915011,0,0,0,0,1,0,0,0,1,0,0,1,0,1,1,1,0,0,0,0
509,0.107357516930838,0,1,0,1,1,0,1,0,1,0,0,0,0,1,0,0,0,1,0,1
510,-0.00258814415567775,0,1,0,1,0,0,0,0,0,0,0,1,0,1,0,0,1,1,0,0
511,-0.0695112804976915,1,0,0,1,0,1,0,1,1,0,1,1,0,1,1,1,0,1,0,1
512,0.0547100885505357,0,0,0,1,0,0,0,0,1,0,1,0,0,0,1,0,0,0,0,1
513,0.0399846203556538,0,0,0,1,1,1,1,1,1,0,0,0,1,0,1,0,0,1,1,1
514,-0.0499706770991744,0,1,1,0,0,1,1,1,1,0,1,1,0,1,1,0,1,1,1,0
515,0.220497579182372,0,0,0,0,0,0,1,0,0,0,1,1,0,0,0,0,1,1,0,0
516,0.0679587398362824,0,0,0,0,0,0,1,0,0,0,1,0,0,0,0,0,0,1,1,1
517,0.00251858757773045,0,0,1,1,0,1,1,1,0,0,1,0,1,0,0,0,0,0,1,1
518,-0.0403858016857289,0,0,1,1,0,0,1,1,1,1,1,0,1,0,1,0,0,1,1,1
519,-0.0439515892377,0,0,0,1,0,0,0,0,1,1,1,1,0,1,1,0,0,1,0,1
520,0.190564572026229,0,0,0,0,0,0,0,0,1,0,0,0,0,0,1,1,0,0,0,0
521,-0.0713930553407538,1,0,0,0,0,0,1,0,1,0,0,0,0,1,1,0,0,1,1,1
522,0.138765966251136,0,1,0,0,1,0,1,0,0,0,0,1,1,1,0,0,0,1,0,0
523,-0.0303700313244389,0,1,0,0,0,1,1,0,1,1,1,0,1,1,0,1,0,0,0,1
524,-0.0284987290220002,1,1,0,0,1,0,1,0,1,0,0,0,1,0,0,1,0,1,1,0
525,-0.0681705305671823,0,1,0,1,1,0,1,1,1,0,1,1,0,1,0,1,0,1,1,0
526,0.101047239226071,0,0,1,0,1,0,0,0,0,0,0,0,1,0,0,0,0,1,1,0
527,-0.144109820483631,0,1,1,0,0,0,1,0,1,0,1,1,0,1,1,1,0,1,0,0
528,0.0586577861420686,0,0,0,0,0,1,1,0,0,0,0,0,0,0,0,0,0,1,1,1
529,0.0990918333091576,0,0,0,0,0,1,0,0,0,0,0,1,0,0,1,0,0,1,0,1
530,0.00755685651948586,0,0,0,0,0,0,1,0,0,0,1,0,0,1,1,0,0,1,0,0
531,-0.0820736164410116,1,0,0,0,0,0,0,1,1,0,1,1,0,0,1,1,1,1,1,1
532,0.111022597557996,0,0,0,0,1,0,1,0,1,0,0,0,0,1,0,0,1,0,0,0
533,-0.110277044991184,1,0,0,0,0,0,1,1,1,0,1,0,1,0,1,0,0,1,0,1
534,-0.185569175462989,0,1,0,1,0,0,1,1,1,1,0,1,0,1,1,1,1,1,1,1
535,-0.161779290419565,0,0,0,0,1,0,1,1,0,0,1,1,0,1,1,0,0,1,1,1
536,0.0543955294265836,0,1,1,1,1,0,0,1,1,0,0,1,1,1,1,0,0,1,0,0
537,-0.128410498058113,0,0,1,1,1,1,1,0,0,1,1,0,0,1,1,0,1,1,1,1
538,0.0390459565740218,0,0,0,0,0,0,1,0,0,0,1,0,0,0,1,1,0,1,1,0
539,0.0197641654384658,0,0,0,0,0,0,1,0,1,0,1,1,0,0,1,0,1,1,0,1
540,-0.157501351200609,0,1,0,0,1,0,0,0,1,1,1,1,1,1,0,1,0,0,1,0
541,0.0661958540385899,0,0,0,0,0,0,1,0,0,0,0,0,0,0,1,0,0,0,0,0
542,0.044473998600777,0,0,1,0,0,1,1,0,1,0,0,0,0,0,1,0,0,1,0,0
543,0.00554578722272018,0,1,1,0,0,1,1,0,0,0,0,0,1,1,0,1,0,1,0,1
544,-0.197294324270065,0,1,1,1,0,1,1,0,0,0,1,1,1,1,1,0,0,0,0,0
545,0.117618397968364,0,0,0,0,0,1,0,0,0,0,0,1,0,0,1,0,0,1,1,1
546,0.112118020378251,0,0,0,1,1,1,1,0,0,0,1,0,1,0,1,1,1,1,1,0
547,0.0875020623180241,0,0,0,1,0,0,1,0,0,0,0,0,0,1,1,0,1,1,1,0
548,-0.0408575495559666,1,1,0,1,1,1,1,0,1,0,1,0,0,1,0,1,1,1,0,1
549,0.0921114656882593,1,0,0,0,0,1,1,0,0,0,0,0,0,0,1,0,1,1,0,1
550,-0.0493237832383087,0,0,1,0,1,0,0,0,0,1,1,1,0,0,1,0,0,1,1,0
551,-0.0464058716686871,0,0,0,0,1,1,0,0,1,0,1,1,0,1,1,0,1,1,1,1
552,0.130309138427015,0,0,0,1,0,1,1,0,0,0,0,0,0,0,0,0,1,0,0,1
553,-0.110262102445398,0,0,1,1,1,0,0,0,1,1,1,0,1,1,0,0,0,1,1,1
554,0.0861629393001478,0,1,0,0,0,0,1,0,0,0,1,1,1,0,1,0,0,1,0,0
555,-0.04910256875327,0,0,0,1,0,0,1,0,1,0,0,1,0,0,1,0,0,1,0,0
556,0.0553152339564666,1,0,0,0,0,0,0,0,0,0,0,0,1,1,0,0,0,1,0,0
557,0.0227448200875162,0,0,1,0,0,1,1,1,1,0,1,0,1,1,1,0,1,1,0,1
558,0.0275120260450429,0,0,1,1,0,1,1,1,1,0,0,1,0,0,0,0,0,0,1,1
559,0.0488476055640779,0,0,0,1,1,1,0,1,1,0,0,1,1,0,0,0,1,1,0,1
560,0.149308864316743,1,1,0,0,0,1,0,0,1,0,0,0,0,0,1,0,0,1,0,0
561,0.00609899216344589,0,0,0,0,0,0,1,0,1,1,1,1,0,0,1,0,0,1,0,1
562,0.0508182205110473,0,0,1,0,1,1,1,0,1,0,0,1,0,1,1,0,0,0,0,0
563,0.140945037888202,0,1,1,0,0,0,1,0,1,0,1,0,0,1,1,1,0,1,1,0
564,0.0264912739591451,0,0,0,1,1,1,0,0,0,0,1,0,0,0,1,0,0,0,0,1
565,-0.112000211015728,0,1,1,0,0,0,1,1,1,0,1,1,1,0,1,0,0,1,0,1
566,-0.0773981566366253,1,0,0,0,0,0,1,0,0,0,1,1,0,0,0,0,0,1,1,1
567,0.103895786335168,0,1,0,0,0,0,0,0,1,0,0,1,0,0,1,0,1,1,1,0
568,-0.108817189165379,0,1,1,1,1,1,1,0,1,1,1,0,1,1,1,0,1,1,1,1
569,0.0060262618473897,0,0,0,0,0,1,1,0,1,0,0,0,0,1,0,1,0,1,0,1
570,0.0470250769265626,0,1,0,0,1,1,1,0,0,0,1,0,0,0,1,1,0,0,1,0
571,-0.0381526332388974,0,0,0,1,0,0,1,1,1,0,1,0,1,1,1,1,1,1,1,1
572,-0.0665564306134787,0,0,0,1,0,0,0,0,0,1,0,1,0,1,1,0,1,1,1,0
573,-0.128916262520985,0,1,1,1,0,1,0,1,1,1,1,1,0,1,0,0,1,1,0,0
574,-0.0753132470630002,0,0,1,0,0,1,1,1,1,0,1,1,1,0,1,0,0,1,1,0
575,0.0416891838453263,0,0,0,1,0,0,1,1,0,0,0,0,1,1,0,1,1,1,0,0
576,-0.141500052979352,0,1,1,1,1,1,0,0,1,1,0,1,1,1,1,0,0,1,1,0
577,-0.193021159904567,1,1,1,1,1,0,0,0,1,1,1,1,0,1,1,0,0,1,1,1
578,0.00630472996366811,0,1,0,0,0,0,1,0,0,0,1,1,0,0,1,1,0,1,1,1
579,0.192271661616438,0,0,0,0,1,0,0,0,0,0,1,0,0,0,0,0,0,1,0,0
580,-0.135377169026812,0,1,1,1,0,1,0,0,1,0,1,1,0,0,1,0,1,1,0,1
581,0.21919152128393,0,0,1,0,0,0,0,0,1,0,1,0,0,0,0,0,0,0,0,0
582,-0.0259313966714581,0,1,1,1,0,0,1,1,1,0,1,1,1,0,1,0,0,1,1,1
583,-0.167417409404852,0,1,1,1,1,0,1,0,1,0,1,0,0,1,1,1,1,1,1,0
584,0.0133163600101852,0,0,1,0,0,0,0,0,1,1,1,0,0,1,1,0,1,1,1,0
585,-0.179720876712735,0,0,0,1,1,1,1,0,1,0,1,1,0,0,1,0,1,1,0,1
586,0.148111036135042,1,0,1,1,0,1,0,0,0,0,0,0,0,0,0,1,1,1,0,0
587,-0.013866610394048,0,0,0,1,0,0,1,0,0,0,1,0,1,0,1,1,0,1,1,0
588,0.0642568645047037,0,1,0,0,1,0,1,0,0,0,1,0,0,1,1,0,0,1,1,1
589,0.105029200551427,0,0,1,0,0,1,0,0,0,0,1,0,1,0,1,0,0,1,0,1
590,-0.0812127061799277,0,0,0,1,1,1,1,0,1,0,1,0,0,1,1,0,1,1,0,1
591,0.116225650349946,0,0,0,1,0,0,1,0,1,0,1,1,0,1,1,0,1,1,1,1
592,0.0147095271921937,0,1,0,0,1,0,1,1,1,0,1,1,0,0,0,1,0,1,0,0
593,-0.0552982656566796,0,1,1,0,0,0,0,1,1,0,0,1,0,1,1,1,1,0,0,0
594,0.0973106499555418,0,0,0,1,0,0,0,0,0,0,1,0,0,0,1,0,0,1,1,0
595,0.0775967234373192,0,1,0,1,1,1,0,0,0,0,1,1,0,0,1,0,0,0,1,0
596,0.0159689838714271,0,0,0,0,1,0,0,0,0,0,1,1,1,0,0,1,0,0,0,1
597,-0.0682621175235329,0,1,0,0,0,0,1,0,1,0,0,1,1,0,0,0,1,1,1,0
598,0.0868257302215787,0,0,0,0,0,0,0,0,1,0,1,0,0,0,1,0,0,0,0,0
599,-0.029143617863338,0,1,0,0,1,0,1,0,1,1,1,1,1,0,0,0,0,1,1,0
600,0.157775188664777,0,1,0,0,0,0,1,0,0,0,0,0,0,0,0,0,1,0,1,1
601,0.0992745265318793,0,0,0,0,0,0,1,0,1,0,0,0,0,0,0,0,0,1,1,0
602,0.000574039321096575,0,0,0,0,1,1,1,0,1,0,1,0,1,0,1,0,1,1,0,0
603,0.0394658747091621,0,0,0,0,1,0,0,1,0,0,1,0,0,1,1,0,1,1,1,1
604,0.117785806867898,1,0,0,0,0,1,1,1,1,0,0,0,0,0,0,1,0,1,0,0
605,0.123701559974316,1,0,0,0,0,0,1,0,0,0,0,0,0,1,1,0,0,1,0,0
606,-0.00306437747055245,0,1,0,0,1,0,1,1,1,0,0,0,0,0,0,0,1,1,0,0
607,0.196005056461631,0,0,0,0,1,0,1,0,1,0,1,0,1,0,0,0,1,0,0,1
608,-0.0901357500533168,0,0,0,1,0,1,0,1,1,1,1,1,1,1,1,1,1,0,0,1
609,0.103911272795025,0,0,0,1,0,0,0,0,1,0,1,0,0,0,0,0,0,0,0,0
610,0.104292636463828,0,0,0,1,1,0,0,1,0,0,0,0,1,1,1,0,0,0,0,0
611,0.017536523227153,0,0,0,0,0,1,1,1,0,0,0,0,1,0,1,0,0,0,0,1
612,0.197004111517771,0,0,0,0,0,0,0,0,0,0,1,0,1,0,1,1,0,1,0,0
613,-0.0380236465610929,0,0,1,0,0,1,1,1,1,0,0,0,1,0,1,0,1,1,1,1
614,-0.0243407245233858,0,1,0,0,0,1,1,0,0,0,1,0,1,0,0,1,1,1,0,0
615,-0.111719237400097,1,0,0,1,1,0,1,1,1,0,1,0,1,1,0,0,0,1,0,0
616,0.138234645800757,0,0,0,0,0,0,1,0,0,0,0,0,0,0,0,0,1,0,0,1
617,0.093010200146723,0,0,0,0,1,0,1,0,0,0,0,0,1,0,1,0,0,0,1,0
618,0.098625977106301,0,0,0,0,1,0,1,0,1,1,0,0,1,0,1,0,0,0,0,0
619,0.00188869482445401,1,0,1,0,1,0,1,0,0,0,1,0,0,1,0,0,1,1,1,0
620,-0.156361095193375,0,1,1,0,0,0,1,1,1,0,1,1,0,1,1,0,1,1,1,1
621,-0.000111297262862215,0,1,1,0,0,1,1,1,0,0,1,0,1,0,1,0,1,0,1,1
622,-0.134413858269661,1,0,0,0,1,0,1,0,1,1,1,1,0,1,0,1,0,1,0,0
623,0.00258523211938227,0,1,0,0,1,1,0,0,0,0,1,0,0,0,0,0,1,1,0,1
624,-0.0902457444263962,0,1,1,0,0,0,0,1,1,1,1,0,0,1,1,1,0,0,0,1
625,-0.176250868553092,0,0,1,1,1,0,1,0,0,0,1,1,0,1,1,0,1,1,1,1
626,0.0763587768182304,0,0,0,0,1,0,0,0,1,0,1,0,0,1,1,1,1,0,0,0
627,-0.108050050502934,0,1,1,1,1,1,1,1,1,0,1,1,0,1,0,0,0,1,1,0
628,0.263751030508521,0,0,0,0,0,0,0,0,0,0,0,0,0,1,0,0,0,1,1,0
629,0.0955785496049222,0,0,0,1,0,0,1,0,0,0,1,0,0,1,0,1,0,1,0,0
630,-0.0641283180555039,1,0,1,0,0,1,1,0,1,1,1,0,1,1,0,0,0,1,1,1
631,-0.119825355260102,1,0,0,0,0,1,1,1,1,0,1,1,1,1,1,0,0,1,1,0
632,-0.0736250182275105,0,0,0,0,0,0,1,1,0,0,1,1,0,0,1,0,1,1,1,1
633,0.212038526137495,0,0,0,0,0,0,1,0,0,0,0,0,0,0,0,0,1,0,1,1
634,0.00709894446849227,0,1,0,0,0,0,1,0,0,1,1,1,0,0,0,0,1,1,1,0
635,-0.071989644388374,1,0,0,1,1,0,1,1,0,0,1,0,0,1,1,0,1,0,1,1
636,0.0267754136954749,0,1,0,1,1,0,1,0,0,0,1,0,1,1,1,0,1,1,0,1
637,-0.0119430927952768,1,0,0,0,0,0,0,0,1,0,1,1,0,1,0,0,1,1,0,1
638,0.131877824791452,0,0,0,0,0,0,0,0,1,0,1,1,0,1,1,0,0,1,0,0
639,-0.127641280621887,0,0,0,0,0,1,0,0,1,0,1,1,1,1,1,0,0,1,0,1
640,-0.135374491416066,0,0,1,0,0,1,1,1,1,0,1,1,1,1,1,0,1,1,0,1
641,-0.0248209289129136,0,1,1,0,0,0,1,1,1,0,0,0,0,0,1,0,0,1,1,1
642,0.253969683400723,0,0,0,0,0,0,0,0,1,0,0,0,0,0,0,1,0,0,0,1
643,-0.0064864947913175,0,0,0,0,0,0,1,0,0,0,1,1,1,1,0,0,0,1,1,1
644,0.0340186925632984,0,1,1,1,0,0,0,0,0,0,0,1,0,1,1,0,0,1,0,1
645,0.102482212042016,0,0,1,0,0,0,0,1,0,0,1,0,0,0,1,1,0,1,1,0
646,-0.0168715368451204,0,1,1,0,0,0,1,0,1,0,0,1,0,0,0,0,1,1,0,1
647,0.206600784160452,0,0,0,0,0,0,0,0,1,0,1,0,0,0,1,0,0,0,0,1
648,0.0649276078299443,0,0,0,0,1,1,1,0,0,1,1,1,0,1,0,0,0,1,1,0
649,0.105293028906473,0,1,0,1,1,0,1,0,0,0,0,0,0,0,0,1,0,0,1,0
650,0.114038307136881,0,0,0,0,1,0,0,0,0,0,0,1,0,0,0,1,0,1,0,0
651,-0.0322354323762378,0,0,0,0,0,1,1,0,1,0,0,1,1,0,1,1,0,0,0,0
652,-0.143920691623377,1,1,1,1,0,1,0,0,1,1,1,0,0,1,1,1,1,1,1,0
653,-0.00350446775852131,0,1,0,1,1,0,1,1,0,1,1,0,0,0,1,0,0,1,0,1
654,0.0996203045165314,0,0,0,0,0,0,1,0,1,0,1,0,0,1,0,0,0,1,1,1
655,-0.228893453085379,1,0,1,0,1,1,1,1,1,0,1,0,0,1,1,1,1,1,0,0
656,0.23143699110774,0,0,0,0,0,0,0,0,1,0,1,1,0,0,0,0,0,0,0,0
657,-0.0364050515585335,1,0,0,1,0,0,1,0,0,0,0,1,1,1,0,0,1,1,0,0
658,0.277075714605963,0,0,0,0,0,0,1,0,0,0,0,0,0,1,1,0,1,1,0,1
659,0.0315342311915935,1,1,1,0,0,0,1,1,0,0,1,1,0,0,1,1,0,1,0,0
660,-0.0489417922056969,1,1,1,1,1,0,0,0,0,1,0,1,0,0,1,1,0,1,0,0
661,0.0345015555221506,0,1,0,0,0,1,1,1,1,1,1,1,0,1,1,0,0,1,1,0
662,-0.0534960514915474,0,1,0,1,0,1,1,0,0,0,1,1,1,1,1,1,1,1,0,0
663,0.284421195433564,0,0,0,1,0,0,1,0,0,0,1,0,0,0,0,0,0,1,0,0
664,-0.0429241217368384,0,0,1,1,0,0,0,1,1,0,1,0,0,1,1,0,1,1,1,1
665,-0.0422425387997816,0,1,0,1,0,0,1,0,0,0,1,1,0,1,1,0,0,1,1,0
666,0.160453524564151,0,0,0,1,0,1,1,0,0,0,0,0,0,0,1,0,0,1,0,0
667,0.0763980342270706,0,1,0,1,1,0,0,0,1,0,0,1,0,1,0,1,0,1,0,0
668,0.0738688501580891,0,0,0,1,0,0,0,0,0,0,0,0,0,1,1,0,1,1,1,0
669,0.0104571720491879,0,0,1,0,0,0,0,0,0,1,0,0,0,1,0,0,0,0,0,0
670,0.103053872237041,0,0,1,0,1,0,1,0,0,1,0,1,0,1,1,0,0,1,0,1
671,-0.11229091762542,1,0,0,1,0,0,1,1,0,0,0,1,0,1,1,0,0,1,0,0
672,0.0468275421667881,0,1,0,0,0,0,1,0,0,0,0,0,1,0,1,0,0,1,0,1
673,-0.125656261604697,0,1,1,0,0,0,1,0,0,0,1,1,0,1,1,1,1,1,1,1
674,-0.00984186139590621,0,1,0,0,0,0,1,0,0,0,0,1,0,0,1,0,0,1,0,1
675,-0.0437547443202205,0,1,0,0,0,0,0,1,1,0,0,1,0,0,1,0,0,1,1,1
676,0.239567275258112,0,0,0,1,0,0,0,0,0,0,1,0,0,1,1,1,0,1,0,0
677,0.11731255021131,1,1,0,0,0,0,0,0,1,0,1,0,1,1,1,0,0,1,1,0
678,0.161079510859224,0,1,0,0,1,1,0,0,1,0,0,0,0,0,0,0,1,1,0,0
679,-0.215234789715181,0,1,0,1,1,1,1,0,0,0,0,1,1,1,0,1,1,1,0,1
680,0.00173247070469861,1,1,0,0,0,0,1,1,1,0,0,0,0,1,1,1,0,1,1,0
681,-0.188571549536937,0,0,0,0,1,1,1,1,1,0,1,1,0,1,0,1,0,1,1,1
682,-0.0164499137246264,0,0,0,0,1,1,1,1,1,0,1,1,1,0,1,1,1,1,0,1
683,0.0849468337236323,0,0,0,0,0,1,1,0,0,1,1,1,0,1,1,1,0,0,1,0
684,0.102016770133454,0,0,0,0,1,0,0,0,1,0,1,1,1,0,1,0,0,0,0,1
685,0.0766685187684459,0,0,0,0,0,0,1,0,0,0,0,1,0,0,0,0,1,0,1,0
686,0.0651442806017595,0,0,1,0,1,1,0,0,0,0,1,0,0,0,0,1,0,1,1,0
687,0.121705982440388,0,0,0,0,0,0,1,0,0,1,1,1,0,0,0,0,1,0,0,0
688,0.0671173870560177,0,0,0,0,0,0,1,0,0,0,1,0,0,0,0,0,0,1,0,1
689,-0.0746047302490065,1,0,0,0,1,1,1,0,0,0,0,1,0,1,1,0,0,1,1,1
690,-0.114485492113561,0,1,0,1,0,0,1,0,1,0,1,1,0,0,1,1,1,1,1,1
691,-0.0499454880513292,1,1,1,1,0,0,1,0,0,1,1,0,0,1,1,0,0,1,0,1
692,-0.0766589571987506,1,1,0,0,1,0,1,0,1,0,1,1,0,0,1,0,1,1,0,0
693,0.136418823069445,0,0,1,1,0,0,0,0,1,0,0,1,0,0,1,0,0,0,1,1
694,-0.0218033393957955,1,1,0,0,0,0,1,0,1,1,1,1,1,1,0,1,0,1,1,0
695,-0.0765925727486288,1,0,0,0,0,0,0,0,0,0,0,0,0,1,0,0,0,1,1,1
696,0.101680370586694,0,1,0,0,0,0,0,0,1,0,1,0,0,0,1,0,0,0,0,0
697,0.0791641273535392,0,0,0,0,0,0,0,0,1,0,1,1,0,0,0,0,0,1,0,1
698,-0.161085890124452,1,1,0,1,0,1,1,0,1,0,0,1,0,1,1,1,1,1,0,1
699,-0.0585653038933667,0,0,1,1,1,1,1,0,0,1,0,1,1,1,1,0,0,1,0,0
700,0.191624162376038,0,0,0,0,0,0,0,0,1,0,1,1,0,0,0,1,1,0,0,1
701,-0.132434397318646,0,0,1,0,1,0,1,1,1,0,1,1,1,1,1,0,1,1,1,0
702,0.0134952968779566,0,0,1,1,1,0,0,1,1,0,0,0,0,0,1,0,1,1,1,0
703,0.0766782572861105,0,0,1,0,1,0,0,0,1,0,1,0,0,1,0,0,0,1,0,0
704,0.115968328248722,0,0,1,0,0,1,1,1,1,0,0,1,0,0,0,0,0,0,0,1
705,-0.0335398681499488,0,1,0,1,0,1,0,0,1,0,1,0,0,0,0,0,1,1,0,1
706,-0.0477484516853438,1,0,1,1,1,1,1,0,0,0,1,0,0,0,1,0,0,1,0,1
707,0.0423786740779598,1,0,0,1,1,1,0,0,1,1,1,0,0,1,1,0,0,0,0,1
708,-0.0852722143450504,0,1,0,0,1,0,0,0,1,0,0,0,1,0,1,0,1,1,0,0
709,0.10983132890791,0,1,0,1,0,1,1,0,0,0,1,0,1,0,0,0,0,1,0,0
710,-0.0361292381965731,1,1,0,0,1,0,0,0,0,0,0,1,0,1,0,0,1,1,0,1
711,0.0797570045553207,0,0,0,1,0,0,0,0,1,0,0,1,0,1,0,1,0,1,1,0
712,-0.0236706230505534,1,0,0,0,1,1,0,1,1,0,0,1,0,0,0,0,0,0,1,1
713,0.101504670833322,0,1,0,0,0,0,0,1,0,1,0,0,0,0,1,0,0,1,0,0
714,0.0739487924614952,0,0,1,0,1,1,0,0,0,0,1,1,0,1,1,0,0,1,1,0
715,0.0959742562338307,0,1,0,1,0,0,1,1,0,0,0,0,0,0,0,0,0,1,0,1
716,-0.143474610844928,1,0,1,1,1,1,1,1,1,1,1,0,1,0,1,1,1,1,1,1
717,-0.0707528381548102,1,1,1,0,0,1,1,0,0,1,1,1,0,1,1,1,1,1,0,0
718,-0.102302214392059,1,0,1,0,1,1,1,1,1,0,1,0,0,0,0,0,1,0,0,1
719,-0.281884208911162,1,1,1,1,1,1,1,0,1,1,1,1,0,0,1,0,1,1,1,1
720,-0.185034910522244,0,0,1,0,1,0,0,0,1,0,1,1,1,1,1,1,1,1,1,1
721,-0.0459603717181686,1,1,1,0,0,1,1,0,0,0,1,0,0,0,0,1,0,1,0,1
722,-0.0125812292064275,0,0,0,1,1,1,1,0,1,0,0,1,0,1,0,0,0,1,1,0
723,-0.105248185362891,0,0,1,0,0,0,1,1,1,0,1,0,1,0,1,1,1,1,0,0
724,0.240515114149258,0,0,0,1,0,0,0,0,1,0,1,1,0,0,0,0,0,1,0,0
725,-0.0417677186241424,0,0,0,0,1,0,0,0,0,0,0,0,0,0,1,0,1,0,1,1
726,0.0641456042709518,0,1,1,0,0,0,0,0,1,0,0,0,0,0,1,0,0,1,0,1
727,0.0357919566906428,0,0,0,0,1,1,1,0,0,0,1,1,1,0,1,1,0,0,0,0
728,-0.0128623302101485,0,1,1,0,1,0,0,0,1,0,1,0,0,0,0,1,1,0,0,1
729,0.0533653747817576,0,0,0,1,0,0,0,0,1,0,1,0,0,1,1,0,1,0,0,0
730,0.0405067054606653,0,0,0,1,0,0,0,0,1,0,0,1,1,0,1,0,0,0,1,0
731,0.0831776353394225,0,0,0,0,0,0,0,0,1,0,1,0,0,0,0,0,0,1,0,1
732,-0.0306047908955657,0,0,1,0,0,0,0,0,1,0,0,0,0,0,0,0,0,1,1,0
733,0.0425032012081153,0,1,0,1,0,0,1,0,0,0,1,0,1,0,1,0,0,1,0,0
734,-0.0391940330299853,1,0,0,0,0,1,0,0,0,0,1,0,0,0,1,1,0,1,1,0
735,-0.0422050877860833,0,0,0,0,0,0,1,1,1,0,1,1,0,0,1,1,1,0,1,0
736,0.0538908292395919,0,0,0,0,0,0,1,0,1,0,1,0,0,1,1,1,0,1,0,1
737,0.0221087467585677,0,0,1,1,0,0,0,0,1,0,1,1,0,0,1,0,1,1,0,0
738,-0.0197289908701828,0,0,0,1,1,0,1,0,0,0,0,1,0,0,1,0,0,1,0,0
739,-0.027782121922466,0,0,0,0,1,1,1,1,0,0,1,0,0,0,1,0,1,1,0,0
740,-0.00700601041454804,0,0,1,1,1,0,1,0,1,0,1,0,0,1,0,0,1,1,1,0
741,0.0183611122150585,0,0,1,0,1,0,1,0,1,0,0,0,0,0,1,0,0,0,0,0
742,-0.0740373201314232,0,0,1,1,1,0,1,0,1,1,1,0,0,0,1,0,0,1,1,0
743,-0.0604806840923282,1,0,0,0,0,0,0,0,1,0,0,1,0,1,1,0,0,1,0,1
744,0.145135642737043,0,0,0,0,1,0,1,0,0,0,0,0,0,0,1,1,0,1,0,0
745,0.210954222321699,0,0,0,1,0,0,0,0,0,0,1,1,0,1,1,1,1,1,1,1
746,-0.0421425908859057,0,0,1,0,1,0,1,1,0,0,1,0,0,0,1,1,1,1,0,0
747,-0.118995910290237,0,0,1,1,0,1,1,0,1,0,1,1,1,0,0,0,0,1,1,0
748,-0.0165391335382599,0,1,0,1,0,0,0,0,0,1,1,1,0,0,0,0,0,0,1,0
749,-0.0596216490099268,0,0,0,0,0,0,1,1,0,0,1,0,0,0,0,0,1,1,0,1
750,-0.105851956682298,0,0,1,0,1,1,1,0,0,1,1,0,0,0,0,0,0,1,1,0
751,-0.00946961952066975,1,1,1,1,0,0,1,1,0,0,1,1,0,0,1,0,0,1,0,1
752,0.102016954582074,0,0,0,0,1,1,0,0,1,0,0,1,0,1,0,0,0,1,0,0
753,-0.0954097685846262,1,0,0,0,0,0,0,0,0,0,1,1,0,1,1,0,1,1,1,0
754,0.00412784461221549,0,1,0,0,0,0,0,0,0,0,1,0,1,1,1,0,1,0,1,0
755,-0.109768049709021,1,0,1,1,0,0,1,0,1,1,1,1,0,0,1,1,0,1,0,0
756,0.0192902937773895,1,0,1,1,1,0,1,0,1,1,0,0,0,1,0,0,1,0,0,1
757,0.0972685426752784,0,0,0,0,1,0,0,0,0,0,1,0,0,0,0,1,0,0,0,0
758,0.0129662012692701,0,0,0,1,1,0,0,0,1,1,1,0,0,1,1,0,0,0,1,1
759,0.0465497577449112,0,0,0,0,0,0,0,0,1,0,1,0,0,1,0,1,0,1,1,0
760,0.108535356931905,0,1,0,1,1,0,1,0,1,0,0,0,0,1,1,0,0,0,0,0
761,-0.0337159360324586,0,1,0,1,0,0,1,1,1,0,1,1,0,1,1,1,1,1,0,1
762,-0.132463631273786,0,1,0,1,0,1,1,1,1,1,1,1,0,1,1,0,1,1,1,1
763,-0.0123784783372446,0,0,0,0,1,1,1,1,1,0,0,0,0,1,1,0,0,1,0,1
764,-0.00287046655318392,0,0,0,0,0,0,1,0,1,0,0,1,1,0,1,0,0,0,1,0
765,-0.0616691979225903,0,0,1,0,0,0,1,0,1,0,0,0,0,0,1,0,1,1,0,0
766,-0.127618464928826,1,1,0,0,0,1,1,0,1,0,0,0,1,1,1,1,1,1,0,1
767,0.0187620232994667,1,1,0,1,0,0,0,0,0,0,1,0,1,1,1,1,1,1,1,1
768,-0.0800389209105458,0,1,1,1,0,1,1,0,1,0,1,1,0,0,1,1,0,1,1,1
769,0.0225989723697329,0,0,0,0,0,1,1,0,1,0,0,0,0,0,1,0,0,1,1,0
770,-0.212301065169772,0,0,0,1,0,1,1,0,1,1,1,1,1,1,0,1,0,1,1,1
771,0.100393086721865,0,0,0,0,1,0,1,0,1,1,1,0,1,0,0,1,0,1,1,0
772,-0.059343093405545,0,1,0,1,0,0,1,0,1,1,1,0,0,1,1,0,1,1,1,0
773,0.0666935151057763,0,0,1,0,1,0,0,0,1,0,1,0,0,1,0,1,0,1,0,1
774,0.0907496962923299,0,0,0,0,0,0,1,1,0,1,0,0,0,0,0,0,0,1,1,0
775,-0.0366469970306353,1,1,0,0,1,1,1,0,1,0,1,0,0,0,0,0,1,1,0,0
776,0.0834625782393407,0,0,0,1,1,0,1,0,0,0,0,0,0,0,0,0,0,0,0,0
777,-0.123936589947995,1,0,0,1,1,1,1,0,1,0,1,1,1,1,1,0,1,1,0,1
778,0.12029245903145,0,0,0,1,1,0,0,1,1,1,0,1,0,0,0,0,1,1,0,0
779,0.209430455605925,0,0,0,0,1,0,0,0,1,0,1,0,0,0,0,0,0,0,0,0
780,-0.0251492996908348,0,0,1,0,1,0,0,0,0,1,1,1,1,1,0,0,1,0,0,0
781,-0.0384444626329368,1,0,0,0,1,0,1,0,1,0,1,1,0,1,0,1,1,1,1,1
782,0.147569954019043,0,1,0,0,1,1,0,0,1,1,1,1,0,1,1,1,1,0,1,0
783,0.0841777213140819,0,0,1,0,0,0,0,0,1,1,0,1,1,1,0,0,1,1,0,0
784,-0.0898051190612336,0,0,0,1,1,0,1,0,1,0,1,0,1,1,0,1,1,1,1,0
785,-0.161365610197817,0,1,0,0,1,0,0,0,1,0,1,1,0,1,0,0,1,1,1,0
786,-0.0656469323245884,0,0,0,0,0,1,0,1,0,0,1,0,0,0,1,0,0,1,0,0
787,-0.0223338643140569,1,1,0,0,1,0,0,0,1,1,1,0,0,1,0,0,0,1,0,1
788,0.130009439829754,0,1,0,0,0,0,1,0,0,1,0,1,1,0,0,0,0,0,1,0
789,-0.126727188720862,0,0,0,1,1,0,0,0,1,0,1,0,0,0,1,1,1,1,0,0
790,0.166475106907935,0,1,1,1,0,0,0,0,0,0,0,0,0,1,0,0,1,0,0,0
791,-0.00811627717792881,1,1,0,1,0,0,1,1,1,1,1,0,0,1,0,0,0,1,1,1
792,-0.213158634071795,1,0,1,1,1,1,1,0,1,1,1,0,1,1,1,1,0,1,0,1
793,0.161431514608557,0,0,0,0,0,0,0,0,0,1,0,0,0,0,0,0,0,0,1,0
794,0.00324989543450496,0,0,1,0,1,1,1,1,1,0,0,0,0,1,0,0,0,0,0,0
795,0.119361460331353,0,0,0,0,0,0,1,0,0,0,1,0,0,0,0,0,0,1,1,0
796,0.0626078583324331,0,0,0,1,0,1,0,0,1,1,0,0,0,1,0,1,1,1,0,0
797,0.147798257519158,0,1,0,0,0,0,0,0,1,0,1,0,0,1,0,0,1,1,1,0
798,-0.0680675558638792,0,0,0,1,0,0,1,0,1,0,0,1,1,1,1,1,0,0,0,0
799,-0.0739062358921509,1,1,0,0,0,1,1,1,1,0,1,1,0,0,1,0,0,1,0,1
800,-0.00870925361976705,0,0,0,1,1,1,0,0,0,1,0,0,1,1,0,0,1,1,0,1
801,-0.038454267891607,0,0,1,1,1,0,1,0,1,1,1,0,1,1,0,0,1,1,0,0
802,-0.11609810964586,0,0,0,0,0,0,1,1,1,1,1,1,1,0,1,1,0,1,0,1
803,-0.0573022886766874,0,1,1,0,0,0,0,0,0,1,1,1,0,1,0,0,0,1,0,1
804,-0.0919007700934387,1,1,0,0,0,1,1,0,0,0,0,1,0,0,1,0,1,1,1,1
805,0.00878623545456724,0,1,0,1,1,1,0,1,1,0,0,0,1,1,1,1,0,0,0,0
806,0.138252543015555,0,0,0,0,0,0,1,0,1,0,0,1,0,0,1,0,0,0,0,0
807,-0.126444189923781,0,0,1,0,0,1,0,0,0,1,0,1,0,0,1,1,0,0,1,1
808,-0.0781945965562793,0,0,1,0,0,0,1,0,0,1,1,1,0,1,1,1,1,0,0,1
809,0.0340843207224691,1,0,0,0,1,1,1,0,1,0,1,0,0,0,1,0,0,1,0,0
810,0.00993430412090992,0,0,1,1,0,0,1,0,1,0,0,0,1,1,0,0,1,1,1,0
811,0.0892485007008354,0,1,0,0,0,1,0,0,1,0,1,1,0,0,1,0,1,1,0,0
812,0.128500207243818,0,0,0,0,0,0,0,0,0,0,1,0,0,0,1,0,0,1,1,1
813,0.132378094928373,0,0,0,0,0,0,0,0,0,0,1,0,0,0,0,0,1,1,0,0
814,0.0568878653382662,0,0,0,0,0,0,1,0,0,0,1,1,0,0,0,1,0,1,1,0
815,-0.065475366947445,0,0,1,0,1,1,1,0,1,0,0,1,0,1,1,1,0,1,1,0
816,-0.0661440832759311,1,0,0,0,1,1,0,1,0,0,0,1,1,0,1,1,0,1,0,1
817,-0.0728890439597193,0,1,0,1,1,1,1,1,0,1,1,0,0,1,1,0,1,1,1,1
818,0.0865620189660173,0,0,1,0,1,0,1,0,1,0,0,0,0,1,0,0,0,0,0,0
819,-0.0310426078841359,0,0,0,1,1,0,1,0,1,0,0,1,0,1,0,0,1,1,1,0
820,0.0218851275497356,0,1,0,1,0,0,1,0,0,0,0,0,0,1,1,0,0,0,0,1
821,0.157780412121545,0,0,0,1,0,0,0,0,1,0,0,0,0,0,0,0,0,1,0,0
822,-0.107876629109037,1,1,0,0,1,0,1,1,1,0,0,0,1,1,0,0,0,1,1,0
823,-0.205005501349709,0,0,1,0,0,0,1,0,1,1,1,1,1,1,1,0,0,1,1,1
824,-0.00158127183192875,0,0,0,1,0,0,0,0,0,0,1,1,1,0,1,0,1,0,0,0
825,-0.151738364579471,0,0,0,0,0,0,1,0,1,0,1,0,1,0,0,1,0,1,0,0
826,-0.0785443685682744,1,0,0,1,1,1,1,1,1,0,0,0,0,1,0,0,1,1,0,1
827,0.124202314356095,0,0,0,0,1,0,1,0,1,0,1,1,0,0,0,0,0,1,1,0
828,0.0859030241269506,0,0,0,0,0,1,0,1,0,0,1,0,0,0,0,0,0,1,0,1
829,-0.117591069278491,0,0,0,1,1,0,0,0,0,1,0,0,0,0,0,0,1,1,0,1
830,0.116044155908499,0,0,0,0,0,1,1,1,1,0,0,0,0,0,0,1,0,1,0,0
831,-0.108211217493807,0,1,1,1,1,1,1,0,0,1,1,0,1,1,0,0,0,1,1,1
832,0.00919375123063275,1,0,1,0,0,1,1,0,0,0,0,0,1,0,1,0,0,0,0,0
833,-0.0266590584957358,0,1,1,1,0,1,1,0,0,0,0,0,0,0,0,0,1,1,0,1
834,0.144453036614857,0,0,0,0,0,0,1,0,1,0,0,0,0,0,1,0,0,1,0,0
835,0.133845950107383,0,0,0,1,0,0,1,0,0,0,0,0,0,0,0,0,0,1,1,0
836,-0.0654479612969106,0,1,0,0,1,0,1,0,0,0,1,0,0,1,1,0,0,1,0,1
837,0.0281573308473735,0,0,0,0,0,0,0,1,0,1,1,1,0,0,0,0,0,1,0,1
838,-0.141131345179159,0,0,1,1,1,0,1,0,0,0,1,1,1,0,1,0,0,1,1,1
839,-0.0547551577385496,0,0,0,0,1,1,1,0,1,0,0,1,1,0,1,1,1,1,0,0
840,0.00619673668210372,0,0,1,0,0,1,1,1,1,0,1,0,0,1,1,0,1,1,0,0
841,0.147804721463045,1,0,0,0,0,0,1,0,1,0,0,0,0,1,1,0,0,0,0,1
842,-0.211781941447473,0,1,0,0,1,1,1,0,1,1,1,0,0,1,1,0,1,1,0,1
843,0.14678836862318,0,0,0,1,0,0,0,0,0,0,0,0,0,1,1,0,0,1,0,1
844,-0.0203592402563083,1,0,0,0,0,1,1,0,1,0,0,1,0,1,0,0,0,1,0,0
845,0.111701502638726,0,0,0,0,1,0,0,0,1,0,1,1,0,0,1,0,0,0,0,1
846,-0.137255284992524,0,0,1,0,1,1,1,0,0,1,0,0,1,1,0,0,1,1,1,0
847,0.0510997372691412,1,0,1,1,1,0,0,0,1,0,1,0,0,1,1,0,0,1,1,0
848,-0.151965250651714,0,0,0,0,0,0,1,0,0,0,1,0,0,1,1,0,0,1,1,0
849,0.0297797309406507,0,0,0,0,0,0,0,0,1,0,0,0,0,1,1,1,1,1,0,0
850,-0.124728598111763,0,1,0,0,0,1,1,0,0,1,1,0,1,0,1,0,1,1,0,1
851,0.020469357318707,1,1,0,1,0,1,1,1,0,0,1,1,1,0,1,0,0,1,1,0
852,-0.104660205499663,0,0,1,0,1,0,1,0,0,0,1,0,1,0,1,1,0,1,1,0
853,0.00771496746348228,1,1,0,1,1,1,0,0,1,0,0,0,0,0,1,1,0,1,1,0
854,-0.0691848772340344,0,0,0,0,0,0,1,0,1,0,0,1,1,1,1,1,0,0,0,0
855,0.163360360269099,0,1,0,0,0,0,1,0,0,0,1,0,0,1,1,0,1,0,1,0
856,-0.130818144430016,0,1,0,0,1,1,0,0,1,1,1,1,0,1,0,0,0,1,1,0
857,0.0157021372870521,0,1,0,0,0,0,1,1,0,0,0,1,0,0,1,0,1,1,0,0
858,0.0277681948924908,0,1,1,1,1,1,1,0,0,0,1,1,0,1,0,1,0,1,0,0
859,-0.0984118716560683,0,0,0,1,1,0,0,0,0,0,1,1,0,0,1,0,1,1,1,0
860,-0.142077558529181,1,1,1,0,0,0,1,1,1,0,0,1,0,1,1,1,1,1,0,0
861,-0.0712626114543274,1,1,1,0,1,1,1,0,1,0,0,1,0,0,0,1,1,1,0,1
862,0.131893902018115,0,0,0,1,0,0,1,1,0,0,1,0,1,0,0,0,0,1,0,0
863,-0.0750779803937809,0,0,1,0,1,0,1,0,1,0,1,0,0,0,1,1,0,1,0,0
864,-0.0200799708608402,0,1,0,0,0,0,1,0,1,0,0,0,1,0,0,1,0,1,0,1
865,0.39225995530692,0,0,0,0,0,0,0,0,1,0,0,0,0,0,0,0,0,0,0,0
866,-0.0284829957703118,1,0,0,0,1,1,1,0,1,1,1,0,1,1,1,1,0,1,1,0
867,-0.162788264783901,0,0,0,1,0,0,0,1,1,0,1,1,1,1,1,0,1,1,0,1
868,-0.0585272748432185,0,1,0,0,1,0,1,0,0,1,1,0,0,0,1,1,0,1,1,0
869,0.0727604536831657,0,0,0,1,0,1,1,1,0,0,1,0,0,0,0,0,1,0,0,1
870,-0.184161348993229,1,0,0,0,1,1,1,1,1,0,0,0,0,0,1,0,0,1,1,1
871,0.185657756901675,0,0,0,1,0,0,1,0,0,0,1,0,0,0,1,0,0,1,1,0
872,-0.0767489411931967,1,0,0,1,1,1,1,0,0,0,1,0,0,1,1,1,1,1,0,1
873,0.117407031845882,0,0,0,0,0,1,0,0,0,0,1,0,0,0,1,0,0,0,1,1
874,0.0348017139321434,0,1,0,0,0,0,1,0,1,0,1,1,1,0,1,0,0,1,0,0
875,-0.11910828106689,1,0,0,0,0,0,1,0,1,0,1,0,0,0,1,0,0,1,1,1
876,0.119207401275468,1,0,0,0,1,0,1,0,1,0,0,0,1,1,1,0,1,1,0,0
877,-0.113644905768105,0,0,0,0,1,0,1,1,0,0,0,1,0,1,0,0,1,1,1,1
878,-0.0681914026412901,0,0,0,0,1,0,0,0,1,1,0,1,0,0,0,1,0,0,1,1
879,-0.0750214842601161,0,1,0,1,0,0,1,0,1,0,0,1,0,0,1,1,0,1,1,0
880,0.136575637057446,0,0,0,0,0,1,0,0,0,0,1,0,0,0,0,0,0,1,0,0
881,0.0911818105484243,0,1,0,0,0,1,1,0,0,0,0,1,0,0,0,0,0,0,1,0
882,-0.0495443033778889,0,1,0,1,0,1,1,0,1,0,1,1,0,0,1,0,1,1,1,0
883,0.129212246583483,0,0,0,0,0,1,0,0,0,0,1,0,0,1,0,1,0,1,0,0
884,-0.0947883651406162,0,0,1,1,1,0,1,0,0,0,0,0,0,1,1,0,0,1,1,1
885,-0.0455866869183872,0,1,0,1,1,0,1,0,0,1,0,1,0,1,1,0,1,1,1,0
886,0.091716073679658,0,0,0,0,0,1,0,0,1,0,0,0,0,0,0,0,0,1,0,0
887,-0.209558864090972,0,0,1,1,0,1,1,0,0,1,0,0,0,0,1,0,0,1,0,1
888,-0.0831797593831148,0,0,0,1,1,1,1,0,0,1,0,0,0,0,1,0,0,1,0,0
889,0.0489510146360693,0,0,0,1,1,0,1,0,0,0,0,1,0,1,0,0,1,0,0,0
890,0.0325495712919375,1,0,0,0,0,0,1,0,0,0,0,1,0,0,0,0,0,1,1,1
891,0.124763923458996,0,0,0,0,1,0,1,0,1,1,1,0,0,0,0,0,0,1,0,0
892,0.0347127954910634,0,0,1,1,1,0,0,1,0,0,0,0,0,1,1,1,0,0,0,1
893,-0.0920856354191331,1,0,0,1,1,0,1,1,0,0,0,1,0,1,1,1,0,1,0,0
894,0.0818413046453026,1,1,0,1,0,0,1,0,0,1,0,0,0,1,0,1,0,1,1,1
895,0.231002372322353,0,0,0,1,1,0,1,0,0,0,1,0,0,0,1,1,0,0,0,0
896,-0.0791104668383616,0,0,0,0,1,0,0,1,0,0,1,0,1,1,1,0,1,1,1,1
897,0.0425872454971618,0,0,0,0,1,0,0,0,0,0,1,0,0,0,1,0,1,1,1,1
898,-0.00313541121897877,1,0,1,0,0,1,1,0,1,0,0,0,0,1,1,1,1,1,1,1
899,-0.073926425065786,1,1,0,1,1,1,1,1,1,1,1,1,0,1,1,0,1,1,1,1
900,-0.221709623466576,1,0,0,0,0,1,1,0,1,1,1,0,0,1,1,1,1,1,0,1
901,0.0236471420933179,0,0,0,0,1,0,1,0,0,0,0,0,0,0,1,0,0,1,0,0
902,0.113040856518601,0,0,0,0,1,0,1,0,1,0,0,0,0,0,0,0,0,0,1,1
903,0.0152647748064934,0,0,0,0,0,0,0,1,1,0,1,1,0,0,0,0,1,0,0,0
904,-0.151455273316953,1,1,0,0,0,1,1,1,1,0,1,1,0,1,1,0,1,1,1,0
905,-0.162821226632724,1,1,1,1,1,1,1,0,1,0,1,1,0,1,1,1,1,1,0,1
906,-0.14837357355702,1,0,0,1,1,1,1,0,0,0,1,0,0,1,1,0,1,1,1,0
907,-0.043334294260751,0,0,0,0,0,0,0,0,1,0,1,0,1,1,1,0,1,1,1,0
908,-0.0784258629207551,0,1,1,1,1,1,1,0,0,0,1,0,1,1,1,0,1,0,0,1
909,-0.106860627368335,1,0,0,0,0,0,1,1,0,0,1,0,0,0,0,0,0,1,1,0
910,-0.213550074716175,0,1,1,1,0,1,1,1,1,0,1,1,0,1,1,1,1,1,1,1
911,-0.0784874986953809,0,0,0,0,1,1,1,1,0,0,1,0,0,1,1,0,0,0,0,1
912,0.0830738403196021,0,1,0,0,0,1,0,0,1,0,1,1,1,0,1,0,0,1,0,0
913,0.204265949153681,0,0,0,0,0,0,1,0,1,0,1,0,0,0,0,0,0,1,0,1
914,-0.0250224469062575,0,1,1,0,1,1,1,0,1,0,0,1,0,1,0,0,0,0,1,1
915,-0.0015679279151475,1,0,0,1,0,0,0,0,1,0,0,0,0,0,0,0,1,0,1,0
916,0.0216756492659599,1,0,0,1,0,0,1,0,1,1,0,0,0,0,0,1,1,0,1,1
917,-0.0849929521465817,0,1,1,1,0,1,1,1,1,1,0,1,0,0,1,0,0,1,1,1
918,0.0086814518331819,0,0,1,1,1,0,1,0,1,1,0,0,0,0,1,0,0,1,0,1
919,0.0258512217626023,0,0,0,1,1,0,1,1,0,0,0,1,0,0,1,0,1,1,0,1
920,-0.015241462096236,0,0,0,0,0,0,1,0,1,0,0,0,0,1,1,1,1,1,1,0
921,-0.0919145625822825,1,0,0,1,0,1,0,0,0,1,0,0,0,1,1,0,0,0,0,0
922,0.140696872952706,0,0,0,0,0,1,1,0,1,0,1,1,1,1,0,0,0,1,1,1
923,0.100446516350904,0,0,0,0,0,0,1,0,1,0,1,0,1,0,0,0,0,1,0,1
924,-0.0110189472668342,0,1,0,0,0,1,1,0,0,0,1,0,0,0,1,0,0,1,1,0
925,-0.182683481391002,1,1,0,0,0,1,0,1,1,0,1,0,0,1,1,0,0,1,1,1
926,-0.112312065680265,0,0,0,0,0,1,1,0,0,1,0,0,0,0,1,0,0,1,0,0
927,-0.115566338367461,0,0,0,1,1,0,1,0,1,0,1,1,1,1,1,0,1,1,0,1
928,-0.0499041037057437,0,0,0,1,0,1,0,1,0,0,1,1,0,1,1,0,0,1,1,1
929,-0.122402320683221,1,1,0,0,1,0,1,0,0,1,1,1,1,1,1,1,0,1,1,0
930,-0.109125129665439,0,1,1,0,1,1,1,0,0,0,1,1,0,0,0,1,1,1,1,1
931,-0.0420111152299366,1,1,0,0,0,1,1,1,1,0,1,0,0,0,0,0,1,0,1,0
932,0.0374502445915609,1,0,0,1,0,0,1,0,0,0,1,0,0,0,0,0,0,0,1,1
933,0.0656841489345194,0,0,0,1,0,0,1,0,0,0,0,1,0,0,0,0,1,1,0,0
934,0.00673622642962814,0,0,0,0,0,0,0,0,1,0,1,0,0,0,1,0,1,1,1,1
935,0.131411171372339,0,0,1,0,0,1,0,1,1,0,0,0,0,0,1,0,1,1,0,1
936,0.0953432473276303,0,1,1,0,1,0,0,0,0,0,0,1,0,1,1,0,1,0,0,0
937,-0.184980148853994,1,1,0,1,1,0,0,1,1,0,1,1,1,1,1,0,1,1,0,0
938,-0.149312169609423,0,0,0,1,0,1,1,1,1,1,0,0,0,0,1,1,1,1,0,0
939,0.163171333238732,1,0,0,1,1,1,0,0,1,0,0,0,0,0,1,0,0,1,0,0
940,-0.0814966164677432,0,0,0,0,0,1,1,1,1,0,0,0,1,0,1,1,1,1,0,0
941,0.0714277363917149,0,0,1,1,1,0,0,0,1,0,0,1,0,0,1,0,0,1,0,0
942,-0.0795265619756798,1,1,0,0,1,0,1,0,1,1,1,0,0,1,1,1,0,1,1,1
943,-0.000115035589012222,0,1,0,0,1,0,1,1,0,0,1,0,0,1,0,0,0,0,0,0
944,-0.0281174428952886,0,0,0,0,0,1,1,0,1,0,1,0,0,1,0,1,0,1,1,1
945,-0.000788103077561952,0,1,1,1,1,0,1,0,1,0,1,0,0,1,1,0,1,0,0,1
946,-0.237564839390321,0,1,1,1,0,1,1,0,1,0,1,1,1,1,1,1,1,1,1,1
947,-0.182308229050598,1,0,0,1,0,0,0,1,1,0,0,0,1,0,1,0,0,1,1,1
948,0.0460016853213285,0,1,0,0,0,1,1,0,0,0,1,1,0,0,0,0,0,0,1,1
949,0.0285610044269467,0,0,0,0,0,0,0,0,0,0,0,0,0,1,1,0,1,0,1,0
950,0.0534976117904811,0,0,0,0,0,0,1,0,0,0,0,1,0,0,1,1,0,0,0,0
951,-0.047462879858513,1,0,1,0,0,0,1,0,0,0,1,0,0,1,0,0,1,1,0,0
952,-0.051147580140457,0,0,1,1,1,1,1,1,0,1,1,1,0,1,1,1,1,1,0,1
953,0.0615105480993381,1,0,0,0,0,1,1,0,0,0,1,0,0,1,1,0,0,1,0,0
954,-0.195040833554248,0,1,0,0,0,0,1,0,1,1,0,1,0,1,1,1,1,1,0,0
955,-0.0597719000166769,0,0,0,1,0,1,0,1,0,0,0,0,1,0,1,0,0,1,0,1
956,-0.14027110011667,1,0,0,1,0,1,1,1,0,1,1,1,1,1,1,0,1,1,0,1
957,-0.0489561944007139,0,1,0,1,0,0,1,1,1,0,1,0,0,1,1,1,1,1,0,0
958,-0.108785999102124,0,1,1,0,1,1,1,0,1,1,1,0,0,1,1,0,0,1,0,0
959,-0.10829055008836,1,1,0,1,1,0,1,0,0,0,1,0,0,0,1,1,1,0,1,1
960,0.029938000431776,0,1,0,0,1,0,0,0,0,0,0,1,1,0,1,0,0,0,0,0
961,0.122699728860287,0,0,0,1,0,0,0,0,1,0,0,0,0,0,0,0,1,1,1,0
962,-0.0143672365998017,0,0,0,0,0,0,1,0,1,0,1,0,0,1,1,0,1,0,0,1
963,-0.0977433467114607,0,0,1,1,0,0,1,0,1,0,1,1,0,1,1,0,1,1,1,0
964,0.0478105273340965,0,1,0,1,0,0,1,1,0,0,0,1,0,0,1,0,0,1,0,1
965,-0.00360448387916291,0,1,0,0,0,0,1,1,1,0,1,0,1,0,0,0,0,1,1,1
966,-0.0897982654800886,1,0,1,0,0,1,0,1,1,1,1,0,1,1,1,0,0,0,1,0
967,0.20350925382227,0,1,0,0,0,0,1,0,0,0,1,1,0,0,0,0,0,1,0,0
968,-0.0170439592644134,0,1,1,0,0,0,1,1,1,0,0,0,0,0,1,1,1,1,1,0
969,-0.0882667851516596,0,1,1,0,0,1,1,0,0,1,1,1,0,1,1,0,0,1,0,0
970,0.0525783851519396,0,0,0,0,0,1,1,0,1,0,1,1,0,1,1,0,1,1,1,1
971,0.110962826995351,0,0,0,0,1,0,0,0,0,0,0,1,0,1,1,0,0,1,0,0
972,0.0608550278924044,0,0,0,0,0,0,1,1,1,0,0,0,0,0,1,1,0,1,1,0
973,0.147176568759895,0,0,0,0,0,1,1,0,1,0,0,0,0,1,0,0,0,1,1,0
974,0.0307973130870761,0,0,0,0,1,0,0,0,1,0,0,1,0,0,1,0,0,1,1,0
975,-0.0652083607923774,0,0,1,1,1,0,1,1,1,1,1,0,0,1,1,0,1,1,1,1
976,0.0665107521580307,0,0,1,0,0,1,1,0,0,0,1,0,0,0,1,1,1,1,0,0
977,0.0253958848119025,0,1,0,0,0,0,1,0,1,1,1,0,0,1,1,0,0,0,1,0
978,-0.0192767833350741,1,0,0,1,1,1,1,0,1,0,1,1,0,1,0,0,1,0,0,1
979,-0.0409945513888259,0,0,1,1,1,1,0,1,1,0,0,0,0,0,1,0,0,1,0,0
980,0.00840547603548208,0,0,0,0,1,0,0,0,1,0,0,0,0,1,1,0,0,0,0,1
981,-0.0907214177267109,0,0,0,0,1,0,1,0,0,0,1,0,1,0,1,0,0,1,0,0
982,0.0541095403066147,0,1,1,0,0,0,0,0,1,0,0,1,0,1,1,1,0,1,0,0
983,-0.0175589906449754,1,0,1,0,1,1,1,0,1,0,1,0,0,1,1,0,1,0,0,0
984,0.0439936278779605,0,0,0,1,0,0,0,0,0,1,0,0,0,0,1,0,1,1,0,1
985,-0.0868846865744372,0,1,1,0,1,0,0,1,1,0,0,0,1,0,1,0,0,1,1,0
986,-0.0547497044996245,0,1,1,0,1,1,1,0,0,0,0,1,1,0,1,0,1,1,1,1
987,0.143904575668409,0,0,0,0,0,0,0,0,1,0,1,0,0,0,1,0,0,1,0,0
988,0.0130593785648687,0,1,0,1,0,1,1,0,0,0,0,1,0,0,0,0,0,1,0,0
989,0.226562421805376,0,0,0,0,0,0,1,0,1,0,1,1,0,0,1,0,1,1,1,1
990,0.0104094782590606,0,1,1,1,0,0,0,1,0,0,1,1,0,1,1,0,1,1,1,1
991,0.118544721763186,0,1,0,1,0,0,1,0,1,0,0,0,0,1,1,0,0,1,0,1
992,-0.0813820774998342,1,1,0,1,1,0,1,1,1,1,1,1,1,1,1,0,0,1,1,0
993,-0.0672393388345996,0,1,1,1,0,0,1,0,1,0,1,1,0,1,1,0,1,1,0,1
994,0.0443840978672094,0,0,0,0,1,0,1,0,0,0,1,0,0,0,1,1,0,1,0,1
995,-0.155519132679547,1,1,1,0,0,0,1,0,1,0,1,0,0,0,1,1,1,1,1,1
996,0.143516936436741,0,0,0,1,0,0,0,0,0,0,0,0,0,0,1,0,0,1,1,0
997,-0.130860204619474,1,1,1,1,0,1,0,0,1,1,1,1,0,1,0,0,1,1,1,0
998,0.00810939356321852,0,1,1,0,0,1,0,1,0,0,0,1,0,1,0,0,1,0,1,1
999,-0.011271891233401,0,0,1,0,0,0,1,0,0,0,1,0,1,0,1,0,0,1,0,1
1000,-0.11535907580721,0,1,0,1,1,1,0,1,1,1,0,0,1,1,1,1,1,1,1,1
