"Est.Theta","Est.ExpScore","SimSum.Score","Scaled.Weighted.Score"
-0.814138761119622,8.21268592883558,9,7.44576130317396
0.114061324677912,13.1096724999357,13,13.0575134957044
-0.8511579029229,8.02828729607604,9,7.24103397769266
-0.516147946771436,9.76388619521714,10,9.19541785488489
-1.36176032659174,5.74763929585916,5,4.77744015222758
0.644558340524906,15.445350867911,16,15.6974001889104
0.536896191931772,15.0258201793417,15,15.2329711254833
-0.470693599762276,10.0080951872177,9,9.47470375284705
-0.411123130175979,10.3297483700285,11,9.84381003226193
-0.840782231290815,8.07974859577813,8,7.29809188026828
0.645372392075622,15.4484125641768,16,15.7007693631439
0.771272208637492,15.9020817783218,15,16.1964972080803
-1.18097266768056,6.4943994371665,6,5.56938250107532
-0.634799682140536,9.13405208913193,9,8.47951855654622
-0.792555949626985,8.32118622427163,8,7.56657520168572
-1.15599073050101,6.60309196771976,6,5.68589817418795
0.131654208750231,13.1970949527256,12,13.1581611969895
-1.29803591128936,6.00275327749417,6,5.0462736736063
-0.615656730452134,9.23476414929185,10,8.59353004791203
-0.192721912199454,11.5112351726469,11,11.2081893420484
-0.326014302439591,10.7909022826924,11,10.3750428673943
1.17788880662806,17.1097608282586,17,17.4768379147928
-0.778628116598206,8.39157875493543,9,7.64509367181125
1.23498367928801,17.2501572390593,17,17.6213393109562
0.0158783717046597,12.611906226878,12,12.4829813506215
-1.11657100204892,6.77723399487854,6,5.87321346996091
1.34036251755907,17.4921800670927,18,17.8679588063148
-0.192006947521886,11.5150774804034,11,11.2126400817955
-0.176795720952961,11.5967437700913,12,11.3072474535958
-0.406166700308413,10.3565699338105,11,9.87463762917898
0.113171850263832,13.105237402569,12,13.0524051024954
3.72658376879719,19.6119370122524,19,19.7985153889963
1.84310924288265,18.3817956920485,18,18.7422842729876
0.0357400824137174,12.7138705419636,12,12.6008437453514
0.130236973328195,13.1900737225437,13,13.1500811330993
-0.567384385781132,9.49036253226928,9,8.88369300112176
2.57649575155182,19.118869596609,18,19.4103573725358
1.14373203535786,17.0225373543132,18,17.3865591122235
0.88870146331997,16.2902063576161,18,16.614660145007
-0.0782062541230034,12.1213900391301,12,11.9151725027753
0.619996631494931,15.3521935284681,15,15.5947431160862
1.06686069629809,16.8171194368491,17,17.1724823929039
0.662079949873434,15.5108849700158,15,15.7694489196839
1.17757493632182,17.10897045214,17,17.4760215647486
-0.839558530028374,8.08582942163799,8,7.30483796233007
-0.458982409655904,10.071207104699,10,9.54701852450978
0.195603754006031,13.50986969717,13,13.5174465695927
-0.900873596334418,7.78418972247671,7,6.97121305424558
-0.0952410386189521,12.0314119345313,11,11.8109233225695
-0.169145181182133,11.6377568526387,13,11.3547652778641
0.0462635461729304,12.7676463520204,12,12.6629726143599
0.944334869308501,16.4625934397506,17,16.7984665579441
-1.63096762842196,4.76969042059839,5,3.76468088907668
0.0722733574428659,12.8997887252205,13,12.8155375072888
-0.0886171541912707,12.0664370926524,13,11.8515055554525
0.611936074883706,15.3212926208802,14,15.5606301489189
-0.335607689881639,10.7388944404129,10,10.3150273544201
-1.39006882914644,5.63718726867751,4,4.66161868156682
-0.204574326022946,11.4474922408775,11,11.1343591609177
-0.187432852204433,11.5396513566904,12,11.2411062302333
-0.215433339172164,11.3890189209951,12,11.0666445609112
-1.85916969588898,4.06629775721482,4,3.05597673146666
0.963958730598425,16.5216763362389,17,16.8611793150437
-0.92647806982548,7.66012989375932,8,6.83460940166436
0.0160626229196123,12.6128548735716,13,12.4840782496679
0.37302496271348,14.3321100357352,14,14.4542382651321
0.73253265305922,15.7666710017054,15,16.0492820421572
-1.11801953330446,6.77077843975603,7,5.8662556317255
-0.284206883650088,11.0174356130315,11,10.6367117774056
-0.992758883482365,7.34446049898556,7,6.48867229499712
0.544459112229002,15.0562370834897,15,15.2668210578547
-0.323599839444265,10.8039908984792,12,10.3901504305803
-1.31968277759632,5.9150906534959,6,4.95369166005109
-2.42296358256164,2.77255111210258,2,1.81148202691414
1.71355543800072,18.1898770607332,18,18.5586293668896
-1.19306930240776,6.44223938468731,7,5.51357823064291
-2.11745738805244,3.40101026063819,3,2.40455811259687
0.229061773274699,13.6702189169558,13,13.7010958383507
-0.661321107423778,8.99518879452758,9,8.32262740212781
-0.250865426870992,11.1978097652869,11,10.8453171458557
1.79539916523526,18.3137901670476,18,18.6775704269649
-0.236175426087997,11.2771544321375,12,10.9371389537984
0.11969986050472,13.1377537184806,13,13.0898525499226
1.0524995479391,16.7773137384072,16,17.1307687646549
-1.37430546752746,5.6984721595645,6,4.72583972288562
-1.13647501407378,6.68890527050977,8,5.77810512837709
-0.168082250307719,11.6434516171695,12,11.3613634949561
0.595241932129253,15.2567769062758,15,15.4893120868866
-1.3695957988679,5.71688947057645,5,4.74516043636892
-0.573663403680318,9.45699175899792,11,8.84574537415767
-1.35591598725961,5.77066357556811,6,4.80162755492593
2.60710855521419,19.1398407117522,19,19.4281870774414
1.28156802421446,17.359827826462,18,17.7334929455205
1.23151820228632,17.2418252225751,18,17.6127923297295
0.287803375308631,13.9459386030279,14,14.0158596185455
3.72658376879719,19.6119370122524,19,19.7985153889963
-0.50298028422725,9.83449737535817,11,9.27608127124771
1.7855207221071,18.2993279867952,18,18.6637556664901
2.19624758651029,18.8004941996346,19,19.1304422894482
1.40617512400057,17.6325828519373,18,18.0094973274168
-1.23683681133372,6.25610910338971,7,5.31503147425642
-0.326920418120258,10.7859902073906,11,10.3693734704495
-1.40701624069646,5.57191546325936,5,4.59333883205448
-0.370588861902392,10.5492676355144,11,10.0964162255973
-0.269907995713809,11.0948334954364,12,10.7261990168843
-0.298453797700523,10.9402700773579,11,10.5475339180002
-1.67311185125008,4.6312332785528,5,3.62376009812154
0.26112516334165,13.8216533256927,14,13.8741421259892
-0.0417474407821118,12.3128391381276,11,12.1369146932254
0.561029709901213,15.1223824227021,14,15.3403390405801
0.672526631394742,15.5495927776369,14,15.8119381528966
-0.0357959879566223,12.3439349011366,12,12.1729183297734
0.648923985364204,15.461750941804,15,15.7154437318771
-0.0761894814434293,12.1320213685638,12,11.9274888799794
0.822533151196582,16.0756079230278,16,16.3841670586093
1.11106516674462,16.9368042323346,17,17.2974576783499
-1.09502743253339,6.8737487545861,8,5.97735624646791
1.44600258006088,17.7137129196393,18,18.090739703674
-0.290683202655898,10.9823632382639,11,10.5961744436859
-0.111523940851286,11.945117642706,11,11.7109301321822
0.0846719431948119,12.9623804776128,14,12.8877469057713
0.412259121375783,14.5041571044748,14,14.6485039576525
-0.632821110383966,9.14444323240248,10,8.49127326642584
-0.793860701940057,8.31460680766385,8,7.55924176315601
-0.23274187742699,11.2956864251793,11,10.9585896299667
1.26851709246862,17.3295373620209,17,17.7025816872135
0.19872680117568,13.5249354227476,14,13.5347199855833
-0.200184399748802,11.4711115604052,12,11.1617147199388
-0.365730300988033,10.5755996413652,10,10.1267519866683
-0.773136547326159,8.41941285212824,9,7.67617033473847
0.13314199217362,13.2044616361868,12,13.166638167611
-0.298101154381864,10.9421805884365,11,10.5497413183071
0.215562411320032,13.605804084936,13,13.6273671617838
2.19624758651029,18.8004941996346,19,19.1304422894482
0.939956412967305,16.449289029297,16,16.7843243764434
-0.185548039608153,11.54977330167,12,11.2528318648737
2.19624758651029,18.8004941996346,19,19.1304422894482
0.876488405045838,16.2513849369969,16,16.5730980235971
-0.914603882980511,7.7175201458063,8,6.89775754861876
0.199250845026783,13.5274614729751,13,13.5376157946437
0.40046426812494,14.4528230248164,14,14.5906150199428
0.317452614077567,14.0821905019236,14,14.1708834886669
2.10106010408507,18.7010481396755,18,19.0400290609809
1.02059618490506,16.6872430257113,17,17.0361137491966
3.72658376879719,19.6119370122524,19,19.7985153889963
0.878986981532605,16.2593559737576,16,16.5816367251821
0.0490890550729068,12.7820548836733,12,12.6796152850356
-2.3879630857491,2.83674263047918,3,1.87083724592638
-0.222726625633834,11.3497099722341,12,11.0211304558515
-1.32894130425448,5.877910635974,5,4.91448971182721
-0.280787418137654,11.0359496608821,9,10.6581140834002
-2.07610065937115,3.49874467228196,3,2.49891009553172
-0.870360652288692,7.93351176333719,8,7.13610843173971
0.814205589191017,16.0478530009539,17,16.3542258891737
0.215516836456532,13.6055859658092,13,13.6271174415106
-0.898796536742266,7.79430374992083,8,6.98236560213511
-1.3204110272593,5.91215935064263,7,4.95059954689043
1.85569376819928,18.3992344768493,18,18.7588128032221
-1.24222350577404,6.23348400043836,6,5.29096018647804
-1.36478716348762,5.73574453668291,6,4.76495040240849
2.60710855521419,19.1398407117522,19,19.4281870774414
-1.5451674924143,5.06377932882639,5,4.06612182349078
-1.08841535397402,6.90355885081427,7,6.00958130889595
0.0122702109240642,12.593318837175,11,12.4614880033562
1.1941995032305,17.1505522598996,17,17.5189267811154
0.835172330260555,16.1174123288049,16,16.4292087716902
0.99222267097544,16.6052135265057,16,16.949593032565
-1.01932970100181,7.22021047461409,7,6.35317051323117
1.84056558524086,18.3782458704677,17,18.7389158237435
-0.413330206176472,10.3178071655025,10,9.83008471605309
-0.898833065012129,7.79412581484845,8,6.98216937563722
-0.298101154381864,10.9421805884365,11,10.5497413183071
-0.882925110243485,7.87183287962927,8,7.06793440460358
0.945350170501409,16.4656721744643,16,16.8017380981949
-0.491057040805104,9.8985332342578,10,9.34929752958678
-0.0465771845891732,12.2875709320506,14,12.1076554754516
0.516497207362161,14.9430679867534,14,15.1407452850569
1.48226446704178,17.7851423102877,18,18.1619243692024
-1.61585131181728,4.82031215517253,5,3.81636572496519
-0.150041904574631,11.7399713200534,12,11.473203060196
-1.0201949349043,7.21618712775618,7,6.34878915745467
-0.852880062129591,8.01976270812606,9,7.23158808634121
-0.0129970676236072,12.4626239899181,12,12.310299285281
-0.954135205374066,7.5274335257429,7,6.68889844035337
0.479905523616965,14.7920377910096,16,14.9719343470727
-0.80576398475481,8.25470228559963,9,7.49251542864043
1.7855207221071,18.2993279867952,18,18.6637556664901
0.431825623650146,14.5885735783984,14,14.7435610943845
0.852980973815336,16.1756611089094,16,16.4918556473398
-1.15398038265509,6.61189528348657,6,5.69534860076318
1.71355543800072,18.1898770607332,18,18.5586293668896
-0.502727347464818,9.8358548752578,10,9.27763275936696
-0.88727390267153,7.85054693118276,8,7.04442726631287
-0.846057287756558,8.05356347639681,9,7.26905156659858
0.814667714251328,16.0493976242084,16,16.3558929527614
-1.42457830135114,5.50495168331226,5,4.5234178710618
-1.27158588092488,6.11125648127411,6,5.16115904650623
3.72658376879719,19.6119370122524,19,19.7985153889963
0.550894200855527,15.0820056465231,14,15.2954770374645
-0.10703295101399,11.9689455047357,12,11.7385414315832
0.866799045853504,16.2203328950337,16,16.5398104382933
0.0102788905055022,12.5830523056865,12,12.4496154175748
-0.0838207618833208,12.0917693095083,12,11.8808555497988
-0.0665554615032522,12.1827422411764,12,11.9862449243167
-1.32559613692551,5.89132227595641,6,4.92862625598788
0.559933998030738,15.1180298129658,15,15.3355052306655
-0.919517381075689,7.69374206212471,7,6.87158442801193
0.0907265754768879,12.9928497129744,12,12.9228839754549
0.812025543755121,16.0405593488176,16,16.3463528619418
-1.16809913820302,6.55024722413376,7,5.62921136281739
-0.880717072140206,7.88265282240191,8,7.07988741794163
-0.77595152102874,8.40513956995673,7,7.66023219316692
-0.266536365295827,11.1130750990623,11,10.7472954811678
0.452136520302833,14.6752162809987,14,14.8409410305888
-0.49138524920341,9.8967693471231,9,9.34727996377592
1.14302563473647,17.0207075106973,17,17.384661125123
0.353260081576005,14.2440511425054,14,14.3545523643804
1.1941995032305,17.1505522598996,17,17.5189267811154
1.44600258006088,17.7137129196393,18,18.090739703674
-1.24344453014221,6.22836414557925,7,5.28551498258235
-0.880286312484119,7.8847646165896,8,7.08222067805167
-0.764763181244595,8.46193835137434,8,7.72368190164789
-0.882285503665159,7.87496626207132,8,7.07139564005897
-1.11569106520069,6.78115762936282,8,5.87744290653052
-1.09380370738717,6.8792591996064,7,5.98331825068031
-0.489946714869391,9.90450093307049,11,9.35612383197012
-0.19780116004399,11.4839293183544,12,11.1765608179071
-1.24344453014221,6.22836414557925,7,5.28551498258235
-0.540851413935701,9.63174874961977,10,9.04467571796093
-0.358474857594951,10.6149267210792,10,10.1720717479355
-1.43040003397849,5.48290543851805,7,4.50042680540529
-0.46121148711159,10.0591892145024,10,9.53324403165342
-1.45104607006567,5.40533176072125,6,4.41964281019248
-0.560906816386167,9.5248248587573,9,8.92290152038225
0.17501955978134,13.4100745624979,14,13.4029605292425
3.00276181210789,19.3630265639553,19,19.6118419835395
0.784777656792737,15.9484219488477,16,16.2467242357081
-0.336856035402967,10.7321266825271,11,10.3072193178537
-1.7273061688698,4.45894123827855,5,3.44933795805534
-0.234184779889529,11.2878992650252,10,10.9495758391805
-1.10082154267984,6.84769883568713,8,5.94922140532084
1.36521588331156,17.5461463264788,18,17.9224996110873
-0.605751078788404,9.28702870461598,9,8.65276893678831
0.396036975954983,14.4334679821677,15,14.5687723108974
-1.14446557250528,6.6536744082451,8,5.74022625062681
-0.260032536166217,11.1482525415879,12,10.7879839683308
-0.548638126999644,9.59019527166849,9,8.99732886400557
-1.4434181543926,5.43388125049444,6,4.44935303776932
0.315378173299517,14.072722597255,14,14.1601230720227
-0.270196523356789,11.0932723056662,12,10.7243935918083
0.684494217189731,15.5936015054776,17,15.8601854117295
-1.49805842391625,5.23225051881584,4,4.24004906673682
3.72658376879719,19.6119370122524,19,19.7985153889963
0.793484059882713,15.9780590093188,16,16.2788055557507
-1.14745716930113,6.64051821713886,6,5.7260894547614
-0.600481368701818,9.3148733082917,8,8.68434913288648
0.985666642589897,16.5859994648963,15,16.9292841536512
1.79539916523526,18.3137901670476,18,18.6775704269649
1.37017672989394,17.5567799064674,18,17.9332262804502
0.0781225963702733,12.9293502001531,12,12.8496460198167
0.84902812695078,16.1627979397475,17,16.4780326072234
-0.500821133763644,9.8460867729034,10,9.28932768613213
-0.740773871696452,8.58432846304283,9,7.86063579697198
-0.405589576088977,10.3596934746997,11,9.8782365904558
-0.728108706839036,8.64926859255272,9,7.93343057848925
1.83666698582165,18.3727887498077,19,18.733737291761
-0.915375001855598,7.7137856304661,8,6.89364599535947
-0.793723516893021,8.31529846345567,9,7.56001264035794
-1.78346646597165,4.28715599029208,3,3.27650704010509
0.602876071132815,15.2863661388641,14,15.5220371599293
-0.585719698034614,9.39301701454343,9,8.77304941174205
0.79035844794995,15.9674405618116,16,16.2673151243684
-0.160362209563331,11.6847868188601,11,11.409257969898
-0.685729517240198,8.86811683036948,8,8.17938210512655
1.0820819884987,16.8588130658386,17,17.216095611684
-1.38164014545161,5.66988768908086,5,4.69587235511811
0.286592501002916,13.9403318527294,13,14.0094726699426
2.19624758651029,18.8004941996346,19,19.1304422894482
0.415154328392387,14.5167064572484,15,14.6626461391532
0.154496582911775,13.309734630058,13,13.2877036428791
-1.04897009929671,7.08320698593143,8,6.20420145228461
0.184918772903653,13.4581742738575,13,13.458161261984
-0.612228026746248,9.25284345101675,9,8.61401635133353
-1.32870132286,5.8788719635764,6,4.91550283198725
0.813486045080578,16.0454469393202,16,16.3516289208315
-0.217885086235899,11.3758077666402,11,11.0513472538699
2.06165381668634,18.6571705963299,19,18.9997556537595
1.63107922481483,18.0551904632419,18,18.427942731201
0.309867404555487,14.0475232008209,14,14.1314747646045
-0.610269457767742,9.26317625747573,7,8.62572746743847
0.0387717199260608,12.7293804388031,13,12.6187651526441
-0.473936287112243,9.99063288546066,11,9.45470480523349
-0.0669093298172035,12.1808811174836,12,11.9840890876156
-0.57930389213267,9.42704478840414,10,8.81170721714652
1.02506081089144,16.6999848850856,16,17.0495263883977
0.638822257068729,15.4237301551376,15,15.6735995185559
-0.500578889797187,9.84738722324865,10,9.29081419458721
0.401963617702561,14.4593671432829,15,14.5979982441745
-0.0716261624975761,12.1560595692897,13,11.9553360613821
-0.333979532275882,10.7477212603785,10,10.3252115677192
1.44600258006088,17.7137129196393,18,18.090739703674
1.59000366785102,17.9842352794613,19,18.3585433222317
-0.506148310521,9.81749828054571,10,9.25665531950743
0.238719196303296,13.7160638413308,14,13.7535248751503
0.346166138039909,14.2122212769963,15,14.3184778210429
-0.622534109694261,9.19853707538753,9,8.5524976699817
1.40856702679448,17.6375356790835,18,18.0144686567075
-0.291176842023206,10.9796895636652,11,10.5930845129097
1.00778604745878,16.6504339758405,16,16.9973262090413
-0.783414537895022,8.36735507595088,9,7.61806158527133
-1.29806413638272,6.00263830735415,5,5.04615211299839
-0.452244533760936,10.1075483400963,11,9.58868337445318
0.470088457016895,14.750955108617,15,14.9259085812268
2.19624758651029,18.8004941996346,19,19.1304422894482
-0.0965489634324022,12.0244904780371,13,11.802903469629
-1.09210645268967,6.88690694416261,7,5.99158231651795
1.95275994115551,18.5270441836074,19,18.8790550379686
0.955890892132008,16.4974938561196,17,16.8355290856501
-0.320426903348135,10.8211905085589,11,10.4100053180054
-0.355383433181862,10.6316846933627,11,10.1913879612963
-0.392694227270211,10.4295087124963,11,9.95854030150959
0.826395329547959,16.0884231520889,16,16.397981819084
0.533063353487445,15.0103506380914,15,15.2157453907094
-0.142884816142102,11.7781900785121,12,11.5174908387617
-0.67146927430812,8.9422694200729,10,8.26293447406474
0.112949990088901,13.1041309387945,13,13.0511306308204
1.2568317264039,17.3021305409316,17,17.6745701607994
-0.509746944373006,9.79819671170304,11,9.23460343222061
0.829852206232504,16.0998629362796,16,16.4103085414835
1.36364139893596,17.542761841361,17,17.9190840989495
3.72658376879719,19.6119370122524,19,19.7985153889963
-1.85663797110434,4.07348782750215,4,3.06312526762844
1.55075129200615,17.9139196298136,17,18.2894124105043
0.391669067227649,14.4143264800421,13,14.5471619531126
-0.96288292479805,7.48575131749394,7,6.64321487034682
-0.319701778070895,10.8251210992388,11,10.4145430602258
-0.110840102012426,11.9487471890459,11,11.7151360175838
-0.733756942332982,8.62028032133984,8,7.90092532343113
0.05781601178141,12.8264758912961,13,12.7309130972345
0.503360170824971,14.8892274177169,14,15.0806377157808
0.392737043101332,14.4190108959325,15,14.5524513507709
0.625728744471047,15.374069207393,14,15.618874478218
-0.228326111931019,11.3195116566553,12,10.9861695254269
-0.0170773286569061,12.4414342002248,12,12.2857775559075
-0.44101036770394,10.1681865421565,10,9.65824316944779
0.923116651862461,16.397702988344,17,16.7294198587029
2.10106010408507,18.7010481396755,18,19.0400290609809
-0.138333775402502,11.8024698132857,11,11.5456266136053
0.094754961962323,13.0130865830276,14,12.9462158633357
1.44600258006088,17.7137129196393,18,18.090739703674
3.00276181210789,19.3630265639553,19,19.6118419835395
0.0414791042017846,12.7432192039962,12,12.6347540153796
-0.455213723864608,10.0915311455038,10,9.57031765594138
0.320349910905025,14.0953974606953,14,14.1858903533266
-1.15112170501604,6.62442789072692,7,5.70880592720653
1.84310924288265,18.3817956920485,18,18.7422842729876
-0.8097993271636,8.23444335500145,8,7.46996724635077
3.00276181210789,19.3630265639553,19,19.6118419835395
0.756763708968518,15.8518013907757,16,16.1419106799902
0.963958730598425,16.5216763362389,17,16.8611793150437
0.949396222513941,16.4779173842551,17,16.8147461896649
1.51485393310597,17.8474044196364,17,18.2237022002723
0.104487679888869,13.0618610289058,12,13.0024321730709
-0.981491401089327,7.39755207826031,8,6.54668667112206
-0.442824920253364,10.1583885005278,9,9.64700032464133
0.605084797543877,15.2948997570335,15,15.5314701265644
-0.163416893361918,11.6684366769281,11,11.3903129871797
-0.27321686911144,11.0769280740082,12,10.7054933616017
-0.567293089449621,9.49084799790999,10,8.88424518615124
-1.01655821257248,7.23310759676855,6,6.36721794441372
-0.0389213953074591,12.3276106380359,12,12.1540180995668
0.00877496753951547,12.5752947431325,12,12.4406438380099
-0.329544823656654,10.7717629943941,9,10.3529539479617
-1.36408872871878,5.73848742037249,6,4.76783013214715
0.356775834119643,14.2597822655236,14,14.3723731696255
3.00276181210789,19.3630265639553,19,19.6118419835395
0.429877070313723,14.5802085172906,16,14.7341494299987
1.40617512400057,17.6325828519373,18,18.0094973274168
-0.873948584866892,7.9158714874384,8,7.11660160658008
-0.265584714903118,11.1182231863006,10,10.7532496272841
0.982310016048127,16.5761240289693,16,16.918839752709
3.00276181210789,19.3630265639553,19,19.6118419835395
-0.710278197308957,8.74106110204804,9,8.03647343625322
0.279277704242975,13.9063921428467,15,13.9707974440089
-1.22056649493978,6.32482513838196,6,5.38822397549997
-3.25507000161735,1.69291337520645,2,0.875944659154684
1.77063008309199,18.277275553367,18,18.642655646754
0.0101715650463963,12.5824988079262,13,12.4489753116123
0.00366455615776438,12.5489093753164,14,12.4101264367857
-0.0392569436219195,12.3258572916225,13,12.1519880076682
-1.65591270097371,4.68726313848779,5,3.68070775998584
-1.10861590491985,6.81276303454742,7,5.9115259767096
0.115322745211667,13.1159597207334,13,13.0647548021373
1.33902971877096,17.4892531860075,18,17.8649959312533
0.874947230614045,16.246460820596,16,16.5678219647073
1.71355543800072,18.1898770607332,18,18.5586293668896
-1.22125162559107,6.32192013950488,7,5.38512717718203
-1.48473145760985,5.28081253876439,5,4.29034668921456
-0.667986794161255,8.96041561157137,10,8.28339724106017
2.19624758651029,18.8004941996346,19,19.1304422894482
-0.528448891308417,9.69803233182686,11,9.12025769763145
1.44600258006088,17.7137129196393,18,18.090739703674
-0.47171673040446,10.0025848831183,11,9.46839254067212
-0.629830874002291,9.16015555779332,10,8.50905121662199
0.375980780583648,14.3451997434872,13,14.4690414610305
0.759225779970931,15.8603703462374,15,16.1512199875415
-0.241529525033866,11.2482460436816,12,10.9036809547787
-0.276590737380591,11.0586676885653,12,10.684379334305
0.84902812695078,16.1627979397475,17,16.4780326072234
0.535231495270086,15.0191058725248,13,15.2254954121936
-0.880621490356562,7.88312138385154,8,7.08040510847494
1.83666698582165,18.3727887498077,19,18.733737291761
-0.534231233902157,9.66711473116494,9,9.08499424826729
-0.516151696995149,9.76386610166902,11,9.19539491296013
-1.27559012612662,6.09473249831705,6,5.14364231623553
-0.0500403216548732,12.2694344481987,11,12.0866528833825
-0.842476107814254,8.0713353632112,9,7.28875959498826
-0.529687822114165,9.69140577498846,9,9.11269842992045
0.386306653282758,14.3907643166432,15,14.5205490626385
1.56072405405434,17.9320210739237,18,18.30724211541
-0.269320489234301,11.0980123470108,12,10.7298752188636
-0.770229706965024,8.43416413485978,9,7.69264681566996
-0.643964365303087,9.08597690530375,9,8.42516092519144
-1.4228118038855,5.51165617477881,5,4.53041252542958
-0.262789930555696,11.1333402658161,9,10.7707345759152
-0.335496781540612,10.739495715629,11,10.3157210720137
0.292269728276441,13.9665908335143,14,14.039380502934
2.06165381668634,18.6571705963299,19,18.9997556537595
-1.05347992984518,7.06251175298972,8,6.18173929730413
1.42312290002578,17.6674532872259,17,18.0444660380631
-0.529397150563557,9.69296036056621,11,9.11447176612892
1.18010636568048,17.1153391566344,17,17.482598663077
1.71355543800072,18.1898770607332,18,18.5586293668896
-0.930631812144918,7.64011303605345,9,6.81260255401073
1.55298808376519,17.9179937471397,18,18.2934273549353
0.859896433408092,16.1980749201557,16,16.51592651495
-0.210268457340363,11.4168389591068,11,11.0988598042102
3.00276181210789,19.3630265639553,19,19.6118419835395
0.711349068355729,15.69105820466,16,15.9667944754772
1.32916801490884,17.467491742965,18,17.8429514134712
0.0175518912738955,12.6205207428328,12,12.4929418795788
-0.346050308331037,10.6822809341582,11,10.249724575101
-0.203049275310524,11.4556988485245,13,11.1438637285466
0.557576860973077,15.1086561454629,15,15.3250933708361
1.02506081089144,16.6999848850856,16,17.0495263883977
-0.286639165181565,11.004264761972,12,10.6214876488914
-1.24138026063746,6.23702166782147,5,5.29472307046863
1.01894522835484,16.6825199012291,16,17.0311401384213
0.712508022672696,15.6952237395584,16,15.9713439316029
0.540427405448087,15.0400399320226,16,15.2487991235519
-0.436775379988392,10.1910595041423,11,9.6844937251942
1.43610002890665,17.6938055737988,17,18.0708427241954
0.23915896408569,13.7181467195629,13,13.7559060499773
-0.592081836678011,9.35931209204696,9,8.73477813330166
0.154764515973599,13.3110499115484,12,13.2892153377998
0.443768875016548,14.6396434028277,15,14.8009826938223
1.94107791658048,18.5122725027956,19,18.8652402774938
2.60710855521419,19.1398407117522,19,19.4281870774414
0.846139008393259,16.1533725611166,16,16.4678997879148
-1.04211938254832,7.1147205629526,7,6.23842610867469
-0.875193143947562,7.90975759220229,7,7.10984245612959
-0.651830385353501,9.04478920436623,10,8.37862532070279
0.595971130962156,15.2596095157901,16,15.4924460628095
-0.554536899512084,9.55874953714496,10,8.96151762235242
-0.0896234327679388,12.0611192289982,13,11.8453441038072
0.302079623348486,14.0117935102186,14,14.0908332165946
-0.892504115948266,7.82498946571518,8,7.01621672458676
-1.18864011689082,6.46130200993808,6,5.53396437944468
-0.507355765878172,9.81102102702127,11,9.2492544837126
0.367678958434278,14.3083828812977,14,14.4273952691697
-0.645428823832121,9.07830346937081,10,8.41648872791439
-0.63894407109297,9.11230033755088,8,8.45491895005548
0.386886666258769,14.3933161775435,15,14.5234319471437
-1.02547723989843,7.19165557963437,7,6.32208336314238
-0.314917504328856,10.851053359627,10,10.4444842296613
-1.26661988499827,6.13179756482004,6,5.18294459688973
-0.347719261774496,10.6732330253886,11,10.2392907029468
-0.250163815708503,11.2016013658879,11,10.8497042403252
-1.22497117448549,6.30616650444197,6,5.36833733979304
1.71355543800072,18.1898770607332,18,18.5586293668896
-1.27902982892826,6.08056597447256,5,5.1286306150291
0.393129309014868,14.4207307889571,14,14.5543932354419
-0.259686605181432,11.1501231881904,12,10.7901478811129
-0.848031551174643,8.04377494970975,9,7.2581996811853
-0.812916191981454,8.2188127884419,9,7.45257660511009
0.826395329547959,16.0884231520889,16,16.397981819084
1.71355543800072,18.1898770607332,18,18.5586293668896
0.285690977239124,13.9361553639337,14,14.0047146212367
1.90870254188,18.4704749988439,19,18.8260317582333
0.745171910421338,15.8112569009335,16,16.0978273290539
3.72658376879719,19.6119370122524,19,19.7985153889963
1.31373157991109,17.433056200989,17,17.808012716413
0.415891984610907,14.5199006091848,15,14.66624510043
-0.0891441414764548,12.0636522687114,12,11.8482789721589
1.84310924288265,18.3817956920485,18,18.7422842729876
-1.59775782016046,4.88157249101559,5,3.87902662366585
-0.816816724906031,8.19927356028889,9,7.43084475439946
0.41431853992123,14.5130857894638,14,14.6585663066425
0.21363543954458,13.596577894924,15,13.6168034292441
0.217084885987116,13.6130880741349,12,13.6357059653961
-0.266254552894631,11.114599633251,11,10.7490587023541
1.93058858598949,18.4988697093278,18,18.8526866314779
0.146016718691371,13.2680353478533,13,13.239765692733
1.38269168908151,17.5834030276766,18,17.9600530679853
0.813903845085646,16.046844161024,16,16.3531370328365
-1.23827764286133,6.2500512404845,7,5.30858504525071
0.236326703257556,13.7047249751827,13,13.740560828219
3.00276181210789,19.3630265639553,19,19.6118419835395
-0.851324730276812,8.02746129792614,8,7.24011863593393
0.278564520973377,13.9030766755032,15,13.9670182189032
0.227840471619296,13.66440709274,15,13.6944468442245
0.800071610323769,16.0003604437474,16,16.302924682352
0.184198745572224,13.4546823501718,14,13.4541549411743
-0.159825010889524,11.6876614136527,10,11.4125888166778
-0.231379381027664,11.303038752774,11,10.9671003478695
-0.140796722551166,11.7893322578542,12,11.5304025525253
2.19624758651029,18.8004941996346,19,19.1304422894482
1.13246569132538,16.9932268482919,17,17.3561372990019
3.00276181210789,19.3630265639553,19,19.6118419835395
-0.399149773068832,10.3945533218899,11,9.91832654853818
0.194109566203138,13.502654598216,13,13.5091727456446
0.949070460760142,16.4769328862174,16,16.8137005915594
1.36364139893596,17.542761841361,17,17.9190840989495
-1.15117777024364,6.62418193449319,6,5.70854178235852
0.373715593623065,14.3351703204269,14,14.4576995005875
0.593710358545507,15.2508230989391,15,15.4827240372976
2.19624758651029,18.8004941996346,19,19.1304422894482
1.23151820228632,17.2418252225751,18,17.6127923297295
-0.201901220358783,11.4618758504387,11,11.1510178334014
0.854009961648285,16.1790034402631,17,16.495446328975
-0.517314700514373,9.75763525177756,10,9.18828067152358
-0.906142093253044,7.75856885794486,7,6.94297208439612
-0.941903960103101,7.58594803710868,8,6.75310030810582
-0.0137794649402315,12.4585625920654,12,12.3055994500758
-0.187667992854492,11.5383884224699,12,11.239643218271
1.11881403205753,16.957347687766,18,17.3188407364575
-0.0558148534858053,12.239160086063,12,12.0515916001104
-0.0414350497123729,12.3144724824167,12,12.1388059299912
-0.147372937999441,11.7542286064332,12,11.4897242251244
2.60710855521419,19.1398407117522,19,19.4281870774414
0.46585722870766,14.7331749666459,15,14.9059753384243
0.415154328392387,14.5167064572484,15,14.6626461391532
-0.471878990214622,10.0017110471937,11,9.4673917357303
-1.88674962282814,3.98883951001568,4,2.97909898776405
-1.76290961940936,4.34924388769859,5,3.33884530493861
0.287803375308631,13.9459386030279,14,14.0158596185455
0.103496131027455,13.0568997182462,13,12.9967150420983
0.437345091977752,14.6122182678574,14,14.7701546982679
0.59217287467123,15.2448404116278,15,15.476102935953
0.601390128434077,15.2806181918746,15,15.5156821687095
-0.270448921619159,11.0919065871808,12,10.7228142300249
-0.376798347203152,10.5156185304641,10,10.0576612428884
0.719938667807172,15.7218519569349,17,16.0004121382378
-0.219777262856783,11.3656096495357,12,11.0395392419897
0.436574693056163,14.6089224346298,14,14.7664486535185
-0.0838207618833208,12.0917693095083,12,11.8808555497988
-0.360250895885732,10.6052995175612,10,10.16097612061
-0.8097993271636,8.23444335500145,8,7.46996724635077
1.72250322992769,18.2038852072794,18,18.5721393977653
-0.0696568218911404,12.1664260503551,12,11.96734469411
-0.185991069752737,11.5473943259353,12,11.2500759449487
1.94107791658048,18.5122725027956,19,18.8652402774938
2.60710855521419,19.1398407117522,19,19.4281870774414
0.344271023110221,14.2036981488867,15,14.3088143770703
1.1629393876455,17.0718873170744,17,17.4376844048582
1.02978801617084,16.7134273152295,17,17.0636685698984
-2.00583648714749,3.67229551600185,3,2.66766004745622
-1.91186778230671,3.91966983693113,4,2.91066453522646
0.593909093358748,15.2515959879745,15,15.4835793222847
-0.972539447001686,7.43990195646853,8,6.59301235684773
0.0846719431948119,12.9623804776128,14,12.8877469057713
1.63107922481483,18.0551904632419,18,18.427942731201
-1.46415658858858,5.35656632183927,5,4.36895099629114
0.764802940469185,15.8797258887351,16,16.1722380466634
-0.307931200022173,10.8889167704077,10,10.4882107587178
-0.299000330271063,10.9373090911837,10,10.544112855895
-0.87349714516305,7.9180898282726,7,7.1190542824186
1.26378316543283,17.3184670713919,18,17.6912720357272
-0.823556432960107,8.16556801739413,9,7.3933767635129
0.869623972423314,16.2294092330738,17,16.5495441777106
-0.414142657236752,10.3134118381966,11,9.82503311678832
1.94107791658048,18.5122725027956,19,18.8652402774938
-1.18482983220605,6.47773407137508,8,5.55154500591222
1.48670932709578,17.793740969339,17,18.1704713504291
0.291210845399174,13.9616986588586,14,14.0338095294291
-0.894886888746797,7.81336158164867,8,7.00338678289749
-0.178665980048833,11.5867112587442,11,11.2956242980653
-0.959313664928677,7.50274165452736,7,6.66183119374007
0.0650651029302877,12.8632794044796,14,12.7734011711821
-0.253729771511918,11.1823285040605,12,10.827405269551
-1.21007312068346,6.36944277596127,8,5.435815719412
-0.835591570868005,8.10555864964668,9,7.32673132606688
0.239768321818336,13.7210321425181,13,13.7592045878178
-0.51275505302447,9.78206919708477,11,9.21618218881367
-0.544348411248449,9.61308115401097,9,9.02340204147266
-0.575753273955888,9.44589266605307,9,8.83312820414144
-0.447720225003337,10.1319623402883,10,9.61668359509368
-0.701589076474538,8.78594493502081,8,8.08692060493316
0.41844032783419,14.530925153669,13,14.6786649388455
-1.45117800018548,5.40483912228516,5,4.41913035522033
-0.97108757347541,7.4467844878559,7,6.60054511563094
-0.96008749719884,7.49905608722717,7,6.65779232485703
0.320099224583775,14.0942555008895,13,14.1845929008666
-0.0171044393393373,12.4412933311743,13,12.285614528488
-0.221734840956511,11.3550570711248,11,11.0273212587528
1.59000366785102,17.9842352794613,19,18.3585433222317
0.578855683257724,15.1927727917623,15,15.4184330419707
1.34588903657412,17.504280693101,18,17.880203000715
-0.93921477437641,7.59884941831004,8,6.76726662863997
1.1941995032305,17.1505522598996,17,17.5189267811154
2.30988093323704,18.9079856577501,18,19.2267024664377
-0.35065244761426,10.6573315614422,11,10.2209553172336
-0.172104973202822,11.6218950364398,11,11.3363873595637
2.19624758651029,18.8004941996346,19,19.1304422894482
0.199378112787847,13.5280748569533,14,13.5383189468601
-0.288616102016206,10.9935586051378,12,10.6091133336941
0.869503105023672,16.2290212827988,16,16.5491281945565
-0.908526703993972,7.74698829033327,8,6.93021226967001
-0.0879918067943965,12.0697413014049,11,11.8553338949631
-0.516846646613672,9.76014275980263,10,9.19114361505578
2.60710855521419,19.1398407117522,19,19.4281870774414
1.46453273272802,17.7505003995896,18,18.1274420232827
1.46593824548388,17.7532662146682,18,18.1301979432077
-1.30010643781305,5.99432395932488,5,5.0373620830632
0.609344433845687,15.311322774736,16,15.5496175714566
0.955482890755748,16.4962669190422,15,16.8342270169192
0.555564540941083,15.1006427345537,15,15.3161903669872
-1.97342105030968,3.75562328460152,3,2.74920267747436
-0.254095702183928,11.1803504920398,10,10.8251167953198
1.35729803224237,17.5290793751043,17,17.9052693384748
-0.195931546210708,11.4939821854207,12,11.1882048502866
-0.178297736873581,11.5886867975003,12,11.2979130385106
-0.235829381718041,11.2790223916777,11,10.9393010321096
-1.15593527108059,6.6033347119225,6,5.68615873473717
0.366211912303408,14.3018598663481,14,14.4200134390083
-0.364473711412625,10.5824104358435,10,10.1345995040717
0.120195705033943,13.140220348104,15,13.0926927522304
-0.569281542880777,9.48027611594278,10,8.87222123390462
-0.660572185902613,8.99909899988083,9,8.32704024266586
-1.02041384961514,7.21516939996765,8,6.34768093428881
-0.494279884744195,9.88121559488436,10,9.32949124119629
-0.783796646518926,8.36542272413744,9,7.61590574857031
1.95582765665755,18.5308963522284,19,18.8826539992454
0.278032454439083,13.9006024513272,13,13.96419777321
0.552828494892187,15.0897310947702,16,15.3040643654567
-0.388473154245759,10.4523699757587,9,9.9848479971136
-0.323187463710966,10.8062263161311,10,10.3927308128125
2.60710855521419,19.1398407117522,19,19.4281870774414
0.457987685097337,14.6999891307518,15,14.8687487864851
-0.79239210055184,8.32201264063169,8,7.56749639619428
1.84310924288265,18.3817956920485,18,18.7422842729876
1.14373203535786,17.0225373543132,18,17.3865591122235
-1.28909838920195,6.03924624915689,6,5.08487712323359
-1.7628684373932,4.34936918509202,4,3.33897125538249
-0.708806881762869,8.74865431055121,10,8.04500496609677
-0.835689614045986,8.10507073802916,9,7.32618978954926
1.05458924544839,16.7831342651284,17,17.1368728349202
-1.1642588398024,6.56697433527996,6,5.64714673670037
-0.147388075923238,11.7541477583061,12,11.4896305381806
0.262997592177915,13.8304277308244,14,13.8841565015131
-0.207089370413821,11.4339552852088,11,11.1186816983785
0.222002769195905,13.6365834727708,15,13.6626076876884
-0.258364682018559,11.1572711971225,12,10.7984166950085
0.412137585852149,14.5036298625753,15,14.6479097147168
-0.745322418407082,8.56106002325141,8,7.83457431273007
1.95275994115551,18.5270441836074,19,18.8790550379686
0.960259236556663,16.510606165486,17,16.8494403437398
-0.241400321910452,11.2489437972871,11,10.9044884747564
-0.676749561390478,8.91478323494572,9,8.2319515288322
-0.185932361674406,11.5477095831589,11,11.2504411547192
1.07583122451533,16.8417527520222,17,17.1982596467431
0.0781270940084138,12.9293729083401,14,12.8496722181487
0.309701348080281,14.0467627885128,15,14.1306100814454
0.907634387099353,16.3496892686441,16,16.6782243231976
-0.741651185532693,8.5798382550101,8,7.85560572389722
0.835692773998902,16.1191254382157,15,16.4310531100149
0.320349910905025,14.0953974606953,14,14.1858903533266
-0.0121428191105736,12.4670573949131,14,12.315429508151
0.669950741801877,15.5400736937669,15,15.8014937519544
0.166971876978557,13.3708271250902,15,13.3578947641847
1.79539916523526,18.3137901670476,18,18.6775704269649
-0.573508627387707,9.4578139172559,9,8.8466800679219
-0.415767138040278,10.3046240769279,10,9.81492487160093
-0.569152634030575,9.48096137142636,9,8.87300055523862
0.827820257978928,16.0931421438478,16,16.4030672888159
-2.00300502930104,3.67949103856779,4,2.67468845654924
0.391088960650891,14.4117808396068,14,14.544287335316
1.23151820228632,17.2418252225751,18,17.6127923297295
-1.09986492039061,6.85199507090897,7,5.95386030571254
0.873173114848451,16.2407854388014,15,16.5617397457035
-0.635644228677398,9.12961796917972,9,8.47450318565145
1.28616825585345,17.3704248947304,18,17.7442953154624
-0.893015726951565,7.8224919919356,8,7.01346080466183
-0.91292662879958,7.72564666279309,9,6.90670564879304
-0.398273949428913,10.3992951366459,9,9.92378086720946
1.95582765665755,18.5308963522284,19,18.8826539992454
1.18257045531906,17.1215256417846,18,17.4889856116799
-0.551876636330119,9.57292756194005,10,8.97766193263415
2.19624758651029,18.8004941996346,19,19.1304422894482
-0.406398518936954,10.35531529921,11,9.87320254048944
-0.919759508408302,7.69257142542358,7,6.87029622353629
0.877302431349335,16.2539835015575,16,16.5758819272042
-0.663522886580567,8.98369686819189,9,8.30965994763191
-0.837774901308233,8.09469696742465,9,7.31467712538551
0.0939901414786351,13.0092466509338,13,12.9417889794501
1.77063008309199,18.277275553367,18,18.642655646754
-0.282083737954083,11.0289313254061,10,10.6500005908068
2.60710855521419,19.1398407117522,19,19.4281870774414
0.190697079278719,13.486159364742,14,13.4902624330767
0.517091582576147,14.945493824779,16,15.1434515903089
-1.04855478473308,7.08511483542148,7,6.20627272876211
0.998782749312912,16.6243413872997,17,16.9697947416426
0.483958341006529,14.808928783311,15,14.9908446596406
2.06165381668634,18.6571705963299,19,18.9997556537595
-0.435890090420588,10.1958418258106,9,9.68998308259825
1.48670932709578,17.793740969339,17,18.1704713504291
0.696019711984487,15.6356473539472,16,15.9062196846648
-1.33300533209009,5.86165003468344,6,4.89735696612184
-0.395054296293185,10.4167283176563,10,9.94383574547869
0.0389711265243529,12.730400098619,13,12.6199432872136
-0.808648799220441,8.24021687130047,7,7.47639224787846
-0.00546270708037229,12.5016908615769,13,12.3555027105705
0.284903847505421,13.9325073398297,14,14.0005583496156
-1.57524104467695,4.95882857131334,6,3.958224573989
1.07898932110268,16.8503828991696,16,17.2072838709426
0.659130981477221,15.4999089430813,16,15.757391604156
1.74913085932022,18.2448940507104,18,18.611597637299
0.10893616526789,13.0840977025612,14,13.0280531368934
-0.544308443034979,9.6132944564421,10,9.02364509018116
-0.465967004724243,10.0335585057636,10,9.50387353363977
-1.23898984050065,6.24705850792626,7,5.30540071744546
-0.934227857331085,7.62280856496806,8,6.79358538625119
0.336125602558391,14.1669694487369,14,14.2671539629314
-0.0577060269541676,12.2292362743872,12,12.0400979603537
0.813507990617367,16.0455203409116,15,16.3517081534731
1.36364139893596,17.542761841361,17,17.9190840989495
0.826395329547959,16.0884231520889,16,16.397981819084
0.805227890598617,16.01774270509,16,16.3217107721175
1.94107791658048,18.5122725027956,19,18.8652402774938
0.593683118242373,15.2507171524165,15,15.4826067940598
0.337440689936535,14.1729097895392,15,14.273893879757
2.05901815022134,18.6541768924592,19,18.9969997338346
0.0923850552640444,13.0011846505883,12,12.9324941651117
-0.426641228273557,10.2458220964128,10,9.74736980095633
0.548393585889816,15.0720045039168,15,15.28435754474
0.852500675805882,16.1741001477396,16,16.4901785497269
-0.622323475646693,9.19964586768829,9,8.55375318306122
-0.96259769084109,7.48710822474408,7,6.6447013788019
0.609344433845687,15.311322774736,16,15.5496175714566
-0.775877872933638,8.40551285308382,9,7.66064896065994
0.00726902313793223,12.5675234244295,12,12.431655963203
0.762975596762122,15.8733925109061,16,16.1653621690423
-0.281350314734401,11.0329021648843,12,10.6545910072234
0.247843663519188,13.7591948593179,13,13.802817806598
0.57347782219913,15.1716206431082,15,15.3949815529186
-1.64622736453373,4.7191030969779,4,3.71311743120824
-1.33631330440751,5.84844134683673,6,4.88344527820617
0.165472459930378,13.363500503873,12,13.3494796342846
-0.0825828896473423,12.0983030350425,12,11.8884253329443
0.28426193702665,13.9295313209208,15,13.9971675258319
-1.0974186645174,6.86298972861326,6,5.96573402463398
-0.144851508044727,11.7676922827775,12,11.5053259174905
1.46453273272802,17.7505003995896,18,18.1274420232827
-0.846571607947445,8.05101283229556,8,7.266223629595
-0.123270651349823,11.882699498218,12,11.6385991711797
0.252344044977793,13.7804016909068,15,13.8270425915825
-0.335491200128276,10.7395259745275,11,10.3157559833577
0.486020446986069,14.8175074837099,14,15.0004460192309
-0.0235179268712575,12.4079402256354,14,12.2470121511434
-1.24784108671326,6.20995560022771,7,5.26594247791177
3.69659690528677e-05,12.5301568936608,13,12.3884346287317
-1.49760372407749,5.23390083919305,5,4.24175718475884
1.71355543800072,18.1898770607332,18,18.5586293668896
-0.0838207618833208,12.0917693095083,12,11.8808555497988
-1.13569045950848,6.69237151888255,6,5.78183363967657
1.58919360358741,17.9828091987941,17,18.3571447558859
2.05901815022134,18.6541768924592,19,18.9969997338346
-0.610154739986423,9.26378159455898,10,8.62641361090554
0.255279984425319,13.7942127786348,15,13.8428149119008
-1.14310801933454,6.65965064693567,7,5.74664941249014
1.21366892070711,17.1985248424443,17,17.568316031221
0.277853283794915,13.8997691273597,15,13.9632478174557
0.968246835397578,16.5344683392185,17,16.8747376049106
-3.02602876746303,1.91929491087633,2,1.05959956525272
-1.31324161559809,5.94106789022949,7,4.98110445136754
-1.31324161559809,5.94106789022949,7,4.98110445136754
1.95275994115551,18.5270441836074,19,18.8790550379686
0.629766178280638,15.3894280754299,15,15.6358079676637
3.00276181210789,19.3630265639553,19,19.6118419835395
-0.428658093320572,10.2349203540624,9,9.73484990222166
0.0781225963702733,12.9293502001531,12,12.8496460198167
1.44600258006088,17.7137129196393,18,18.090739703674
0.309198707843608,14.0444606953422,14,14.1279922419156
0.300957623949718,14.0066345134642,15,14.0849629147692
-0.0548464433945333,12.2442400680137,13,12.0574750442397
-1.00953099169883,7.26587467294981,8,6.40292595155811
-1.29111556495864,6.03099464711961,6,5.07614510451802
0.760917853123847,15.8662507681531,16,16.1576069361444
-0.00933752672018292,12.481609235713,12,12.3322677639356
-0.292428278058546,10.9729112437731,11,10.5852511268552
0.884364897052436,16.2764623812132,16,16.5999527948144
2.19624758651029,18.8004941996346,19,19.1304422894482
0.0165975031218108,12.6156085016567,13,12.4872621669113
0.696019711984487,15.6356473539472,16,15.9062196846648
0.106775610658808,13.0733021755474,13,13.015615272305
-1.16167562404889,6.57824331401354,5,5.65923383521005
-1.46137358170895,5.36688573831892,5,4.37967211568663
-0.0683440313796321,12.1733339874106,14,11.9753467514758
-0.935550017769604,7.61645203247522,7,6.78660150426689
0.88832661017085,16.2890200893802,17,16.6133910248409
-1.01517582219358,7.2395460541155,8,6.37423218706576
-1.89414480107532,3.96833936799908,4,2.95879539543624
-0.371137542328948,10.5462941286098,11,10.0929910486676
-0.278163362934816,11.0501550919201,11,10.6745371715489
0.207965185937901,13.5693841992995,14,13.5856579269072
-0.568108429893965,9.48651270810839,8,8.87931420788455
-0.152971978833581,11.7243124452299,13,11.4550579739954
-1.15363406559202,6.61341265421186,7,5.69697771387302
-0.0369200726456693,12.3380651686375,13,12.1661224846143
0.916520022377136,16.3773143266455,16,16.7076891004418
1.13246569132538,16.9932268482919,17,17.3561372990019
0.708806938596653,15.6819095617657,15,15.9568005228883
-1.19114849936531,6.45050118084006,8,5.52241246944898
-0.220899888076729,11.3595582360281,11,11.032532739402
-0.607724115576834,9.27661053619847,9,8.64095662983428
-1.04316559382526,7.10990201498398,7,6.23319142530357
-1.17088361659467,6.53813820476285,6,5.61623222377706
0.987857114626274,16.5924301007649,16,16.9360830016893
-0.277497584869235,11.0537590194455,10,10.6787039327397
0.323741918333879,14.1108349767546,13,14.2034272454413
0.160038522804702,13.3369115386457,14,13.3189342493782
0.120834276052296,13.1433963180995,13,13.0963496186383
0.450926645645147,14.6700834074023,14,14.8351773631093
-0.750791084234882,8.53312297974355,8,7.80329878526659
-0.189561287880727,11.5282182516105,13,11.2278620247288
1.1629393876455,17.0718873170744,17,17.4376844048582
-1.02547723989843,7.19165557963437,7,6.32208336314238
-1.81431909526693,4.19567471556315,4,3.18492704042672
0.039557041806812,12.7333957962416,13,12.623404522669
-0.585811173078668,9.39253213236004,10,8.77249869788604
-0.307693708197255,10.890203786271,10,10.4896972671729
0.643689335681442,15.4420806611197,16,15.6938012276335
0.555651881456579,15.1009907497764,14,15.3165770572006
0.449676066707656,14.6647740796091,15,14.8292148463724
-0.9619072811935,7.4903932410744,7,6.64830034007872
-0.55082088496187,9.57855587430746,10,8.98407172456217
0.00897244751721582,12.5763135776747,13,12.4418221369115
0.0373115767474913,12.7219121305209,12,12.6101358887573
0.091435021546858,12.9964107045103,12,12.9269898874353
-0.0183938523747032,12.4345922855602,13,12.2778592955901
-0.610380416892965,9.26259076664084,8,8.62506382527782
-0.847238097106723,8.04770818399612,8,7.26255993362754
-1.62267477740044,4.7973987385214,5,3.79296047529787
2.02461989761582,18.6144120258249,19,18.9602974142258
0.614821438538151,15.3323726203444,16,15.5728653386879
-0.283969388190218,11.0187215801718,11,10.6381982858607
-0.81291083249669,8.21883965242341,8,7.45260648830167
1.95275994115551,18.5270441836074,19,18.8790550379686
-0.340121467246336,10.7144234543344,11,10.2867968658838
1.51633328592863,17.8501880068357,17,18.2264581201972
0.119951529640927,13.1390057290649,13,13.0912941858846
1.30495418727609,17.4132714270768,18,17.7879085342426
0.57003861085805,15.1580556529772,14,15.3799349095079
-0.806424479435128,8.25138463405599,9,7.48882226789541
0.839929945712105,16.1330483441845,16,16.4460383328675
-1.45869840869415,5.3768216468257,5,4.38999781875709
-0.941519165531171,7.58779329251005,7,6.75512624060102
-0.940363096597708,7.59333874448856,8,6.76121516539862
-0.106015307229913,11.974342003209,13,11.7447947201619
0.518660951364806,14.951894706431,14,15.150591725548
1.20972483027842,17.1888694003004,17,17.5583850206491
-0.447757687657097,10.131760147221,10,9.61645166980405
-1.95650003562298,3.79995473078941,4,2.79271612905739
-1.58864699193199,4.91269585365721,5,3.91090888146694
0.248909929705067,13.7642233231169,14,13.8085625804722
0.340793085585982,14.1880346014788,15,14.2910511309007
0.920861922691483,16.3907456218521,17,16.7220064514398
-0.170079163249466,11.632752250254,11,11.3489667625534
0.0355601931271863,12.7129497726479,13,12.5997797547659
0.392014933842028,14.4158438386274,14,14.5488753314188
0.936126550205025,16.4376149853727,16,16.7719090919157
-0.0521612156620548,12.2583199316545,13,12.0737813420831
0.733745830553547,15.7709676951491,15,16.0539633654798
0.00655273625310925,12.5638259115779,12,12.4273794908283
0.0972429807918806,13.0255710275714,13,12.9606075501959
1.1629393876455,17.0718873170744,17,17.4376844048582
1.40617512400057,17.6325828519373,18,18.0094973274168
-0.967299585267349,7.46475959034703,9,6.62022380469031
-0.415323823235375,10.3070221425637,10,9.81768079152586
-0.886282008334566,7.85539910165592,7,7.04978483898137
1.27606125094785,17.3470878348234,18,17.7204979690043
0.21363543954458,13.596577894924,15,13.6168034292441
1.0850902170551,16.8669929849758,16,17.2246425929107
0.609344433845687,15.311322774736,16,15.5496175714566
-0.900505749075019,7.78598037297123,9,6.97318739744042
-0.55054342398805,9.58003519789778,10,8.98575653352492
-1.29503253903574,6.01499695190185,6,5.05922134387257
-1.81044769005631,4.20704221015545,5,3.19628902862334
1.1941995032305,17.1505522598996,17,17.5189267811154
3.00276181210789,19.3630265639553,19,19.6118419835395
-0.50268542732443,9.83607986274057,11,9.27788989955763
1.48670932709578,17.793740969339,17,18.1704713504291
1.71355543800072,18.1898770607332,18,18.5586293668896
-0.457250665800832,10.080545332237,11,9.55772302203095
-0.561827237961857,9.51992576617045,10,8.9173265111073
-0.88727390267153,7.85054693118276,8,7.04442726631287
-1.11168553189646,6.79903821662627,7,5.89672208276186
-0.216896106020168,11.3811372406431,12,11.057518214598
-0.802496910602557,8.27112260504748,8,7.51079785389834
-0.899159218218662,7.792537172357,8,6.9804174592579
-1.46380043521086,5.3578859746382,5,4.37032184074848
-0.453411912863694,10.1012504634912,9,9.58146166414014
0.0334230680026469,12.7020069558473,13,12.5871343331517
-1.14714235503515,6.64190180857308,6,5.72757596321648
0.838644382397837,16.1288286901106,14,16.441497510957
-1.69516377607255,4.5603488907372,5,3.55187148111897
2.05901815022134,18.6541768924592,19,18.9969997338346
-2.94593999729579,2.0091535419928,1,1.13475972250617
-1.07244539234552,6.97591968535793,7,6.08787738939901
-0.419579229814372,10.2840055576161,10,9.79124212874266
-1.49247529043799,5.25254642123107,5,4.26106157589122
0.0373570525137157,12.7221447795875,11,12.6104047108407
-0.550504640985667,9.58024198016582,11,8.98599204163898
3.00276181210789,19.3630265639553,19,19.6118419835395
0.746117756883421,15.8145775843679,15,16.1014400713483
-0.364499254809518,10.582271987362,11,10.1344399747098
0.222002769195905,13.6365834727708,15,13.6626076876884
-1.2241698474844,6.30955791583051,6,5.37195126245656
-0.0353799897426751,12.3461067398301,13,12.1754327961337
-0.23627718469792,11.2766051253305,11,10.9365031588868
-2.21631334979695,3.18014844674843,4,2.19328876245792
1.59000366785102,17.9842352794613,19,18.3585433222317
-1.99359460818251,3.70351943421728,4,2.69817668285872
-1.14441277348151,6.65390676959913,8,5.74047597090002
-1.26369283024925,6.1439299139509,7,5.19581736692058
1.28039770153135,17.3571252558681,18,17.7307370255955
0.461500305961763,14.7148206355167,14,14.8853897135937
0.397893995891766,14.4415921500526,15,14.577941735334
0.583435360567832,15.2107284959985,16,15.4383300214492
1.46453273272802,17.7505003995896,18,18.1274420232827
-1.67759496120767,4.61673589844465,5,3.60904298976602
0.701739528903665,15.6563909863899,16,15.9289088473922
1.20972483027842,17.1888694003004,17,17.5583850206491
-0.734061354556237,8.61871923253596,8,7.89917532796463
-2.48770677040734,2.65868532139475,3,1.70698862821883
0.388201855569719,14.3990995888545,15,14.5299650188509
-1.11093128447536,6.80240880879468,7,5.90035723228726
-0.198266640654568,11.4814261027211,11,11.1736614415719
-1.12573858010424,6.73644985697395,7,5.82927403572453
-1.35739814540245,5.76481733089575,5,4.79548454971779
1.00626225402983,16.6460307715459,17,16.9926823007766
-1.34627814615909,5.80879769588932,5,4.84172112852259
0.216719749014603,13.6113415891391,15,13.633706660469
-1.71886981648885,4.48533871540902,4,3.47599283129989
-0.861449452382596,7.97741723119274,8,7.18469053129928
-0.953792493641686,7.52906936649769,8,6.69069216607527
-1.29503253903574,6.01499695190185,6,5.05922134387257
-0.0337384600582274,12.3546746190924,12,12.1853521453743
-1.85233095925328,4.08575062194661,5,3.07532212309553
-0.920354310118098,7.68969611873496,9,6.86713228317405
-1.00432496762051,7.29021045864967,6,6.42946299214452
1.1941995032305,17.1505522598996,17,17.5189267811154
-1.08340073911558,6.92622544063122,7,6.03409284038619
-1.17575357400956,6.51699896566286,6,5.59358317829496
1.32144508567135,17.4503205006092,18,17.8255376917197
0.686670267853761,15.601565216918,17,15.8689091525049
-0.515263583461833,9.76862485303712,10,9.20082874546904
0.712505912306299,15.6952161574692,17,15.9713356519612
-0.599203075462464,9.32163183027634,10,8.69201644293917
0.246900271231936,13.7547438100802,13,13.7977323368661
-0.0120602763291932,12.4674857242273,12,12.3159251531462
-0.421960780397191,10.2711268558466,11,9.77643620487154
0.696019711984487,15.6356473539472,16,15.9062196846648
-0.550504640985667,9.58024198016582,11,8.98599204163898
-0.332707327839463,10.7546182861167,11,10.3331697051093
-0.198503554350246,11.4801520002281,10,11.1721857055003
-0.892557485183555,7.82472891814624,8,7.01592920798799
0.504717578810344,14.8948104382544,15,15.0868743245974
2.02461989761582,18.6144120258249,19,18.9602974142258
-0.535860875582709,9.658405793447,10,9.07506388680809
0.879339447172626,16.260479224652,15,16.5828397654396
-0.392611865817815,10.4299547440355,10,9.95905351845201
-1.91996869795283,3.89763905486498,5,2.88891129707255
-0.509702433197905,9.79843539782567,10,9.23487609441858
-0.35100054524239,10.6554444694792,11,10.2187795395596
-1.36672772290518,5.728129271194,6,4.75695632554353
1.02506081089144,16.6999848850856,16,17.0495263883977
2.60710855521419,19.1398407117522,19,19.4281870774414
-0.300310302372796,10.9302117543769,11,10.5359130042626
1.56072405405434,17.9320210739237,18,18.30724211541
-1.36107893166902,5.7503198162046,6,4.78025531160774
-0.91099584161343,7.73500768551756,8,6.91701498267689
2.60710855521419,19.1398407117522,19,19.4281870774414
-1.10530301681718,6.82759698050746,6,5.92753161251636
3.72658376879719,19.6119370122524,19,19.7985153889963
0.739361415040206,15.7908089481994,16,16.0755722954912
0.827403565872145,16.0917626761057,16,16.4015807803608
1.56072405405434,17.9320210739237,18,18.30724211541
-1.22432931825718,6.30888288721485,7,5.37123192090033
-1.15475172456796,6.60851658326826,7,5.69172130123048
1.23151820228632,17.2418252225751,18,17.6127923297295
-0.0131353945508589,12.4619060012991,14,12.3094684376351
-0.356292369745562,10.6267574654502,11,10.1857082670939
0.613994822792239,15.329200487208,16,15.569362875026
1.70935448360794,18.1832603440711,17,18.5522424182868
-0.872646325771971,7.92227162160451,7,7.12367812566321
0.374170060758759,14.3371835121614,14,14.45998339358
-1.63456083362986,4.75773213218717,4,3.7524840336096
1.83666698582165,18.3727887498077,19,18.733737291761
-0.0339215563031603,12.3537191319819,13,12.1842459582894
0.219474178702838,13.6245093788779,13,13.6487791416097
1.40617512400057,17.6325828519373,18,18.0094973274168
1.15771483470329,17.0585407556459,17,17.4238696443834
0.410578794680507,14.4968643976068,15,14.6402838813846
0.252188502268619,13.7796694718562,15,13.8262063005653
0.858864591495693,16.1947378748378,17,16.5123440102324
-0.822072243115557,8.17298437287952,9,7.40161882112235
-1.15600935764553,6.60301043870717,8,5.68581066190469
-0.0986592907509939,12.0133189598743,12,11.7899589422807
0.103012059056302,13.0544769773935,13,12.993923119182
-0.324870239810802,10.7971042040281,10,10.3822012673229
0.668943970491242,15.5363487174523,16,15.7974058616593
0.720861769072103,15.7251503953805,17,16.0040110995146
-1.82006438814286,4.1788638005468,4,3.1681336206472
-1.94048891703117,3.84243425061412,5,2.83449570835043
-1.07050834074555,6.98473117043371,7,6.09741376991559
-0.480620070862882,9.95465801313107,10,9.41351752106068
-0.356975991242411,10.623051679177,9,10.1814367047255
-0.146892489755382,11.7567944687137,11,11.4926975333383
-0.0183938523747032,12.4345922855602,13,12.2778592955901
1.99623247952642,18.5806058009672,18,18.9289576784444
1.58545234440413,17.9762093068027,18,18.3506702949998
-1.2139642394384,6.35287044772919,6,5.41813253348081
-1.5149677192908,5.17120762544358,5,4.1769272434655
-0.797972769626954,8.29388795087847,8,7.53615461348702
-0.74956399513485,8.53938798485184,8,7.8103110355003
0.587172547966585,15.2253421381894,15,15.4545163895779
0.127182625412692,13.1749291825718,13,13.1326507110331
3.72658376879719,19.6119370122524,19,19.7985153889963
0.747125396368494,15.8181127839947,16,16.1052857635652
-1.07833963627604,6.94915320340328,7,6.0589000284279
0.0689465998177021,12.8829497667538,14,12.79610476511
1.1344110800659,16.9983072679362,17,17.3614133578917
0.0654405030764854,12.8651829297938,13,12.775598380803
0.163134713811577,13.3520687112276,14,13.3363479711297
0.119768994893407,13.1380976617661,12,13.0902485877791
-0.972715217143495,7.43906899195046,7,6.59210077524746
0.534079507061884,15.0144554551581,15,15.220316880211
-1.16103791860657,6.58102737132835,7,5.66222052168112
3.72658376879719,19.6119370122524,19,19.7985153889963
-0.545422635405645,9.60734871247148,10,9.01687045189463
-0.719518661039896,8.69343776351305,10,7.98299177547356
0.916520022377136,16.3773143266455,16,16.7076891004418
0.606100532717501,15.2988200449123,16,15.5358028109818
-0.245948324049055,11.2243783522463,12,10.8760601099889
0.460079408924586,14.7088247631435,14,14.8786630413942
0.969719358943519,16.5388513094255,16,16.8793815131753
0.408722748756036,14.4888011396946,13,14.6311937829445
-0.900954318452503,7.78379680512288,8,6.97077984029249
-0.344600112934209,10.6901429483152,12,10.2587915204277
2.19624758651029,18.8004941996346,19,19.1304422894482
0.530562202015772,15.0002361172958,15,15.2044789118041
0.424634118145041,14.5576549153083,14,14.7087653970757
-0.245811086634839,11.2251197480805,11,10.8769180428133
1.01337357678125,16.6665349261922,17,17.014300011046
-0.19022463033001,11.5246544320364,13,11.22373373679
-0.320498283062064,10.8208035875826,12,10.4095586369456
0.698300798872161,15.6439297508412,15,15.9152806461217
1.02506081089144,16.6999848850856,16,17.0495263883977
-1.27842781780536,6.08304351958366,7,5.13125557493556
-0.291755160179933,10.9765571823374,12,10.5894645277397
1.48226446704178,17.7851423102877,18,18.1619243692024
-0.551294602699369,9.57603032566448,9,8.98119544418758
-0.276111448901715,11.0612619353539,12,10.6873788652743
1.31373157991109,17.433056200989,17,17.808012716413
0.461730437770879,14.715791274487,15,14.8864785699309
-0.681668847091992,8.88920674839093,9,8.20313447628404
-1.52002404562438,5.15307860445468,5,4.1582030129211
-0.187063184288887,11.541636758921,12,11.2434061728881
0.627399601008885,15.3804302862477,16,15.6258886184231
-1.23065115787328,6.28216680286845,6,5.34277180403045
2.30988093323704,18.9079856577501,18,19.2267024664377
-2.33835733012985,2.93100713763421,3,1.95855104919575
0.107242671708833,13.0756366278263,13,13.0183049764439
-0.951717784267128,7.5389769908679,7,6.70155740353387
1.02341166593012,16.6952835147512,17,17.0445783684478
0.696019711984487,15.6356473539472,16,15.9062196846648
-0.809375356321939,8.23657066379329,8,7.47233451377726
-0.87716118458722,7.90009491782984,8,7.09916174117183
-2.22139061726809,3.16927680788452,4,2.18296305938746
-1.5806517335777,4.94016093814431,6,3.93906992678313
-1.47208475504162,5.3272636593306,6,4.33852513746115
-0.620989440378551,9.20666940976113,9,8.56170663242451
-0.110260055210441,11.9518254838608,12,11.7187031104551
-0.309058893683844,10.8828054672248,11,10.481152355263
-2.36168385736098,2.88619317655249,2,1.9167714699027
-1.37872775992132,5.68122344657221,6,4.70775372667011
-0.268361552769059,11.1032006867313,10,10.7358754413868
-0.959707046314758,7.50086794148125,6,6.65977782424082
-0.0198464949383247,12.4270402184891,12,12.2691188834239
-1.25211570908409,6.19209752347586,5,5.24696398568266
-1.14579046054449,6.64784564303894,7,5.73396248199333
-1.28154719009548,6.0702144457358,6,5.11766498128453
-0.975632554574148,7.42525226001371,7,6.57698243967797
-0.721967142541497,8.68083781644324,9,7.96884959397285
-1.58743940628629,4.91683496891224,5,3.91515130984696
-1.05312318137176,7.06414738734106,6,6.18351418948203
-1.67771234523985,4.61635689992394,4,3.60865834582447
-1.29296455487027,6.02343883481014,6,5.06815102765306
-1.18405655391078,6.48107260903916,6,5.55511776885709
-1.04581901387026,7.09769071073218,8,6.21992812536797
-1.16221895048497,6.57587195985317,7,5.65669004579215
-1.2887219973708,6.04078692650527,6,5.08650770726898
-0.366500790155248,10.5714236265332,10,10.1219405408912
-1.29280942965565,6.02407246018885,5,5.06882134492108
-1.38679061054564,5.64988687501274,4,4.67491785718333
-1.57285839747794,4.967069778973,5,3.96668437082404
-1.70978455859959,4.51394059633941,5,3.50490206800859
0.888077672845039,16.2882321128435,17,16.6125479834891
-1.00716085557183,7.27694758289213,8,6.41499864619876
-0.206368344946845,11.4378365047827,11,11.1231765643436
-1.25830061172963,6.16632866545677,5,5.21959358625732
-0.138636890581971,11.8008532588703,12,11.5437533148588
-2.28391687262365,3.03904399697377,3,2.05984391149321
0.686842022793228,15.6021932879189,15,15.8695970761152
-1.35728319947559,5.76527055130543,6,4.7959607414633
0.490696820873933,14.8369230227676,14,15.0221687582164
-0.433245881597454,10.2101276422484,10,9.70638268522367
-1.23898984050065,6.24705850792626,7,5.30540071744546
-0.770660356462127,8.43197794728872,8,7.69020465526596
-1.01442761694434,7.24303233205236,7,6.37803066497535
-1.05575098031786,7.05210521875173,7,6.17044831296054
-1.37085666678267,5.71195398353555,7,4.73998190438632
-1.41249500475063,5.55095122081826,5,4.5714347011784
-0.897470861203431,7.80076288760744,7,6.98948921946825
-1.5845048683965,4.92690694347625,5,3.92547701291741
-0.893353304597686,7.82084432326225,8,7.01164270925934
-0.996745052224383,7.32573506097035,6,6.46822694898609
3.00276181210789,19.3630265639553,19,19.6118419835395
-0.055443288668457,12.2411093365036,12,12.0538491596414
0.757176799710014,15.8532401468744,15,16.143473928345
-0.985315741092122,7.37950540512176,6,6.52695897911583
-0.730640140125272,8.6362712180645,9,7.91885416123947
-0.604320316393471,9.29458596541653,9,8.66133870683909
1.54601126104356,17.9052589588785,17,18.2808737089193
-1.0693169238501,6.99015452854845,7,6.10328856220137
-1.39610753203805,5.61385629352412,5,4.637198336208
0.41070781933473,14.4974246130318,14,14.640915380892
-0.88091594555956,7.88167795383182,7,7.07881035183735
3.00276181210789,19.3630265639553,19,19.6118419835395
0.930441947187195,16.4202243212589,17,16.7534111086089
-1.17383622091638,6.52531577382497,6,5.60249259337599
0.938544692181908,16.44498985171,16,16.7797528869417
-2.62954508144687,2.43001767505824,3,1.50050893437155
-0.609039694179469,9.26966611052632,10,8.6330839923883
-0.806029814383182,8.25336694785621,9,7.49102892018535
-1.08215656677075,6.93185703147704,7,6.04018483216744
-1.28139085085661,6.07085691987455,6,5.11834548489072
-0.306685198511365,10.8956690148837,11,10.4960097729221
-1.29376181958988,6.0201831511927,6,5.0647069864764
-0.236495103215861,11.2754287558503,12,10.9351415751784
-1.10179106286626,6.84334656331019,8,5.94453135191397
-0.826963362528644,8.14855708263985,9,7.37447653330624
-0.98745267901479,7.36943332292796,6,6.5159521364557
-0.549124070015815,9.58760367858618,9,8.99437687940783
0.230915841272489,13.6790358334049,14,13.7111817319712
-1.22399979167228,6.31027781006068,7,5.37271842935541
0.114758377518234,13.1131471366204,13,13.0615154650062
-0.946948007744442,7.56178437363531,8,6.7265781356398
-1.30222526732459,5.98570769869525,6,5.02825488222153
0.174753698610019,13.4087800508382,14,13.4014744506135
-1.32197926181899,5.90585095160987,6,4.94394588098627
1.42083730174878,17.6627807891641,17,18.0397847147404
-0.536269072111273,9.65622467801465,10,9.07257706075058
-0.289379979264553,10.9894215727318,10,10.6043319121945
-0.790659461070496,8.33075414831898,9,7.5772413229191
-1.8495474567568,4.09369647407436,3,3.08322853809267
-1.62596790932988,4.78637733565698,5,3.78170875423337
0.163167798287439,13.3522305722975,13,13.3365339124201
0.255288563252101,13.7942531071641,14,13.8428609611857
0.358031855550199,14.2653952507274,14,14.3787304561965
-0.62375849122615,9.1920927754494,8,8.54520107652111
-0.414950892418861,10.3090395210761,10,9.82000819534341
1.54601126104356,17.9052589588785,17,18.2808737089193
-0.684308458701779,8.87549506692931,9,8.1876907974647
-2.20189786817584,3.21126238454273,2,2.22287978998364
-1.54505037322499,5.06419200692581,5,4.0665467807776
-1.76282582126083,4.34949884968299,4,3.33910159624843
-1.37468286069049,5.696998480935,5,4.72429417725525
-0.686741396191811,8.86286461199707,9,8.17346819383263
-0.408044833327407,10.3464056494585,10,9.86295886762733
-1.34687081146337,5.80644676944752,6,4.83924821665469
0.084431244620712,12.9611678732565,12,12.8863483394255
-1.04177250519139,7.11631865158636,7,6.24016233740298
-0.762384416685693,8.47403784966802,9,7.73720709439924
-1.19685257461618,6.42598949794711,6,5.49620768147236
-1.1274374859404,6.72891076105884,7,5.82115635132579
-0.299731729021322,10.933346460826,10,10.5395346160587
-0.571362515180947,9.46921609568446,10,8.85964411485316
-2.30727622368115,2.992088678396,3,2.0157225578428
-0.86596618338004,7.95514677542975,8,7.16004241237189
-2.30875305083368,2.9891505197954,3,2.01296663791787
0.492774278924844,14.8455309362493,15,15.0317963161386
2.60710855521419,19.1398407117522,19,19.4281870774414
-0.0813344005412029,12.1048910728629,10,11.8960579456816
-0.964820435620797,7.47653819966828,7,6.63312295099627
-0.37830677154046,10.5074452704814,12,10.0482495785027
0.493825350114355,14.8498819635146,15,15.036661974113
-0.685762896669382,8.86794355213597,9,8.17918698881904
-1.17443765126809,6.5227061494003,7,5.59969682600086
-1.07869979443348,6.947519926695,7,6.057132430003
-0.595975242467392,9.33870499216214,9,8.71138894159269
-0.799306524374307,8.28717328573275,8,7.52867442813308
-0.289749125689208,10.9874222912054,11,10.6020212640398
-1.07290237713984,6.97384198750938,8,6.08562041972796
0.792869316878498,15.9759724647965,16,16.2765479962197
-0.916504336135787,7.7083181700165,8,6.88762713143216
-0.744268443238707,8.56644914651825,7,7.84060931742653
-3.16144731002047,1.78033659859694,1,0.945828757518366
-0.553437552707644,9.5646078554537,10,8.96818800383517
-1.95056616905357,3.81563750376678,4,2.80813101216282
-0.43522430238978,10.199438608017,10,9.69411181738307
0.725740946083517,15.7425496783954,14,16.0229893362455
-1.05989291528384,7.0331519633041,7,6.14989118072707
-1.21246158693735,6.35926644661888,7,5.42495639549495
-1.91131629491944,3.92117453091903,4,2.91215104368153
2.60710855521419,19.1398407117522,19,19.4281870774414
-0.435078389922462,10.2002268933055,11,9.69501670910459
-1.26090886063147,6.15548639965292,7,5.20808284801299
-1.00758935250294,7.27494491926408,7,6.41281493583358
-0.763064004205965,8.47058031963482,9,7.73334184338552
-1.1595967292324,6.58732235340141,6,5.66897441354249
-1.17403310647029,6.52446139800429,6,5.60157725515992
-0.685850179967976,8.86749045638917,8,8.17867678959609
-1.5845048683965,4.92690694347625,5,3.92547701291741
-0.411934660891026,10.3253574789143,9,9.8387629101331
-1.32488756275907,5.89416629197413,6,4.93162463896011
-0.896960914601098,7.80324832683571,6,6.99223060239254
-1.01685702854432,7.23171634814529,7,6.36570241295567
-0.0615642862622949,12.2089768837885,12,12.0166327753608
-0.355383433181862,10.6316846933627,11,10.1913879612963
-1.38412276710733,5.66023955932465,6,4.68576274470661
-0.885994229633057,7.85680717774022,8,7.05133968241211
-1.35633562650219,5.76900785160239,6,4.79988768592823
-0.239876117892951,11.2571746258976,10,10.914014283126
-1.34723231229107,5.80501318442622,7,4.83774032075634
-1.0091525859719,7.26764180819757,8,6.40485244293587
-1.01639827055294,7.23385233648233,8,6.36802923308838
-1.12850838297208,6.72416156959938,7,5.8160434358241
-1.59132019706887,4.90354476273881,5,3.90153136511676
-0.529662555438639,9.6915409051022,9,9.11285257364706
1.01629803353601,16.6749338763058,16,17.0231497022653
-1.04485760714949,7.10211361132369,8,6.22473162846854
0.792869316878498,15.9759724647965,16,16.2765479962197
-0.662864054849794,8.98713496445441,9,8.31353922169665
-0.742186064614415,8.57710119801547,9,7.85253979194671
1.44773502637306,17.7171778740273,17,18.0942003034626
-1.04075611569162,7.1210025811505,7,6.24525151743796
-1.20922701269096,6.37305062457122,7,5.43966637343793
-0.179969814333643,11.5797157266219,10,11.2875197615895
0.812025543755121,16.0405593488176,16,16.3463528619418
-0.499749332847171,9.85184086099734,10,9.29590521428655
-1.16570259533173,6.56068218495957,6,5.64039922322113
-0.997328873562212,7.32299501638232,7,6.46523595141277
-1.52774588373669,5.12550314079586,6,4.12974181722522
0.76470048068803,15.8793709911955,16,16.1718527887877
0.0603572969775259,12.839387845896,12,12.7458207596549
-0.603687445880305,9.29792942958994,9,8.66513044643288
-0.922509738807008,7.67928188545578,8,6.85567426428085
-0.000103937152328323,12.5294281258586,13,12.3875915873798
-0.182971733851748,11.5636048733819,12,11.2688552843795
-0.298211969235437,10.9415802306649,12,10.549047664108
0.409758735012848,14.4933028205918,14,14.6362689369537
-0.258379526630476,11.1571909315612,12,10.7983238416802
0.459319751901638,14.7056171443742,14,14.8750640801173
0.460393291190143,14.710149703745,14,14.8801495498492
-1.81685705771502,4.18823989408221,3,3.1774985774372
-1.96234381924743,3.78457948242496,3,2.77761437676032
0.448503592757073,14.6597928695165,14,14.8236201621655
-1.49737044297542,5.23474770623518,5,4.24263374339448
-0.69252786054634,8.832854199784,9,8.1396874273249
0.127621543622205,13.1771065658068,13,13.1351569106848
-0.618317783244585,9.22074100143387,9,8.5776439875697
1.71355543800072,18.1898770607332,18,18.5586293668896
0.0768091034355098,12.9227170084032,12,12.841993260029
1.95275994115551,18.5270441836074,19,18.8790550379686
-1.22131161338594,6.3216658350349,7,5.38485609221724
2.57649575155182,19.118869596609,18,19.4103573725358
1.95582765665755,18.5308963522284,19,18.8826539992454
-1.30941478753851,5.9565446047537,7,4.99744535246703
-0.158337076075178,11.6956222915949,11,11.4218132912462
1.0524995479391,16.7773137384072,16,17.1307687646549
0.260736810460322,13.8198324987487,13,13.8720638139519
-1.83440719368578,4.13720223618325,4,3.12656387396036
0.508791724988315,14.9115399517923,16,15.1055571665151
0.525573137385951,14.9800140715947,15,15.1819450148992
1.02506081089144,16.6999848850856,16,17.0495263883977
-0.231559717152517,11.3020656698528,12,10.9659739361491
-1.35247653400324,5.78424892358574,5,4.81590624641254
1.63107922481483,18.0551904632419,18,18.427942731201
-1.2387537454334,6.24805048456321,5,5.30645617463502
-0.838821712298415,8.08949198705733,8,7.30890162116119
-1.03612999089218,7.14234703058037,6,6.26844956951759
-0.767041155031867,8.45035919211421,9,7.71074127714972
-2.1093023374544,3.42002805530187,3,2.42287789253229
-0.865265292973079,7.95860040352447,8,7.16386402060137
0.0617224371316023,12.8463195539994,14,12.7538232468467
-0.203720304013899,11.4520880768722,12,11.1396818484536
-0.0810695002196877,12.1062886775004,12,11.8976771381635
0.703628874818094,15.6632250716379,15,15.9363806658579
-0.0161326886604946,12.4463419871873,11,12.2914572685751
1.49536237785262,17.8103832786755,17,18.1869998806635
0.415154328392387,14.5167064572484,15,14.6626461391532
0.240099198852636,13.722598572996,13,13.7609952300123
-0.772744886802801,8.42139968283004,7,7.67838925954026
1.02790178617432,16.7080695862633,17,17.0580329202348
-0.45336354705893,10.1015113789296,10,9.58176084207022
-0.216256295461848,11.3845848098511,11,11.0615101897314
0.460608411200236,14.711057615455,15,14.8811681503826
-0.788913331966036,8.33956828986279,8,7.58706890086487
-0.746208659228085,8.55652975185254,9,7.82950156087163
1.0524995479391,16.7773137384072,16,17.1307687646549
0.531301982740717,15.0032293735829,15,15.2078133806162
-0.821576174445908,8.17546395524357,9,7.40437474104728
-0.323192872260516,10.806196997396,12,10.3926969677324
-0.279641242167974,11.0421547529867,10,10.6652877092398
-1.62302271521268,4.79623312668451,4,3.79177031245581
0.377490095968598,14.3518756767968,13,14.4765897952092
0.712357534810015,15.694683041576,15,15.9707534356597
2.60710855521419,19.1398407117522,19,19.4281870774414
3.00276181210789,19.3630265639553,19,19.6118419835395
-0.467522165489193,10.0251791897971,11,9.49427353259126
-0.239512684653659,11.259137046977,9,10.9162855057745
-0.508175514186234,9.80662413794934,9,9.24423100848872
-0.0659096133673476,12.18613861407,11,11.9901790940812
-1.05481886841314,7.05637516660068,7,6.17508083617207
-0.0407600707829962,12.3180012003019,13,12.1428917679272
0.00372482890132247,12.5492207888525,14,12.410486644883
-1.11123967724408,6.80103051877255,7,5.89887072383218
-0.842585830411399,8.07079054745622,9,7.28815531802742
-1.2712553120895,6.1126221671543,6,5.16260711509914
-1.11714430001808,6.77467851120489,7,5.87045902454622
-1.15981325979359,6.58637629172284,7,5.66795931785099
-1.28929388263094,6.03844616158795,6,5.08403037157862
-1.11642309377126,6.77789340685465,5,5.87392424745422
0.839456021822336,16.1314932289574,16,16.4443649339108
1.20445937453255,17.1759295271472,17,17.5450682639897
-0.514209716228466,9.77427247077252,9,9.20727798975255
-0.423315391616648,10.2638023885437,10,9.76803259048703
1.27483700518989,17.3442474212051,16,17.7175994879458
0.239768321818336,13.7210321425181,13,13.7592045878178
1.45354284139467,17.7287551370842,17,18.1057575044063
-0.064493985275854,12.1935813670664,12,11.9988002456648
0.857820707160382,16.1913592883902,15,16.5087164659683
-0.424900252880955,10.2552337517114,10,9.75817961564208
-0.176795720952961,11.5967437700913,12,11.3072474535958
1.58919360358741,17.9828091987941,17,18.3571447558859
-0.456814316386543,10.0828985235586,9,9.56042069116503
1.45354284139467,17.7287551370842,17,18.1057575044063
1.79539916523526,18.3137901670476,18,18.6775704269649
0.428435739320067,14.5740150011235,14,14.727179890148
0.337556687746205,14.1734335668179,14,14.2744881226927
-0.613571483764507,9.24575805825871,8,8.60598693765768
-0.222457450609794,11.3511612498383,10,11.0228107138901
1.70187423513898,18.1714150390956,17,18.5407996619839
1.95275994115551,18.5270441836074,19,18.8790550379686
1.26044194372679,17.3106268746618,17,17.6832583021112
3.72658376879719,19.6119370122524,19,19.7985153889963
0.269951036536719,13.862944820758,15,13.9212566869626
0.0170605565214597,12.6179920106623,13,12.4900180868362
1.15298638770596,17.0464120015279,17,17.4113077187258
0.3084493106675,14.0410273852303,13,14.1240878388669
0.230532628367894,13.6772140856447,15,13.7090978957165
-0.192070859379334,11.5147340236519,10,11.2122422369572
1.39955819751985,17.6188273205498,18,17.995682566942
-0.600743843677167,9.31348576453706,10,8.68277511214815
-0.112488958604685,11.9399949213587,12,11.7049939489068
1.23151820228632,17.2418252225751,18,17.6127923297295
-0.704198735458863,8.77245440847719,9,8.07175367032911
1.02221370664559,16.691864546426,17,17.040979407171
-0.16476587610378,11.661213976969,11,11.3819441404521
-0.515658890070792,9.76650662574085,10,9.19840998260314
-0.352702003811949,10.6462206807284,10,10.2081452006098
-1.64361471715475,4.72772760332909,5,3.72190221590011
1.56386376366474,17.9376863648713,17,18.3128176601717
-1.83427879310311,4.13757326760566,3,3.12693378045687
0.949023646680251,16.4767913872227,16,16.8135503097205
-0.624018494273488,9.19072450329456,9,8.54365194065093
0.187136653891428,13.468923765614,13,13.4704931582903
0.0134976429503319,12.5996441097136,12,12.4688024310083
-0.96425355359122,7.47923308389717,6,6.6360746772509
0.600809261061895,15.2783697691717,15,15.5131960102299
-0.560753657531458,9.52564014208121,9,8.92382932415371
1.29672430695559,17.3945854003154,17,17.7689006947675
0.0746939045851719,12.912028986417,13,12.8296615280549
-0.606755303527851,9.28172563581325,8,8.64675597840085
0.155040507583661,13.3124046066932,13,13.2907723066866
2.10106010408507,18.7010481396755,18,19.0400290609809
-1.85916969588898,4.06629775721482,4,3.05597673146666
-1.11561236838421,6.78150861501156,6,5.87782126689399
-0.669017694508655,8.95504237734328,8,8.27733738835386
0.12963106465076,13.1870707981646,14,13.146625171572
-1.00267183711744,7.29794886412933,8,6.43790440397715
-0.175154634618975,11.6055448955158,12,11.3174441676625
-0.898016676265159,7.79810312541067,9,6.98655571606339
-0.676338929116855,8.91691954236684,10,8.23435908598013
1.05776056316677,16.7919489848995,16,17.1461139864132
0.0572910371031778,12.8238072361529,11,12.727831786207
-0.677268932805294,8.91208150800233,9,8.22890688545558
1.84310924288265,18.3817956920485,18,18.7422842729876
1.23151820228632,17.2418252225751,18,17.6127923297295
-0.582607111373643,9.40952058872222,9,8.79179607600124
0.0175518912738955,12.6205207428328,12,12.4929418795788
1.07360162253643,16.8356467268373,16,17.1918726981403
-1.44926918679288,5.41197058951502,5,4.42654938926197
0.300197856044685,14.0031394508077,14,14.0809856682032
0.716622767730767,15.7099861194192,16,15.987462060922
-0.901030685731167,7.78342509546738,7,6.97037001289369
0.00900346061216035,12.5764735745745,13,12.4420071761019
-1.25261343708853,6.19002072778569,6,5.24475745092426
0.927579762903936,16.4114395919292,17,16.7440509692219
1.10503322688688,16.9207229936769,16,17.2807050632579
0.493825350114355,14.8498819635146,15,15.036661974113
-0.0345035337931444,12.3506817936667,13,12.1807295462767
0.665016166843593,15.5217919684368,16,15.7814264687747
1.40617512400057,17.6325828519373,18,18.0094973274168
-0.607760436208077,9.27641879024985,10,8.64073924154529
0.0137835820477669,12.6011173060021,11,12.4705059675205
2.57649575155182,19.118869596609,18,19.4103573725358
0.426322133367549,14.5649235360248,14,14.7169475838914
-0.115697414376216,11.9229564951831,12,11.6852497652332
0.586626239652656,15.2232080723555,15,15.4521530615657
0.0149645443709598,12.6072004918378,12,12.4775401413993
1.42164924521279,17.6644417363486,17,18.0414489508042
1.23498367928801,17.2501572390593,17,17.6213393109562
-0.583504423517195,9.40476192663533,10,8.78639015514544
-0.641897500002196,9.09681091180822,10,8.43740694533871
0.412806687384372,14.5065320970824,15,14.6511806890013
1.34162270400933,17.4949443965465,18,17.8707566795375
-0.517692634125828,9.75561065838276,9,9.18596916302752
0.713850870153091,15.7000460595104,15,15.9766099564675
-1.49263390426866,5.25196886168322,6,4.26046344830016
3.72658376879719,19.6119370122524,19,19.7985153889963
0.351573826713697,14.2364957537151,15,14.3459914135382
-0.368736305157149,10.5593076262505,11,10.1079819506583
0.497527349108782,14.8651850203436,15,15.0537709662655
-1.98477467869655,3.72619957644485,4,2.72037202655579
-2.2477938121492,3.11346473950142,3,2.13006829243197
-1.22470418141806,6.30729633176898,7,5.36954126244674
-1.29845397206717,6.00105055576047,7,5.04447337514624
-1.29503253903574,6.01499695190185,6,5.05922134387257
-0.858002508614213,7.99443568092037,8,7.20353354054611
1.15489806960119,17.051321257883,17,17.4163931884577
0.0270759580449327,12.6694657501145,13,12.5495246952576
0.188709681099645,13.4765417788276,14,13.4792315762091
-0.161305831904952,11.6797368706699,10,11.4034065305258
2.60710855521419,19.1398407117522,19,19.4281870774414
0.242383098217727,13.7334045343584,14,13.7733467693185
0.261597388269352,13.8238669485656,13,13.8766686996872
-1.13941010778369,6.67594895224484,6,5.76417125921798
-0.10956292381788,11.9555247000677,11,11.7229897075427
1.91891234822243,18.4837938472154,17,18.8385444499772
1.1629393876455,17.0718873170744,17,17.4376844048582
-1.69166405183848,4.57152707883357,4,3.56319627807295
-0.57220516367295,9.46473865759863,10,8.85455309515382
-2.93318586385292,2.02402884598593,2,1.1473133685221
1.1629393876455,17.0718873170744,17,17.4376844048582
-1.10732257330576,6.81855146827846,7,5.91777095403884
0.92693212936945,16.4094491915592,16,16.7419386902742
