"Est.Theta","Est.ExpScore","Raw.Score","Scaled.Weighted.Score","True.Theta","True.ExpScore"
-0.168682422420442,17.5866892527235,22,19.1051409203318,-0.665459685489068,14.9451684768902
-1.50499305750386,11.6657208592189,13,5.1193591743771,-0.317242071898023,16.7004312837861
2.41177154549629,25.3703661751817,26,31.4098436022557,2.02943183056714,24.1034849272867
-0.698522614464452,14.6242495069626,19,11.1782358256597,-0.314514751132231,16.7152753302728
2.52848066109927,25.5843589144196,26,31.498173079787,1.33553292623965,22.8424531764256
-5.02875375702801,5.73259572077146,6,2.0098466205775,-1.11948743006709,13.1851991964756
1.20428743422473,22.9247969654514,22,30.0887145166305,1.04239050319502,22.2281935016383
-0.485036305239237,15.7487808423883,17,14.1066609485182,-0.840536112685332,14.1963503535371
0.996953785019651,22.420546307106,21,29.6073599876763,1.24835844784739,22.6681860441354
1.01431490104771,22.4647849835787,21,29.654904042099,0.730807571604638,21.4395273217439
0.749517505687705,21.7347146844206,19,28.7237895698141,1.33989758438889,22.8510327244052
-0.07359045916051,18.1402777943679,18,20.6066833630568,0.514436055701197,20.7491945495895
0.30580508859304,20.1012366050519,19,25.573774118804,0.478185063960243,20.6183721889966
-2.16926915019197,10.2038612098301,11,3.85033720335989,-1.04125172273215,13.4476909163121
0.924783604696681,22.2318429740824,20,29.3920741998822,0.719307514882889,21.4063408910207
0.350275033532368,20.2960020327418,23,26.0129459200325,0.292095324505092,19.8690669898524
0.112922046420991,19.1667089480709,21,23.3046264346856,0.0203885167623004,18.5471420489842
-1.07795584094757,12.9866483198277,9,7.36987202909695,-1.16721966858055,13.0326332271146
3.47356014266619,27.2035430093661,27,32.1469048150757,1.6947192815175,23.515162103559
-2.35455556653298,9.84941051423324,10,3.66435874162376,-1.00733557157539,13.5664361947611
-1.44626817862752,11.8214763519545,14,5.32823383425969,-1.28423865999748,12.681614948792
-0.614263356306768,15.0519757329771,14,12.2718568795225,-0.715613283362798,14.7210901423636
-2.21581589827578,10.113502837177,11,3.80047145997084,-1.48138585336958,12.1566137035218
-4.52544439423805,6.37914584660022,6,2.25616993232736,-2.32924548784985,10.4549193219159
0.732300981579355,21.6823534564393,18,28.6447207200574,1.17247913325503,22.5113260582974
-0.192397096658277,17.4470617361784,21,18.7239551233949,0.220123113962998,19.5436637829855
-1.43293382590984,11.8577883986244,15,5.37929287410353,-2.01221092271951,11.0264741160112
0.0154687798928183,18.642885493598,18,21.9466030057112,0.108481568144784,19.0019926186685
-0.911402411588654,13.6465374081674,14,8.8127592160887,-1.20638771772912,12.9115817148376
-0.45828961486828,15.8984770335725,17,14.5075698236506,-0.386443367650148,16.3278907009131
-0.950945567180334,13.4815681352848,13,8.43785143453392,-1.65635262128072,11.7477583581433
0.229044789862499,19.746683375466,17,24.7414217967189,0.369449320810797,20.1966756448623
1.86385290152549,24.3229025608488,25,30.9493209000187,0.7784691470733,21.573431993847
-1.34517921599017,12.106365171789,16,5.7524505245,-1.28026341868248,12.6930252864337
2.90706442163603,26.2574902175691,26,31.7707618422206,1.85391697403563,23.7982614793782
-0.319870974867812,16.695652370047,16,16.6688883927562,-0.151032704237176,17.6162852803352
-0.0232337352840142,18.426872540631,16,21.3743080712569,0.442793949708582,20.4860159870254
0.640652724998675,21.3910161992037,26,28.1753268537173,1.02045249501229,22.178331000728
0.538746133106604,21.0390946701252,23,27.5444707301854,0.540843435575189,20.8415506993826
-0.308484201344216,16.7624575389855,16,16.8513674320317,-0.0856352382386677,17.9761919621482
0.904563223512228,22.1774729024034,19,29.3262023299225,1.1950351524849,22.5585163397519
-0.857910180993612,13.8780257853065,15,9.35224360269131,-0.843018276735876,14.186396423914
-0.568338967227949,15.2942366819904,15,12.9031728601995,-0.486670919458717,15.8063772852898
-0.947215815134497,13.4969053123787,12,8.47234643334848,-0.309241347455648,16.744006548938
1.45598592704023,23.4847844316366,23,30.4944157514541,0.908106708308481,21.9112583336089
0.941352641409487,22.2758867076379,20,29.4441617617171,0.248641069347292,19.6749343414333
0.123568880484165,19.2219873330228,21,23.4449681358982,0.339156768892009,20.0711388135214
-0.214575111373553,17.3162140428559,18,18.36625352563,0.0223117036514411,18.5572898691402
-0.378375086548268,16.3548250920413,15,15.7404513877251,-0.338478550342154,16.5852281689003
-0.581058179410565,15.2265194656175,14,12.72592740761,-0.404246849075824,16.2335311470276
0.121374356820798,19.2106267495777,20,23.4161779754743,0.0324446513242648,18.6106100695834
-1.60815330654077,11.4068074886816,13,4.80832700185622,-0.559432333347555,15.4444033317872
0.470103527463896,20.783219030756,23,27.045443956755,0.158708801598576,19.2509523932007
-0.0566494196318407,18.2373224466522,16,20.867546390164,0.352856342813095,20.1283517453162
1.1469404301487,22.7900970267396,21,29.9724805126718,0.39267295064661,20.2905176019728
3.28465110739338,26.8963753428223,27,32.0253432223941,1.5054164721769,23.1680085338105
-1.93059749434047,10.6848360592738,11,4.15570562223587,-1.2110902905491,12.8972936483759
1.30002273149076,23.1431491353709,23,30.2604931987816,0.466022836086834,20.5734107809556
3.55144104490007,27.3277185472544,27,32.1959257750851,0.378015349419859,20.2315311149185
-0.0280563338162016,18.3996805984382,17,21.3018544276044,-0.225740948261829,17.2029401011374
0.0860589238314477,19.0254535369542,20,22.9432079329307,0.0619300058654257,18.7642848266411
-0.501136940606846,15.659503858052,16,13.8685535310102,-1.1675749139076,13.0315187301619
1.32562846103793,23.2003353232242,22,30.3023937060214,1.08092638216261,22.3141969102872
0.835504139199605,21.9862515277306,19,29.0805312277387,0.440262021078548,20.4763682362374
-0.841766969852082,13.9497677374051,16,9.52234775312814,-1.36759568564963,12.4501771197178
0.445671654032561,20.68818804085,22,26.8521316990597,-0.0534692796394312,18.1514832227661
-0.567930527688092,15.2964189468135,15,12.9088944111234,-0.779299377769937,14.4476951316819
-0.355631188617636,16.4867779077441,15,16.0993081990148,-0.394466015734147,16.2852865238578
-3.28658789000597,8.22109651356424,8,2.97047560521813,-2.28505052961652,10.5320634365395
1.10718379719977,22.6947440675718,21,29.8850061608713,1.04434238492463,22.2325972988284
0.0995809692551131,19.0968720721838,20,23.126429584253,0.152867892495787,19.2224277705124
1.92219104931514,24.4380788301562,25,31.0036550251849,1.64082609816657,23.4176586281658
1.62906191923512,23.8484441462267,23,30.7077730946164,0.384031028112602,20.2558400022221
2.60725930010297,25.7270783721992,26,31.5565349050922,1.11453863106267,22.3876801394944
1.22261397110134,22.967192559838,22,30.1236143034456,1.12748665818469,22.4156312369665
0.779314462788331,21.8237075119809,19,28.8543715710298,0.108152657085355,19.0003357112124
-0.0918336101491946,18.035142957037,16,20.3231300784187,0.0375268851439055,18.637258029627
0.35864942458382,20.3318156973267,20,26.0921693902965,0.598126436091759,21.0337076462781
2.58754775253659,25.6914981580449,26,31.5420207966399,1.45902045825476,23.0806525630921
0.326709208145007,20.19375620883,19,25.7841110158525,0.316647627551596,19.9755570270726
0.93174535184576,22.2504033891582,20,29.4141626716877,0.7390541932951,21.4631102743153
2.74931890127438,25.9809291402307,25,31.659505723008,1.02869462391388,22.1971442611437
-0.976695076960894,13.3769454817394,13,8.20461774867923,-0.769992862529851,14.4868762121471
-0.646005937041667,14.8882359954811,13,11.8498129163175,-0.429501103327808,16.1008887781462
-0.322596592476945,16.679680294436,16,16.6252795907303,-0.409488598120518,16.2058806363277
-0.924529955359722,13.5911916753049,12,8.68604594947095,-0.522535238063263,15.6260700793754
-0.0897606090126395,18.0471204585523,17,20.3554800183045,-0.136582763310468,17.6960945104303
0.742791128651329,21.7143414297334,27,28.6932004643296,0.207025835073056,19.4823707408754
0.367365927148744,20.3688044114596,20,26.1734714374829,0.115573248544537,19.0376356205563
-2.14306791327401,10.2551566068208,11,3.87953130472746,-2.08607815289733,10.8890096631079
-0.593560155227563,15.1604183785138,13,12.5534836676429,-0.353357020883207,16.5049518072909
0.66445912869385,21.4688342913277,26,28.3055399607672,0.534826187538796,20.8207204669704
-0.412316557866197,16.1594884360644,12,15.2109815374404,-0.0735330452252309,18.0423142112201
0.948318079331901,22.2942695871189,20,29.4655673649109,0.227899874933661,19.5797601702209
0.246527557895173,19.8294864965833,18,24.9393188022744,0.335838590156879,20.057171910371
-0.282167790831885,16.9172655297941,18,17.2746248538065,0.0622167375453133,18.7657679336333
-2.38952975662755,9.78395232102107,11,3.63246312592756,-1.66798627149771,11.7221234237215
-0.495630404461349,15.6899643560347,16,13.9497064065544,-0.447486828151049,16.0073417286594
0.216463980762404,19.686352265726,17,24.5959816555665,0.257892453055938,19.7168658482992
-0.438756278118016,16.0088334722532,21,14.804342179882,-0.640355452806928,15.0602541012862
-0.149832615185089,17.697353030653,13,19.406729153539,0.0087586706100625,18.4855927036628
1.20808546210566,22.9336078750539,21,30.0960319661857,1.0645867618319,22.2779686974452
-0.501708633699484,15.6563458229849,17,13.8601451693655,-0.706771897817361,14.7600276005983
-3.18841833207967,8.38242503633198,8,3.03449374074475,-1.66945849614349,11.7188916271026
1.25665815375298,23.0451756427196,23,30.1858180192399,0.570918337967843,20.9438046261008
-0.131346273080199,17.8055192181929,22,19.7009401613713,0.35053179413873,20.1186950263279
-0.489721308972846,15.7227362905556,16,14.0371188836408,-0.605669520641854,15.2224657817433
-0.553574787599927,15.3734223164858,16,13.1111591683624,-0.206072203482791,17.3117298045483
-0.295321747459468,16.8398226770738,15,17.0628308651899,-0.167039718543493,17.5277660360986
-0.322974868218832,16.6774642119541,17,16.619229610616,-0.126663155677959,17.7508078845427
0.0300799410388856,18.7233436089949,21,22.1581365390603,0.354974593637769,20.1371332405447
0.0628661305169699,18.9015140632385,21,22.6230077741537,-0.131790987247336,17.7225328909031
-0.321103742284039,16.6884274270431,16,16.6491610529531,0.330640299875479,20.0352055088873
-1.73741233804666,11.1040818799991,12,4.49940872487074,-2.52149002135238,10.1263318413529
-0.0278893726875132,18.4006229632162,16,21.3043668195836,0.555948903234064,20.8932929499705
0.858785271465402,22.051714974633,19,29.1671059878998,0.498980289867128,20.6939968368404
-0.906141827644239,13.6688778401294,14,8.86416534579703,-0.839520823298551,14.2004270516366
1.36708968755349,23.2919630935651,23,30.3671025879009,1.27459039759047,22.7212394186316
1.90988626081251,24.4138664581464,24,30.9923388251754,2.23294055186048,24.4502019231734
-1.85370026568019,10.8477638746982,11,4.27899603952186,-1.95164187467821,11.1416969551128
1.20517230116376,22.926850908131,22,30.090423359088,0.180818024279555,19.3578653007778
0.352479393628172,20.3054554955704,20,26.0339056649005,-0.171952825243238,17.5005805112751
1.51769323670807,23.6160598649505,24,30.5750414053264,2.23245209277446,24.449377938795
0.356123094952604,20.3210402934552,21,26.0683848937058,0.43516669671493,20.4568797993665
-1.72230039406543,11.1384119741074,13,4.53164186654996,-0.814146171154681,14.303300005664
0.975404051074076,22.3650334277911,19,29.5461461230518,1.32205661713147,22.8158804638687
-1.74559134422978,11.0856073223622,12,4.48233437840393,-1.49748034845162,12.116994037927
0.469778082397563,20.7819671626778,22,27.0429245744386,0.50708137865183,20.7230349512796
0.831786736184787,21.9756999744457,20,29.0663349268156,1.52824545447573,23.2106229462424
-0.221415796577324,17.2758245796192,20,18.2557742376568,-0.43793130132997,16.0569435798742
0.652149381692127,21.4287922916847,18,28.2389696147902,0.611975901363042,21.078547439942
-1.34127169016782,12.1178448869522,14,5.77066171867345,-0.904463279628648,13.94568129866
0.376502845385195,20.4072633283613,21,26.2574342729698,-0.40917926462018,16.2075106880451
0.276718674770193,19.969632768192,18,25.2695052859087,1.18860435151226,22.5451130170651
1.58606588532736,23.7593688606234,24,30.6582640396057,0.695990912132954,21.3379569859262
2.62495180620295,25.7589400991254,26,31.5695135311069,0.460834890740325,20.5540659962482
-0.500577034341254,15.6625975877122,18,13.8767916429445,-0.183358825994537,17.4374513533103
0.332657601038405,20.2197694399465,21,25.8426975516238,0.149962066144449,19.2081940152646
-0.00288860843651469,18.5409309989301,18,21.6772443158863,-0.0713802143020206,18.0540560655119
0.180593120919325,19.5109407409718,15,24.1674670462798,-0.292004888866282,16.8381714645179
0.830242448629103,21.9713084947619,20,29.0604067044136,1.2259916422062,22.6224939977494
0.0248488852615356,18.6946104779047,20,22.0827027369544,-0.273054710443628,16.9420998413339
-0.607226702022744,15.0886893621466,14,12.3670205664398,0.161479477191838,19.2644427380886
0.379913661299284,20.4215380666559,21,26.2884485441497,0.437418926457028,20.4655061026809
-1.64171094187145,11.3261186221455,13,4.72041749768235,-1.30238551405531,12.629968213742
-0.930594113262435,13.5658197202574,13,8.62826773525411,-0.827918441191192,14.2472292228443
1.19130512169621,22.8945797684533,21,30.0633585890659,0.0924986259084819,18.9210958884464
0.324195560401598,20.182721943056,21,25.75918559025,0.241818759956306,19.643806354151
1.08557540281538,22.6421809274589,21,29.8348696771142,1.34497931522549,22.8610056365347
2.12563070773078,24.8325531080178,26,31.1812870455863,1.1591909534732,22.4832864517714
1.12536667183344,22.7385660079466,22,29.9257605500999,0.760912900881928,21.5247725762496
2.2289390175658,25.0289251717051,24,31.2661199822049,1.05303735636198,22.2521516209579
-1.01329856830434,13.2319987450402,11,7.88778505392503,-1.00620483769751,13.5704477640448
0.827612512792129,21.9638187077061,19,29.0502690758196,0.409411167541806,20.356868615487
0.85446054171115,22.0396338437169,20,29.151323139565,0.877416455623159,21.834444264401
0.469753156110711,20.7818712649227,24,27.0427315500549,0.620619191226015,21.1062227599088
0.176792830476657,19.4920654701937,16,24.1208786946185,0.739243525196586,21.4636496259482
0.409012294044466,20.5415240203692,24,26.5458424307957,0.98626814464007,22.0992311491874
-0.540745811812843,15.4427257041452,15,13.2938033078075,-0.63748915135688,15.0735181055404
0.82488809123436,21.9560450763804,20,29.0397113924042,1.28648583696034,22.7451165045059
0.699170740165743,21.5795572565941,25,28.484781826684,1.32949858861175,22.8305701542701
-0.341079754575899,16.5715847844341,15,16.3303687501321,0.204230027542439,19.4692060281509
0.158731096049791,19.4016033609056,17,23.8963778349673,0.253823028914274,19.6984611051777
1.03617624986044,22.5199024093409,22,29.7126290438555,0.859940372960194,21.7898755457482
-0.44485251422844,15.9743022569064,19,14.711375336693,-0.386617847511514,16.3269626995365
-1.0745924762957,12.9990791354106,9,7.39551682483389,-0.651210286141015,15.010252827109
-2.49663589241243,9.58598635615638,10,3.53948367290152,-1.27056047810415,12.7210234383337
-0.115177081692595,17.8997700508343,24,19.956753990803,-0.190327357859049,17.3988768672246
-2.41065218221328,9.74461960798088,10,3.61359346156242,-2.00942886023505,11.0317143753659
0.389350849339268,20.4608027942802,21,26.3733328112904,0.789229924036154,21.6028871720466
-0.608977393726382,15.0795412131747,14,12.3432904001089,-0.745964821497475,14.5892509773171
-0.836733507715693,13.9723151755693,15,9.57607657908912,-1.29666395935965,12.6461743043909
0.467246374230144,20.7722157994362,24,27.0232748789451,1.65649103934135,23.4460976069844
-2.93879428363588,8.80293529307109,9,3.20389278728167,-1.04897932843366,13.4210600758343
-0.986609575911358,13.3372483708826,10,8.11709813118448,-1.54970457143338,11.9914029464245
-1.90842204960207,10.7313485100393,12,4.18969790216213,-0.979172633658429,13.6673758000068
0.185010171149112,19.5328096239485,18,24.2213315504384,0.101224315195705,18.965356562091
-1.97576256756371,10.5911889164727,11,4.08996924576932,-0.994995883882526,13.6103999684549
1.01226522608188,22.4595840189154,20,29.6493708661279,1.25016051016176,22.6718487647867
1.25323296906185,23.0373736534163,23,30.1797078853017,1.37420360112103,22.9180307685421
-1.07265552845928,13.0062543566265,9,7.41034956208093,-0.833926046147496,14.2229460670823
-0.404180372283465,16.2061249716344,18,15.3371788480778,-0.131345317369317,17.7249910679571
1.32903808145245,23.2079147638511,23,30.3078577963332,0.889655977965231,21.8652959146425
0.802754980805562,21.8923257080776,19,28.9517940380159,1.76257287694125,23.6366590306366
1.13312828900665,22.7571621916612,22,29.9427689576933,0.662914347070366,21.2383297926467
2.64157815959347,25.788817991382,24,31.5816687246443,1.7561566617966,23.6252263863521
1.19376382685339,22.9003145681562,22,30.0682020311605,0.645900306521137,21.1858392508001
0.353419912992485,20.3094832019525,23,26.0428253306701,-0.00730883516270451,18.4000603350445
1.9052885567962,24.4048085213112,25,30.9880918743948,0.648684936442762,21.1944894419403
1.16262637166132,22.8272612584808,22,30.00538648693,0.584307860834171,20.9883510344935
0.200772655005474,19.6102356734496,17,24.4110421243553,-0.189953044908889,17.4009489038097
-0.614942509697938,15.0484401726884,12,12.2627025504897,-0.713281467032011,14.7313360612413
-2.6116692703699,9.37722828485175,9,3.44597721827877,-2.32708109697096,10.4586818415592
-0.160921570318224,17.6322918443277,21,19.2294842219776,0.108009014000346,18.9996119964888
1.24521934617677,23.0190822405867,22,30.165285500809,1.93429742971591,23.9388390149305
-0.23481554629372,17.1966911807184,19,18.0392316855276,0.0428572804955711,18.6651372127718
-0.23741277988546,17.1813523184897,17,17.9972641707071,-0.552195969400523,15.479717968685
0.24749355162927,19.8340265048254,19,24.9501103266186,0.700701558954832,21.3518930994959
4.58760756358009,28.8409608821167,29,32.7883891857334,2.39706113182101,24.7249858483732
-0.165192723991964,17.6072010978012,19,19.161080448187,-0.130013231483221,17.7323376149821
0.362268194066714,20.3472076318138,20,26.1260660054018,0.603819845006323,21.0522152229787
0.272771955362736,19.9515174066995,17,25.2271741382319,0.223261942156659,19.5582596953974
0.298032972427385,20.0663986736427,19,25.4937966817782,0.75495446797665,21.5080843788657
0.674187943508599,21.5001892978466,25,28.3570015833138,0.749836659832092,21.493679100643
1.50526809523792,23.5897817601114,24,30.5592578672873,1.04230586176673,22.2280024168341
0.578458414259623,21.1800184147774,16,27.8051267904378,1.27459039759047,22.7212394186316
-3.41175122041152,8.01868876008684,8,2.89068324606212,-2.54792854864803,10.0819181675885
-0.195744503113841,17.427325421373,19,18.6700267349997,-0.475109516549868,15.8652540601204
0.127526880840129,19.2424329335552,23,23.4967124342927,-0.411837375934797,16.1935106199127
0.667524330896721,21.4787406768996,17,28.321867172256,0.79243519879516,21.6116076292852
1.08015316845849,22.6289056568952,21,29.8219784293776,1.04820043750058,22.2412864250266
0.0789013373882922,18.9873962901482,22,22.8451808963291,0.176029037441284,19.3348511989585
0.342279019859225,20.2615523696684,21,25.9362793631607,0.100814728991659,18.9632840922361
-0.524140808437716,15.5330974237951,17,13.5327939059563,-1.05604208752173,13.396856993987
1.39460807373232,23.3521577413995,23,30.4080789789497,1.17298286944067,22.5123854535392
0.0835007112152049,19.0118713442739,22,22.9082539438443,-0.386443907305621,16.327887830565
-0.165265002750031,17.606776360473,22,19.1599222848313,-0.327786673540022,16.6431423126162
-0.0797261399184998,18.1049878123353,15,20.5116088304237,-0.535720281220432,15.5606968026141
0.855900529498833,22.043660419843,20,29.1565932396919,0.905176813348035,21.9040026618405
0.884648803462773,22.1232325090268,19,29.2587417769808,0.786124788823739,21.5944159626547
2.18822065736553,24.9518298447692,25,31.2330396154345,1.79111663164901,23.6873853619739
-0.423232830932321,16.0971161893749,12,15.0424325576244,-0.464024552173708,15.922037228391
0.927237402733943,22.2383940804052,19,29.3998936365657,0.873842813460689,21.8253805666771
0.755580104569744,21.7529865244981,19,28.750989316674,0.991407175253793,22.1112359122945
-0.849411722753229,13.9156850494903,15,9.44137258505508,-1.36686523857321,12.4521422463655
-1.03563567493974,13.1457064496623,11,7.70286777590153,-0.657451556556229,14.9816683510287
-1.66703214680829,11.2662570020308,13,4.65786963474379,-1.42849528325294,12.2900399172563
0.451862667677336,20.7124714324724,22,26.9019230369623,1.10675700621163,22.3707885458861
-0.577210595497284,15.2469546373715,15,12.7793536933284,-0.966009813098613,13.7152904151974
0.229769874259695,19.7501415367682,19,24.7497268922476,0.21760602526423,19.5319328863621
-1.07645271234556,12.9921993483532,12,7.381315583472,-0.540785697687045,15.5357155076386
0.24131943261378,19.8049456150603,18,24.8808783188483,0.976253898845867,22.0757186383132
3.21447674765204,26.7801356421605,27,31.9792180692545,0.689742448203889,21.319375633504
2.08630302149331,24.7571198828395,25,31.1481526909041,0.4248277351206,20.4170347753457
-0.310234984484578,16.7521779581093,16,16.8232807571947,0.0895155622617991,18.905912225686
-0.0377324913714686,18.3449504856419,17,21.1557685572573,0.564924959109311,20.92367157491
3.04395174480762,26.4929024574192,26,31.8648976165028,0.590449176979029,21.0085854061466
-0.985911065463634,13.3400345212725,12,8.12322270153093,-0.986675611448399,13.6402748361316
-1.50922919962597,11.6547354871561,14,5.10524873091282,-0.935824722722127,13.8269658363992
-2.77606220188134,9.08520545362309,10,3.32074654142591,-1.08509133055851,13.298669286645
-2.20653156800275,10.1314501371414,9,3.81022556812705,-1.00666321560773,13.5688211379381
-0.254078623795209,17.0829428397584,16,17.7279896262748,-0.0086636589368119,18.3928229381933
1.45374623001675,23.4799822884576,23,30.4913790306341,1.27926659877181,22.7306388556747
0.303519684504939,20.091017214641,18,25.5503567158389,0.0226385469227529,18.5590136054684
-0.322403193981888,16.6808133537219,15,16.6283729438327,-0.0433856915029435,18.2061117986879
-2.08078852626794,10.3784351148515,10,3.95259410209907,-1.29108635297103,12.6620413959097
1.00912086825192,22.4515940399297,20,29.640841355825,0.709999247172538,21.3792196079026
-0.000608479815105559,18.5536453815986,19,21.7109113512229,0.434983962861252,20.456179069474
1.21636179056991,22.9527627880346,22,30.1118232082146,0.810130092048427,21.6593181800652
0.883194531272077,22.1192438281765,21,29.2537117230419,0.748866354041168,21.4909404432746
-4.74876541816148,6.0851304093443,6,2.14390292203099,-2.11409583763571,10.8376528558592
0.157374039796374,19.3947566203512,16,23.8793058484842,0.26832667662278,19.7637701868617
-1.09621664691542,12.9197840106905,9,7.23308910765857,-1.40771924443122,12.3438628318706
0.122543539013953,19.2166815252614,22,23.4315254780052,0.0804482152016081,18.8595993572808
-0.290061045315142,16.870780787833,15,17.1474841314947,0.110457957622744,19.0119417398353
-0.546669203073442,15.4106701853121,15,13.2092535861084,-0.870457190489843,14.0775579154108
0.32460908094602,20.1845388958612,19,25.763292949145,-0.375247894058579,16.3875652361044
-1.40819138728799,11.9261499355318,14,5.47782673048314,-1.13805814067499,13.1251727232292
-1.0432252035655,13.1167565183599,10,7.64150876374521,-1.10313507063582,13.2387706652212
0.768988247204574,21.7930955124155,19,28.8099919506708,1.29207833644851,22.7563043385224
-1.43763317561676,11.8449495493597,15,5.36113816189691,-1.91599836728035,11.2106926931997
-0.914772203617857,13.6322753729531,15,8.78001876463119,-0.519477155033349,15.6413037426291
0.026649198747023,18.7045084351919,21,22.1087019664285,0.167172827453926,19.2920810830556
-0.502863367660489,15.6499696051906,18,13.8431713507636,-0.535858007691317,15.5600165852754
0.219544814680665,19.7011838484494,19,24.6318316193905,0.241104035938269,19.6405352121951
-0.0106307534609508,18.4976549958281,20,21.5624952113228,0.069807889732825,18.8049504321349
0.138796851331497,19.3003361864767,16,23.6427634333415,0.0186252925107941,18.5378306039808
0.374052761163816,20.3969819126409,22,26.2350456119343,0.749082845732816,21.4915516922197
0.249358457781261,19.8427808087389,17,24.9709015646702,0.424648225042795,20.4163393963779
0.215646406500015,19.6824100951687,17,24.5864425416807,-0.328773860922282,16.6377875030736
2.14903764435904,24.8772697526514,25,31.2007760986602,0.851001656437848,21.766837758685
0.33100315785708,20.2125482227501,19,25.8264588183687,0.297782839458975,19.8939420094237
0.0163425661314634,18.6477146446128,20,21.959325824837,0.531333823826071,20.8085731000538
-0.257261830854098,17.0641525820184,16,17.6765405836257,-0.43778028621603,16.0577292849808
0.0428754844402945,18.7932782191292,20,22.3412122946619,0.174529493458821,19.3276284665035
0.913106580740379,22.2005297416143,21,29.3543498472441,1.01252431996963,22.1601415414973
2.30438944852423,25.1707582402102,25,31.3263241128111,0.20586975377795,19.4769304924932
2.59591661547832,25.7066149433256,26,31.5481900721748,0.538210325060752,20.8324509528752
0.81295866792428,21.9218278228213,19,28.9928051492444,1.44481464229054,23.0536913956778
2.10185984107395,24.7870044870908,24,31.1613199201877,0.232284336264908,19.6000124664489
-1.5653158106984,11.5122242120799,13,4.92957740270479,-1.15426958242321,13.0734708672456
1.13478842226055,22.7611313703645,22,29.9463774215476,0.746044526347193,21.4829622604664
2.76030690994211,26.0003753079243,26,31.6673567631059,0.908658503192701,21.9126230230648
1.08875393539098,22.6499467753912,21,29.8423485556306,0.150619659218217,19.2114176197215
0.390188146216049,20.4642701283633,21,26.3807984451988,1.06081268565092,22.2695516881944
1.38480458419099,23.3307677274198,23,30.3936522370381,1.12237078219886,22.4046104044513
-3.34389876031994,8.12796046970537,8,2.9336948691137,-1.94707973959893,11.1504764695545
2.55609456703284,25.6345437587219,26,31.5187394483138,0.726671270586733,21.4276314121514
-1.13241652506231,12.790324664283,19,6.97402924746216,-1.37264868907378,12.4366124677577
0.0109270725488036,18.6177495976386,17,21.8803273016274,0.0806724720400846,18.8607476660834
-0.3176562379245,16.7086362466816,16,16.7043441368826,-0.164306982062243,17.5428843169013
-0.148272015432899,17.7064993627978,22,19.4316304998412,0.298798164282844,19.8983695619814
0.0319522485572324,18.7336079076469,19,22.1850536383716,0.190522502133991,19.4042538994491
0.300975000026951,20.0796141608184,18,25.5241845148354,0.356191053242453,20.1421683884676
-0.753428957227492,14.3577286395897,18,10.5126707828664,-0.350569095465089,16.5199648664003
-2.14530898205254,10.2507564884377,10,3.87700042447721,-2.26178462470302,10.5729533626055
1.09999853196501,22.6773252634495,21,29.8685402184012,0.460116236344488,20.5513784212134
-0.896820864848244,13.7086892069164,15,8.95613248102305,-0.698602963387483,14.7962179928656
-0.59326936838531,15.1619506129517,14,12.5574743965876,-1.06646424987877,13.3613788045168
0.498427364116763,20.890749353485,23,27.259069319413,-0.00701956863072587,18.4016050854915
1.86447975890959,24.3241453944772,23,30.9499144480537,0.564761380971079,20.9231203916174
-2.06247370560355,10.4150741500618,11,3.97517453225388,-0.700657031404537,14.7870985676391
-0.218400791170385,17.2936272063747,20,18.3044736318461,0.298949965683963,19.8990311851483
-0.699616511729158,14.6188441781314,10,11.1646074847355,-1.11386085941089,13.2035562471205
2.71622122143621,25.922190160937,26,31.6357614654655,1.4310079994025,23.0273860727051
-0.0666798532131844,18.1799358006854,19,20.7133932962856,0.314323940948599,19.9655782124135
2.01440481268141,24.6182131976709,25,31.0861870923818,1.68574042484721,23.4989823022921
0.38490911111433,20.4423645617432,23,26.3335502422403,-0.279020620942934,16.909339868347
2.43099722389333,25.4058281843665,25,31.4245594145034,0.702647011592546,21.3576306101996
0.140262796898044,19.3078336486866,15,23.6616203422996,0.6400025738907,21.1674410649601
-0.47700584597545,15.7935476850298,17,14.2263422721967,-0.751641043507402,14.5649080898715
0.506403218546972,20.9205290804044,23,27.3172427927639,0.0666113242300342,18.7884704834473
0.230963512455424,19.755829871422,18,24.7633804333384,0.00138407762331727,18.4464050741071
1.29572094881744,23.1334947103881,24,30.2532995020058,0.867289788161134,21.8086938540773
1.57181392864827,23.7296704372507,24,30.6413946636095,0.729696726637938,21.436336995369
-2.33069377031476,9.89431553844662,10,3.68662083292857,-2.16886918755132,10.7383686906133
0.785652387518396,21.8423787725893,19,28.8811624114335,0.217975458005186,19.5336560829886
-2.15807259613137,10.2257418718484,10,3.862708133442,-1.95164187467821,11.1416969551128
0.00944770704309859,18.6095494306246,19,21.8586869130865,0.0502924655255598,18.7039027348316
-4.63030335937939,6.23966416688136,6,2.20285616131899,-1.31487343807779,12.5948426771381
-0.222509069690963,17.2693687924879,18,18.2381132499946,-0.547330660518881,15.5035484191577
-0.920065743693595,13.6099481257075,14,8.72888539250625,-0.821585788888568,14.2729415112708
-2.64268058346733,9.32158925559827,9,3.42168056799164,-1.93002892731683,11.1834220512677
-0.0827516276569022,18.0875598911403,16,20.4646167939025,-0.417384216667693,16.1643473788184
0.080643359645204,18.996674678842,19,22.8691045673523,-0.0439575365747929,18.2030183287444
-1.97628561330037,10.590112545214,10,4.08923374972646,-2.37089465023008,10.3828136116841
-0.10051070736719,17.9849269887658,16,20.1873808168822,0.119013809189345,19.0548712589
0.808859525929602,21.9100021805466,20,28.976429462157,0.504064551245674,20.712248703883
-0.249105140409947,17.1123058843476,18,17.8083368443111,-0.16176977012907,17.5569189138491
-0.306480230312345,16.7742270259988,17,16.883528219707,-0.119416802151951,17.790730446509
-4.38073158378848,6.57581723135698,7,2.33150137529492,-2.05231418117686,10.951455624259
-3.06181234871254,8.593844116324,9,3.1191200740814,-2.61194202610716,9.97506483904658
-2.61967439578238,9.36284060200392,9,3.43967178506591,-0.999683727583433,13.5936499630861
-1.75838521123354,11.0568539936186,12,4.45612821844123,-1.52219381096523,12.0570082680924
0.462020964075946,20.7520171493998,22,26.9824321626763,0.964343821625993,22.0475454621681
-0.36562836220369,16.4286821406043,13,15.9412065327802,-0.806644032772237,14.3340800801938
2.0439145232538,24.6753847278984,24,31.1118506042303,0.0374752010365998,18.6369873571515
2.60126861785793,25.7162741204282,25,31.5521299271676,1.74571229970849,23.6065919673329
1.46028621011816,23.4939970670265,23,30.5002235638617,1.69288898601535,23.5118659609143
0.341507393130246,20.2582147563514,19,25.9288279055049,0.733418080839325,21.4470118752748
-0.95439071861177,13.4674424331159,14,8.40614874679219,-0.676707946532722,14.8942359897509
-0.532817355764219,15.4857826909466,17,13.4075552004454,-0.414531748660507,16.1793358492392
-0.292312303059758,16.8575302240072,17,17.1112490160547,-0.38167865151884,16.3532568116365
-0.309612681882111,16.7558314419778,16,16.8332627762746,-0.528448258258744,15.596690589597
-0.511028445247202,15.6049811956347,17,13.7235271295411,-0.574388318493588,15.3719096570701
0.0826872734087085,19.0075479369973,21,22.8971203946361,0.483337324382907,20.6372555521318
0.826318924659656,21.9601295714286,19,29.0452632619171,0.893472608248644,21.8748566847494
0.420011307162337,20.5860490438138,21,26.6398192612598,0.109133265965255,19.0052745943684
-0.906502554456121,13.6673429624849,14,8.86062886226439,-0.706918697838404,14.7593791249564
0.580029789152898,21.185492420455,25,27.8150392828795,-0.235580419651058,17.1485745549396
-0.0586382911405229,18.2259605404795,16,20.8370510029611,-0.242071675105783,17.1127371586941
-0.849852945004911,13.9137239106166,16,9.43672215369261,-0.603186867369222,15.2342177697349
1.05072645378007,22.556236909153,21,29.7497805208956,1.8752625346806,23.8357329906061
1.519874468619,23.6206652296766,24,30.5777900352538,1.33433685303223,22.8400998116064
1.36403465515105,23.2852507028903,22,30.3624597074355,1.98760940392278,24.0313229330074
-0.0470000205577111,18.2923240351324,18,21.01498828209,-0.249753078993579,17.0703633133095
0.957771388313382,22.3190956413161,21,29.4941648414499,0.598521249118334,21.0349944320909
0.0522068157099197,18.8439592917587,20,22.4734028357005,0.171200163157836,19.3115643820169
-1.48535684622248,11.7170710380858,14,5.18640277595556,-2.48578823462936,10.1865822320293
0.271128300182572,19.9439548558677,18,25.2094710607342,0.03481864186837,18.6230657744109
0.351368199117968,20.3006924628457,22,26.0233495662549,0.0919664309961506,18.9183889743158
0.226420602900972,19.7341504791256,25,24.7112940259689,0.526185245530377,20.7905873446535
-2.21530123110238,10.1144967621996,11,3.80100976752366,-1.56392492923269,11.9579577972846
1.42905363491134,23.4268549975035,24,30.4573455685129,1.25961604932654,22.6910230058309
-3.03700481741992,8.635716483259,9,3.13600000503413,-2.11445528245592,10.836996592742
0.809034352091663,21.9105072554829,20,28.9771305990365,1.19053192565718,22.5491347314114
0.837910598375596,21.9930673780053,20,29.0896656899501,0.568212013381297,20.934728397539
-1.02303492642216,13.1941851454174,10,7.80640112264035,-1.4134291423392,12.3289888388551
-0.272895378184098,16.9719185021258,17,17.4241447874073,-0.827984705933191,14.2469607960575
-0.569309221964763,15.2890545944843,15,12.8895886248436,-0.712035206751722,14.7368189566285
-0.180026509840376,17.5199445311232,22,18.9230068129024,-0.124437167534655,17.7630759934943
-0.964247794404009,13.4272448951441,14,8.31629177976138,-0.740427488071719,14.6130930716427
-1.21720850120072,12.5026216786664,17,6.42803911579575,-1.31454670754942,12.5957574183874
0.173519676029884,19.4757640396122,23,24.0805713756297,-0.270531859078108,16.9559638537398
1.40004649354483,23.3639982782679,23,30.4160027450256,1.18774440289785,22.5433176457631
-0.866874408389312,13.8385645634746,14,9.25924487318663,-1.48972937720683,12.1360190472171
1.57959844672081,23.7459028608912,25,30.6506383689234,0.760796268059973,21.5244467680488
1.13047697198443,22.7508171239737,22,29.9369846128469,1.59885262526156,23.3410355245016
-0.554149001034843,15.3703310847319,16,13.1030256069362,-0.143546746245985,17.6576455952286
0.491830336246926,20.865953021699,23,27.2103002065395,0.672771846083284,21.2683501969129
-0.255507842903551,17.0745059195206,18,17.7049034644228,0.0354692470686987,18.6264768780985
3.71139390863747,27.5782116952885,27,32.294618616482,1.29016006310833,22.7524695019159
-0.516320896638953,15.5759128324166,17,13.6463325506299,-0.630634629531053,15.1053407306967
0.770500221140213,21.7975927130478,19,28.8165471714463,0.791554017566502,21.6092126524956
-0.0809626755194705,18.0978669986901,16,20.4924116238435,-0.472545663343194,15.8783588135604
-0.222102154698692,17.271771649544,18,18.2446867665108,-0.12501489224516,17.7598923385486
0.357372615589055,20.3263728864754,20,26.0801610937853,0.3475584042723,20.1063123753226
1.82718086932222,24.2499906490942,23,30.9141979905528,1.26025750154514,22.6923210935893
-0.0557870940678491,18.2422460366598,18,20.8807573789057,0.531630657263056,20.809607217625
-1.3666308211504,12.0439903954303,15,5.65498895730511,-1.03464920970132,13.4705686656887
2.7149528638696,25.9199342929404,26,31.6348486583813,1.33990807801678,22.8510533360507
-1.77579411891344,11.018005225065,13,4.42147294192402,-1.62282289816245,11.8226334802984
1.72913580366881,24.0529785308974,25,30.8159673333419,0.813587210900371,21.6685556332248
-0.823716306085811,14.0310183802309,16,9.7165457311867,-0.810473599188798,14.3183470594999
0.471780282339565,20.7896629578742,23,27.0584007071123,-0.10905323533601,17.8477492966484
1.37038340791258,23.2991931589986,23,30.3720867712375,1.2646774180156,22.7012564346139
-0.62938035149449,14.973611037701,14,12.0693752442617,-0.682483473704646,14.8682364698535
0.32689522977145,20.1945718106089,19,25.7859516386212,-0.0195238611886586,18.3346727758143
0.989527421915529,22.4014922343254,21,29.5865452371109,0.897251406326519,21.8842951341114
2.61504675971075,25.7411111262329,25,31.5622531592843,2.0713140323445,24.1754235711018
-0.224165660313113,17.2595862953545,18,18.2113504246437,-0.0274412732926051,18.2921328338802
-1.49153217429592,11.700845211184,15,5.16502469878482,-1.03855081581838,13.4570357157577
0.764463407513576,21.779605919747,18,28.7902560937726,1.29124799906953,22.7546447464779
3.56562770073647,27.3501826631373,28,32.2047869739267,1.12446723313286,22.4091302529377
1.56684195953358,23.7192888644399,23,30.6354528805232,1.10814494719323,22.3738065641353
0.364960031959554,20.3586242055017,19,26.1511483951842,0.676882362080395,21.2807850466516
0.533938237125974,21.0216890231242,23,27.5115589519839,0.617820137064815,21.0972860911356
0.45645791033113,20.7304063014363,22,26.9385247492817,0.43197727797178,20.4446312526524
2.31504004590336,25.1906735910187,25,31.3347166065795,0.832286508728681,21.7180569092263
0.854916723859258,22.0409098764072,20,29.1529943059708,1.16251899032377,22.490326062002
-1.62845252793454,11.3578084998671,12,4.75444518509385,-1.5203415709386,12.0614690938297
-0.740197352681125,14.4210571351532,9,10.6695920734739,-0.412414395846965,16.1904736033372
-0.0374008188420063,18.3468302029871,17,21.1607914419612,0.193063355572898,19.4163443317977
1.16002639832947,22.8211184276012,23,29.9999923798516,2.7911483990031,25.3688040974024
-0.681633586022822,14.70819106692,13,11.3905269265883,-0.177808326576937,17.4681740987606
0.0889823601665397,19.0409474486063,20,22.9830396176426,-0.0590174042310813,18.1213558231583
-0.588898046072055,15.1850143936662,15,12.6175821914256,-1.01239005591219,13.5485459174459
-0.0587527783770815,18.2253062462171,18,20.8352944871826,0.382025202282958,20.247750108111
-0.0774758986618625,18.1179387556153,15,20.5465124899494,-0.307042018615401,16.7560004366352
0.935461497985685,22.2602782426955,20,29.4258323867128,0.869630166381871,21.8146633604541
1.81280325543748,24.2212931200627,23,30.9002040043831,1.54947727719394,23.2500520125985
0.175510894878903,19.4856858735747,16,24.1051122294127,0.153558996217311,19.2258088563688
-0.567984992970445,15.2961279148708,16,12.908131340524,-0.375395766635001,16.3867754036536
0.0094907724380498,18.6097882308799,20,21.8593172416735,0.20873192273118,19.4903903399239
0.611872963074516,21.2948005533718,17,28.0095681754941,0.893313277089268,21.8744581164472
0.440268400105919,20.6668810364478,22,26.8082238895762,0.0532229311341469,18.7191417726819
0.3730089901,20.3925948948614,21,26.2254796799881,0.637123097216828,21.1584200005514
0.389604773794772,20.4618546030623,20,26.3755980150854,-0.0370233197937169,18.2404917058932
-0.246766438337299,17.1261150957307,17,17.8461233179912,-0.404018773947638,16.2347356371794
0.347543904481376,20.2842633291381,21,25.9868721696265,0.306409787538957,19.9314352762922
0.0104606640860165,18.6151649505919,19,21.873507374386,-0.19503464735844,17.3728197097413
-0.54558423746664,15.4165344208174,15,13.2247122144788,-0.939566288220616,13.8129863187695
-1.74425342106665,11.0886243897269,13,4.48510952483684,-1.76599997438331,11.5125809076743
-0.854285371080661,13.8940588633905,16,9.39014487976828,-0.90101581089393,13.9589004432986
0.572827223449371,21.160338820857,15,27.7693575965951,-0.20147544038768,17.3371695674468
-1.4065047500151,11.9308576029521,14,5.48472751003356,-1.27321440545512,12.7133446091045
-1.00504093620861,13.2643128156769,12,7.95775857655986,-1.33412650949625,12.5413412374209
-1.00701146038259,13.2565813499382,11,7.94098141756769,-1.00189387423958,13.5857734470752
0.171210121639906,19.4642370366993,16,24.0520296390196,0.373087812766951,20.211515390699
-0.248276727016623,17.1171972636288,17,17.8217212741504,-0.348362664682564,16.531856244582
1.59081360439466,23.7692427478547,24,30.6638312997679,1.09480242603271,22.3446986784632
1.73681965332845,24.0685333532762,23,30.8239185993575,0.214155411270759,19.5158135859694
1.144601044133,22.7845328215808,21,29.9674974662792,0.491307613414133,20.6662766905548
-1.20269634875152,12.5503651482808,16,6.51562480363834,-1.38148834180832,12.4130058134934
-2.55387072464303,9.48164210406775,9,3.49224859898398,-1.45608253883589,12.2198164524123
-0.4713639761726,15.8250915490895,18,14.3107828672931,-0.440797405070168,16.0420423020446
-0.744641777262786,14.399721398751,17,10.6166358446508,-0.979362186802424,13.6666892471019
0.377534196876596,20.4115843692826,22,26.2668310910204,0.412032480314167,20.3671626170766
0.91618185818759,22.2087987506266,20,29.3643680045113,0.358483765846239,20.151642777526
-3.78274930697667,7.44028297653164,7,2.66492072058359,-1.88843903284038,11.2646993162651
1.03276522934663,22.5113445491429,20,29.7037750792549,1.39223359636832,22.95294546972
-1.32006753739411,12.1807877293197,15,5.87200805102408,-1.46553505812554,12.1960731412345
-1.58356061232884,11.4669816955257,14,4.87664953580933,-1.96980331952021,11.1068907145309
0.815072279647298,21.927911710617,19,29.0011969261517,1.24360849268629,22.6585185651478
1.0613507642001,22.5825969990333,21,29.7762914019385,1.07049073856898,22.2910985673796
-0.0131083006307529,18.483772740977,18,21.5256352803453,0.541489540368813,20.843779906814
0.414797959016146,20.5650010892287,22,26.5955002803953,0.111109799023539,19.0152204453378
1.13790105522988,22.7685654315436,22,29.9531153521621,1.15466696144696,22.4736985537891
-2.80061335889435,9.04219650624434,8,3.30271858159137,-1.68303962176451,11.6892065022593
0.326576681318625,20.1931750693167,19,25.7827993714669,0.24919635450066,19.6774602411959
-3.01518216750339,8.67267239267613,8,3.15093558274334,-1.1112242749887,13.2121856600686
0.461110925433469,20.7484894817823,23,26.9752796178232,-0.0971442163158436,17.9131429427085
0.265659635587326,19.9187161483915,18,25.1502580186001,-0.434621051404236,16.0741789265322
0.811956714397899,21.91894052088,19,28.9888147330864,0.781818257637544,21.582629148647
0.416306448053137,20.5711017276441,24,26.6083655318986,0.185775173932637,19.3816026793642
-0.197827876817687,17.4150391157404,19,18.6364500288857,-0.287741589381161,16.861518408989
-0.9241354946739,13.5928463243205,15,8.68982084239273,-1.0529166150097,13.40755149621
-0.806425901956334,14.1098664781336,16,9.90650916006093,-1.15285064876619,13.0779703400742
0.0723418609474739,18.9523677343468,21,22.7547216313226,0.201300042151322,19.4553791989939
-0.33778850579507,16.5908039844136,14,16.3827727687003,-0.530958267830735,15.5842497158606
0.348970672563523,20.2903993568942,20,26.0005078992713,0.434536099476728,20.4544611147124
-0.76351657508656,14.3098342346031,18,10.3945280603783,-0.685382246848646,14.8552260740175
-0.794649176865984,14.1641408330863,16,10.0380993362628,-1.20548364861634,12.9143345693088
-0.277798160772162,16.9430150818824,16,17.3450661533334,-0.306624066167346,16.7582804441016
0.365169760513506,20.3595125293241,21,26.1530979205038,0.460638573418242,20.5533320121428
-1.58974828833973,11.4517554722784,12,4.85914120616505,-1.06652743406113,13.3611645776596
1.58197152883113,23.7508460075332,24,30.6534420885925,2.07374414456172,24.1795879021908
-0.584334203139112,15.2091539583037,14,12.6805689488933,0.162017693200784,19.2670602592848
0.0887420188134861,19.0396747680786,15,22.9797695220834,-0.12184135682519,17.7773774379568
-0.856009041685129,13.8864293254529,15,9.37210080810061,-0.924886508830357,13.8680578593241
-2.00608205183374,10.5290866493673,11,4.04824286905395,-1.40631579837834,12.3475283207928
0.22272545399579,19.7164568246839,19,24.6686837888302,0.584696386143279,20.989634805503
2.57435573265576,25.6676374273,25,31.5322746021752,1.52011540767661,23.1954733708781
-0.356718106474462,16.4804546851129,15,16.0820926328889,0.0228521759347041,18.5601401243787
-2.14437354161161,10.2525928414773,11,3.87805604923194,-1.76601415368578,11.5125513680957
-0.318874053953611,16.7014962025229,16,16.6848458348837,0.0969396374783815,18.9436513374654
1.42670676041332,23.4217877127013,23,30.4540566907243,0.241865729642824,19.6440212576701
0.234953229389482,19.7748022863691,17,24.808851386721,0.132126368102665,19.1202137351834
-0.948227804429136,13.4927393122004,11,8.46296911962761,-0.75354329930911,14.5567721156939
1.22781486262683,22.9791698749461,23,30.1333337240476,0.748863209759031,21.4909315647361
0.250246417469951,19.8469442627417,18,24.9807814956568,-0.120101345705873,17.7869608777326
0.861676127939988,22.0597707181181,20,29.1775812538336,0.954113079653846,22.02315864363
-2.06895096383603,10.4020953369776,11,3.96712796665513,-1.71370596028379,11.6230015325781
0.461998488469128,20.7519300606982,23,26.982255652841,0.270106578749081,19.7717300011922
0.72160067823582,21.6494504515516,18,28.5942130677612,0.884362924737699,21.8519899562191
1.22020698088753,22.9616414084361,22,30.1190888428322,1.55701971449784,23.264013327368
-0.0704879840144162,18.158093892475,16,20.6546397770278,-0.420296320679612,16.1490648347123
0.424722957328377,20.6049847847307,22,26.679526965651,-0.0489494894421346,18.1759902883218
1.54370375279561,23.6708300124874,24,30.6074010080627,1.76698456393269,23.6445134310496
1.49010818388085,23.5576162274886,24,30.5397016831432,-0.00651461271693807,18.4043012475528
0.250111480904883,19.8463117749403,19,24.9792809300715,0.48365874775206,20.6384303785242
0.123245046419746,19.2203120084223,23,23.4407242175434,0.39705567844476,20.307994622085
-0.0990206416227859,17.9935593741132,17,20.2107304605912,0.0121061879724561,18.5033408357606
-1.09232101605812,12.9339598686684,9,7.26192319552913,-1.39383840803564,12.3802841459605
-0.418467381563978,16.1243157800748,12,15.1159011541449,-0.555535578494091,15.4634008654744
-0.380171908433471,16.3444345377878,12,15.7122311271927,-0.0193210927084105,18.3357606482018
1.94930578136579,24.4912844162566,25,31.0283146647239,2.17396967010722,24.3504484238291
-0.875825054535278,13.7994316126002,15,9.1674276221156,-0.773282822596695,14.4729953288236
0.296185888766397,20.0580841539593,19,25.4746476896732,-0.0805314735033543,18.0041003998765
2.7967588111074,26.0646919422673,26,31.6932908240959,0.685438008660704,21.3065112971459
-3.38834048691172,8.05626825171689,9,2.9054592614271,-1.79130177885405,11.4601977452313
0.324307117267373,20.1832121748129,20,25.7602939129257,-0.536036298529671,15.5591361063423
-1.56714537327636,11.5076636151722,13,4.92418052575237,-0.612195101831918,15.1916659651938
-1.77665925026081,11.0160827712174,12,4.41977946161308,-1.04308827250393,13.4413476272304
0.419927291294818,20.5857106449027,22,26.6391082384794,0.414491199892963,20.3767943059812
-2.39234443246623,9.77870244065424,10,3.62993210109132,-1.47534332030717,12.1716041375475
5.54979599453673,30.0173213605412,30,33.2421078086388,2.58841621054893,25.0403650795345
0.34455731329291,20.2713934160772,19,25.9582259131546,0.0117558494797582,18.5014845755209
-0.371056487456187,16.3971997842834,15,15.8555983918667,-0.206783803272578,17.3077919678309
1.83815103751316,24.2718442375194,24,30.9247888951232,1.20564351828238,22.5805405014075
-1.91544560650875,10.7165771608497,11,4.1788023532508,-1.65908150487832,11.7417296604528
0.813386460415415,21.9230599438488,20,28.9945064768134,0.216206786914299,19.525401692306
-0.303479838091811,16.7918550399329,16,16.9317040793288,-0.0882174803809932,17.962059392257
-0.801908788218626,14.1306295783766,16,9.95677147502464,-0.76348952260671,14.5144113500674
-3.10027654495553,8.52921083772581,9,3.09314748163872,-1.26510856794999,12.7368473521674
0.496729594498242,20.8843822345823,24,27.2465750753053,0.547056819240116,20.8629286895234
-0.0421423309263114,18.3199336430859,17,21.0888832485443,-0.246091341343912,17.0905580731142
0.837504657553262,21.9919184324036,20,29.088127858335,1.17209030629119,22.5105081504858
-0.698844556458559,14.6226582793448,19,11.1742233587048,-0.623337566624704,15.1393770954763
0.0698862771769768,18.9392176844346,14,22.7207057255517,0.13196126697713,19.1193944435723
-1.12675580269738,12.8103006453373,18,7.01349007820817,-0.682256255096847,14.8692573814076
1.20734342245787,22.9318874725648,23,30.0946058495734,0.609182206599646,21.0695517102139
-0.457361985103703,15.9036986650669,18,14.5215894972048,0.0509759146524292,18.7074588446783
-2.39933660377213,9.76567224862463,10,3.62366680211121,-1.73543502362304,11.5767538383611
0.954030800130793,22.3092889423482,22,29.4829109329545,0.418082981266931,20.3908232441702
0.0307505472736726,18.7270211958686,19,22.1677824769401,-0.254751043056114,17.0428146756291
0.00142640122036499,18.5649802314711,19,21.7409075219002,0.301295374446991,19.9092423215406
0.452911300186649,20.7165708496482,22,26.9103021452733,1.4487242800151,23.0611219282739
-1.20443112192257,12.5446261514869,17,6.50503049885022,-2.3190527209097,10.4726518341375
-1.60932019555253,11.403974699237,13,4.80518596938947,-0.978239257325754,13.6707578717138
0.809603869995794,21.9121521552705,28,28.9794129586571,1.18387936338589,22.5352394332876
-0.750644823782675,14.3710062054641,18,10.5455051890673,-0.232642994861075,17.1647994976155
3.19593470176732,26.7492299423728,28,31.9669417940018,2.61300497792653,25.0805109112438
-0.0673616430773105,18.1760274950515,18,20.7028833963327,-0.108626555551595,17.8500947085717
-0.594036487392102,15.1579089964478,15,12.5469486208652,-0.470418340387372,15.8892454677669
-0.439536356620055,16.0044103925987,20,14.7924289412505,-0.182943323830906,17.4397513111642
-1.37193595597309,12.0287307476821,15,5.63153116522847,-0.748973266867017,14.5763367953119
-0.994308656031751,13.3066457974243,11,8.05000839687173,-0.792776532501393,14.3914182704703
-0.88047930744857,13.7791888837958,14,9.12009463602229,-0.682484196714703,14.868233221566
-0.941153373391093,13.5219337130604,14,8.52880041179737,-0.345606460048626,16.5467224430718
-0.0546158041246473,18.2489311231015,18,20.8986909738261,-0.0407837145380465,18.2201804420517
0.0166961231876962,18.649668021259,20,21.9644712272441,0.0871473893136692,18.8938396103474
1.05995961732921,22.5791534696762,22,29.7728491076375,2.09409612640421,24.2144227820728
0.341190568871816,20.2568436845591,20,25.9257656886389,-0.101150796456604,17.8911588228366
-0.311338472747676,16.7457003406105,16,16.8055835078881,0.110584216596942,19.0125769145385
-1.15410940997855,12.7146803206382,9,6.82635995264928,-1.28500168060574,12.6794288065461
0.0230691922526974,18.6848164631469,17,22.0569623313741,-0.298152734359925,16.8045421233549
0.120495501888438,19.2060722249598,22,23.4046281738897,0.715664996482425,21.3957556941607
-2.03826308586944,10.463795019369,12,4.00586337049049,-1.60429379892203,11.8646677265846
-0.0485859050248002,18.2832987209901,18,20.9908154162701,0.227716545280705,19.5789118006588
-1.46337416642727,11.775418994705,14,5.26475511860356,-1.30239888568823,12.6299304224083
-0.320133197936996,16.6941154162703,15,16.6646916825811,-0.384890911853644,16.336150468002
0.82371960318008,21.9527063908492,20,29.035165771781,0.666256743899072,21.2485406889311
2.55670973662266,25.6356598098553,26,31.5191962495623,0.555281423305013,20.8910230286459
-0.00533156832325315,18.5272930066731,18,21.6411082064827,-0.0538347188882722,18.1495003091063
-1.10982041758716,12.8706550834821,10,7.13386219734383,-1.39459663175231,12.3782849968498
-0.579261889756476,15.2360545065695,14,12.750849404911,-0.709694809441169,14.7471284251101
0.430774207835745,20.6291840626746,21,26.7300443262858,0.395135832503736,20.300347915416
0.379581245259608,20.4201488148862,21,26.2854337606795,0.16925091965019,19.302141401533
-1.82602868504286,10.9075894310885,11,4.32738216048398,-1.72395025705524,11.6011311144883
0.843078301453988,22.0076652033215,20,29.1091350152871,1.40737358221017,22.9821139010023
-0.390999397658567,16.2819351030468,20,15.5426123814924,-0.374698180728196,16.3905018002652
1.8624307033917,24.3200824212545,24,30.9479734480821,0.566072848909801,20.9275369074747
0.667119018974686,21.4774322141515,25,28.3197138750726,1.02869024747698,22.1971342973871
1.5768685008052,23.7402133395797,23,30.6474048570873,1.83609181700857,23.7668884068113
-0.571412769559422,15.2778289253944,15,12.8601733645384,-0.557173044866313,15.4554123732156
-0.600587294465262,15.1234667814317,14,12.4573384516118,-0.835797562007395,14.2154029693757
-0.938037744446863,13.5348440717501,13,8.55799887782607,-1.25969938012484,12.7526132722899
2.01712702032693,24.6234965554907,24,31.0885686340375,1.10409294282659,22.3649892623651
1.35828517998006,23.2726016931338,23,30.3536695059316,1.00693895584567,22.1472715812238
5.54800129157131,30.0153244563379,30,33.2413436863797,1.82680969189478,23.7505213296141
2.36057853415356,25.2755326829699,25,31.3703155503,0.606571637320305,21.0611232162004
-0.971353127017168,13.3984693146719,13,8.25229923551425,-0.76345286077506,14.5145669399062
0.931059330266626,22.2485779647687,20,29.4119992091211,0.195536792218957,19.4280918455168
1.12916248238035,22.7476685315747,21,29.934106984244,0.754086139497241,21.5056449354414
-0.783807669988428,14.2145123741622,17,10.1608136646496,-0.669455190376241,14.9270318240764
-0.436925196628192,16.0192208588292,10,14.8323257484736,-0.659291803383124,14.9732632015759
0.410791431224559,20.5487567074866,21,26.5611657997069,0.487363489177878,20.65194433097
-2.08431210226641,10.3714070033104,10,3.94830993984165,-1.27143296600866,12.7184972605825
1.30488387234973,23.1540423756109,23,30.2685678728289,0.810622701619078,21.6606360940064
0.605480248420667,21.2731007640583,16,27.9714715126124,0.440078739886583,20.4756689207908
-0.973563980902483,13.389549847181,12,8.23252077240012,0.0207520800756172,18.5490610860485
-1.20478679802321,12.5434505700979,8,6.50286256376509,-1.27935098060736,12.6956492402653
-0.275651689327058,16.9556676985831,17,17.3796820835975,0.342270573718504,20.0842066826057
2.6279682037787,25.7643652202259,26,31.5717217140089,0.773440460069827,21.5595715197047
-0.0582814043650637,18.2279999674503,19,20.8425257612008,-0.479050832068589,15.8451426140121
-0.85525871871224,13.8897492816545,14,9.37995075994202,-0.792028316378202,14.3945283005831
-0.588662480280808,15.1862588755541,14,12.6208275156369,-0.126507370796015,17.7516665857124
-2.27451963307163,10.0008520386205,10,3.7408089232731,-1.08861313593078,13.2869129977422
0.247755877910809,19.8352587570325,20,24.9530382962137,0.229866651480214,19.5888537298593
0.42943659819881,20.6238464952136,22,26.7189239437739,0.340010556361148,20.0747256849018
1.09002195259916,22.6530415083134,21,29.8453283102889,0.614866732754021,21.0878299212078
-0.57270613369728,15.270933155715,13,12.8421118269254,-0.234993050341964,17.1518185350747
-0.707162093999562,14.5816637976049,11,11.0710057606886,-1.19965312986832,12.932134691009
0.892375153395595,22.1443600378961,20,29.2852270089154,0.189703820397899,19.4003533787536
-0.316864335695734,16.7132799503691,15,16.717026143322,-0.0878076462419848,17.9643029489017
-1.44895964637989,11.8141908789497,14,5.3180969473925,-1.85475798769649,11.3315389187273
0.194526100629291,19.579667442981,15,24.3363310330247,0.526353758128951,20.7911774858148
2.25267292187929,25.0736829871084,25,31.2852050464041,1.29752977666862,22.7671872038337
0.288214033308109,20.0220445816528,27,25.3913759533572,0.150946089945523,19.2130172854964
-0.745790717107194,14.3942163700985,17,10.6029866315963,-0.9036460195051,13.9488119942133
0.980771204660735,22.3789231508419,21,29.5616258376294,0.773833612239136,21.5606573726765
1.32612182780511,23.201432561813,24,30.303185992907,0.792633122432027,21.6121453177143
1.0655261205066,22.5929178998169,21,29.7865711085276,0.874084308667504,21.8259938648947
0.0563239079175711,18.8662327503114,20,22.5313653287707,-0.0113550185206454,18.3784345596162
-1.04842164227996,13.0970425725773,11,7.59990076342516,-0.452878898237459,15.9794522022236
2.6345544247942,25.7762037458938,26,31.5765386574942,2.48976213957855,24.8784276101096
0.0529527326269543,18.8479987118064,22,22.4839207757574,0.380176498671242,20.2402801969291
1.13153794498322,22.7533571196122,21,29.9393024951597,1.00362647279403,22.1396168810224
2.8996800117499,26.2446694209845,27,31.7656215789997,2.43029604548813,24.7801409636159
0.110063441539947,19.1517979460871,22,23.2666642665408,0.325280411977797,20.0124466986056
2.82879864911901,26.120976501238,26,31.7159472425158,1.97905936445172,24.0165288842317
1.49428171641421,23.56648294281,23,30.5451189389108,0.309474346653803,19.944684968564
-3.52019703600698,7.84628297358462,8,2.8230875984751,-2.40150995421212,10.3301548081763
0.311132047309039,20.1249765784997,21,25.6280335435022,0.858953984680362,21.7873414535222
-1.48010827386207,11.7309181361817,14,5.20478814867552,-1.21502445961536,12.8853802180909
-0.504097254477736,15.6431600803811,17,13.8250485547079,-0.490246250332003,15.7882427152916
-0.498717463616518,15.6728782420887,19,13.9041742562685,-0.760259691844493,14.5281341516425
2.04214621827392,24.6719651424155,24,31.1103221092267,0.821479093360762,21.689541924902
1.0775471794623,22.6225129380193,22,29.8157381196823,0.654537313961015,21.2125934113074
0.584380574424502,21.20060896991,25,27.8423289546183,0.689569948014024,21.3188611039445
-0.91632476226626,13.6257172327643,12,8.76498397499014,-2.22358435331434,10.6405346837023
0.295469050356523,20.0548537216178,19,25.4672014206816,0.491079548256581,20.6654494721011
0.773951003232423,21.8078373933199,19,28.8314345096692,0.618656345155211,21.0999584661672
-0.376341052598614,16.3665936532339,12,15.7724212609527,0.0830826505539783,18.8730798264786
3.53926949321131,27.3084070444023,27,32.1883064651516,1.44349568421954,23.0511828151296
0.279999813518464,19.9846461403214,21,25.3045072498534,0.0924623951332539,18.9209116338129
-0.237218618625313,17.1824989973196,18,18.0004015645172,-0.450339140402316,15.9925795516623
0.202720108499689,19.6197347436388,24,24.4342079226055,0.44262815562973,20.4853849754936
0.289270228946271,20.0268339378956,19,25.4024671596849,0.0982014489583248,18.9500491561349
-1.87410055209652,10.8040805214663,11,4.2447569172641,-1.0329053359638,13.4766303633216
-0.637443782679744,14.9320973545435,14,11.9624755953378,-0.862357917948065,14.109456872125
1.94444839785479,24.48176795065,24,31.0239216070783,1.55758545712345,23.2650595944335
-2.3771490146189,9.80707639400883,10,3.64365839531291,-1.70402471974758,11.6437814761704
-0.0803948178257043,18.1011374695613,15,20.5012291181985,0.143296620578671,19.1754376141578
-0.807632573312954,14.1043314559017,16,9.89312686034061,-0.86565440704609,14.0964507664862
-1.52539137374072,11.6131165804403,14,5.05253137623202,-0.782635873057125,14.4337119364672
1.97221959146871,24.5360901908738,25,31.0488932859097,0.726992241196658,21.428556136487
0.0353473886448977,18.7521935966671,21,22.233751971927,0.496816641982737,20.6862014263681
0.349240639695313,20.2915595003886,20,26.0030844132537,0.0187061149550969,18.5382575806325
2.89620682777473,26.2386350045178,25,31.7632016657279,1.27311002802227,22.7182602019639
0.778484016235903,21.8212544689643,19,28.8508361259531,0.472764800365454,20.5984016975318
3.34043361067755,26.9879531116599,27,32.0616325055091,2.17150310898714,24.3462638054851
-1.55300803581404,11.5430445950887,12,4.96641299265194,-0.827232529857295,14.2500084897734
-0.0665227004472062,18.1808365312727,18,20.7158152637248,-0.143000232818041,17.6606639694413
-0.833982025097908,13.9846762632998,16,9.60558536998625,-0.587135976793531,15.3106503191068
3.59867219321389,27.4023213359729,27,32.2253455263221,2.17354990559581,24.3497363471654
2.11079244844417,24.8041369886793,25,31.1688444025845,0.870164266042299,21.8160241153929
-0.741322031889047,14.4156519289738,18,10.6561676879347,-0.817011664609575,14.2915874917557
0.279148913236055,19.9807568074893,19,25.295446763169,-0.151037835162115,17.6162569223282
0.993440355316679,22.4115416804763,20,29.5975487240482,0.540689645213694,20.8410198755214
0.310797363366452,20.123488329963,20,25.6246378222963,0.827574166200297,21.7056551542632
0.398372269291916,20.4980216642923,20,26.4532110126719,0.372302338603213,20.2083161263764
-2.38733714205287,9.78804378990675,10,3.63443837669113,-1.7596988489152,11.5257287984672
-1.47671018353604,11.7399110546884,14,5.2167981500775,-1.11122875702078,13.2121709757404
0.249263247654296,19.8423342035227,17,24.969841450046,0.504718485839335,20.7145895199206
0.0403018775937268,18.7792523815827,19,22.3045562560937,0.214156801774398,19.5158200903747
-0.572627438898822,15.2713525913788,14,12.843210255705,-0.516999656788123,15.653664778204
2.88192627397591,26.213794762416,27,31.7532366316888,0.64872603225556,21.1946169273675
-2.97759022512804,8.73660122399869,9,3.17686147477345,-1.48885843103194,12.1381632310152
0.251253371731466,19.8516618816246,26,24.9919700959945,0.422475854819804,20.4079144735326
0.901921173865056,22.1703170069569,21,29.3174024701598,1.22146988644002,22.6132035165593
-0.262484010640875,17.0333329022449,18,17.5921976371202,-0.679549608359739,14.8814308569284
1.31459069909427,23.1757423906972,22,30.2845216165127,0.369778265451149,20.1980193615327
-0.928185629228361,13.5758819168783,12,8.6511581701712,-0.516813685086886,15.6545933541497
-0.808410033806676,14.1007677990293,16,9.88451454535969,-1.20066120217996,12.9290513684318
-0.943898091450253,13.5105871402109,13,8.50318231549319,-1.10769277842196,13.223771524933
-0.643838821720523,14.8993159827791,12,11.8782453391491,-1.23503078606665,12.8253561427391
-0.570649143658115,15.2819025758151,15,12.8708459516446,-0.244164681300205,17.1011873913339
0.963298297517328,22.3335458210272,21,29.5106465181499,0.953473054075587,22.0216272138803
-0.897690207303739,13.7049638018198,14,8.94750719154234,-1.08138235034711,13.3110847212207
1.04948230081446,22.5531406919367,21,29.7466423141846,0.493596635131771,20.6745688081853
-0.229111334463835,17.2303793688004,20,18.13143994004,-0.0248410265671217,18.3061171133624
0.442173800353154,20.6744068363666,22,26.8237557715582,0.640052195260489,21.16759630126
0.801256612973261,21.8879749408919,18,28.9457014579063,0.0121061879724561,18.5033408357606
-1.46660879829638,11.7667748965122,14,5.2530016202462,-1.38789784939461,12.3959861858842
2.99236030421703,26.4046808601491,26,31.8296720891756,2.58772218630692,25.0392307070678
-0.285152876710019,16.8996812452968,14,17.2265259976149,-0.268024391316202,16.9697492847076
1.00297511226499,22.4359375170564,22,29.6240248098376,0.982628036270095,22.0907028710264
-0.977055266028228,13.3754976083793,12,8.20141600487426,-0.556550030181842,15.4584508569302
-0.220702974693502,17.2800337005795,20,18.2672887617594,-0.220691959825761,17.2308540652949
0.239757385868289,19.7975642966678,18,24.8632656283162,-0.426937875335852,16.1142841783798
0.699521167709308,21.5806589969341,18,28.4865292712545,0.581355284924458,20.9785788742721
-0.843673488263594,13.941249589845,15,9.50208258505432,-0.796342003808462,14.3766211127747
-3.42024625737397,8.00508405648126,7,2.88533791179532,-1.46364170233257,12.2008161769622
1.30266053525462,23.1490623084916,22,30.2648818857588,1.63770298318352,23.4119787867736
0.00593280507418484,18.5900414889066,18,21.807167966583,0.101224315195705,18.965356562091
0.202715130243029,19.6197104800815,16,24.4341487781295,-0.0736544681837814,18.0416517620893
0.261829149164778,19.9009673017529,18,25.1084964175142,-0.152936793274927,17.6057607946926
-2.57971961553044,9.43482918097826,10,3.47138793862515,-2.25583512829579,10.5834418486881
1.22343895653889,22.9690940229856,22,30.1251613978343,0.850743619806676,21.7661702465431
1.12752740298483,22.7437494420205,21,29.9305183992413,0.726148686002965,21.426125248193
-1.38196071770555,12.0000719032996,16,5.58788864904913,-0.803922467423758,14.3452876616232
-0.570749447567855,15.2813673973338,13,12.8694437178098,-0.145323597325836,17.6478309892555
-0.323114685979027,16.6766451444863,16,16.6169935646063,-0.224863446924219,17.2077907237699
-0.92504056059675,13.5890506056469,13,8.68116257965787,-0.857362168376633,14.1292273550672
-2.63224250589395,9.34028737498537,9,3.42981975956133,-1.9836597474667,11.0804860484782
-1.91906387035809,10.708981984316,11,4.17323666712064,-1.11916169907269,13.1862597480947
1.16922102676698,22.84281195435,22,30.0189631186927,1.01807969935506,22.1728967632619
1.02078155487687,22.4811560519561,21,29.6722233876155,1.39397034227646,22.9562982908242
-2.87054547540346,8.92051862623945,8,3.25217191215761,-1.55690472763795,11.9744297844187
-2.17622712412786,10.1902927600007,10,3.84272562436114,-1.63094364432612,11.8043608035175
-0.521909238901872,15.5452991469339,14,13.5651306327199,-0.246299373583944,17.0894105136074
-0.172437154877305,17.564608459233,14,19.0449043690793,-0.475430666301193,15.8636137768609
-3.49638757186035,7.88389907766473,9,2.83781053068738,-0.732988370325018,14.645271414215
-1.06484093044174,13.0353244873473,12,7.47066822249948,-0.880796917533566,14.037109895924
-0.586641832147594,15.1969405586412,14,12.6486912660014,-1.39341383682667,12.3814040710858
0.262981476233962,19.9063128099434,19,25.1210843806842,0.651160997095154,21.2021615019831
1.8659901821629,24.3271395467342,25,30.9513437028509,0.460435298644851,20.552571865184
0.539350287726755,21.0412764946119,25,27.5485853103361,0.736982712391137,21.4572031413451
1.06662958812536,22.5956419195668,21,29.7892748960767,0.832896166721483,21.7196578406219
1.55558200221177,23.6957371524948,24,30.6218852541707,1.10803651675116,22.3735708686725
-0.185301276402292,17.4888788695825,19,18.8381824235837,-0.458014550409757,15.9529572602092
-1.01865296382839,13.2111652166202,12,7.84287914196997,-0.531710129892785,15.5805266456715
0.292525205416384,20.0415659718622,20,25.4365355682004,0.434358981541669,20.4537815011746
1.22228518544367,22.966434593832,23,30.1229971636553,1.15441802885445,22.4731703553341
0.0224814263178945,18.6815798163066,18,22.048452757502,0.097358503946887,18.9457756664318
0.00528120449569863,18.5864212596335,18,21.7976015293189,0.757079164255511,21.5140453895686
-0.0609549635553022,18.2127153288805,17,20.801484941163,0.152721655899894,19.2217121310742
-0.277215162188369,16.9464513940894,18,17.354467273952,-0.663066297261165,14.9560563795447
-0.754228241536551,14.3539215495942,18,10.5032626722774,-0.672458458296265,14.9134317497065
-2.19846844597696,10.1470669194421,11,3.81877227974634,-2.93351042297482,9.45104299364175
-1.53232305365412,11.5954069687394,14,5.0304541770653,-0.987259520138529,13.6381721418907
-0.857444108415802,13.880084830319,16,9.35710734589993,-0.802096844887814,14.3528180779475
0.032480031644341,18.7364993920718,18,22.1926333890212,-0.276354781498296,16.9239740848671
-2.74989643440697,9.13121191766993,10,3.34013469683603,-1.75004415456099,11.5459557320053
-0.536229835338846,15.4672295533543,18,13.3585141514369,-0.0735330452252309,18.0423142112201
-0.933047418252152,13.5555901900611,13,8.60502874955588,-1.17233484648957,13.0166151138204
2.1743027536964,24.9253879549527,25,31.2216296222454,1.63108071521758,23.3999240687469
-2.32451641561141,9.90597382636538,10,3.69245419436817,-1.65972116583041,11.7403178970127
2.11087746668042,24.804299957111,24,31.1689158953552,1.63944787318176,23.4151525377715
1.83562602251946,24.2668174232788,24,30.9223576898018,2.52340219898085,24.9338029387279
-0.917698820743366,13.6199198180739,14,8.75170387365929,-0.969603528286476,13.7021618192997
-1.60979142727874,11.4028312815048,14,4.80389668374171,-2.53954053335117,10.0959906993884
3.75982601414589,27.65284854786,28,32.3239766623873,0.25737220747186,19.7145164259125
-2.17432752014075,10.1939949078465,10,3.84479796137059,-1.81208340780945,11.4176483372002
2.83536945278634,26.1324908286794,26,31.7205778932258,2.14001664220351,24.2927574424008
2.62699196429755,25.7626096342758,27,31.5710071931315,2.17145561649933,24.3461832228148
0.00486484230564152,18.5841073722346,18,21.7914861536703,-0.178394921894527,17.4649273775555
-0.913920056588397,13.6358783421992,14,8.78828417934891,-1.40719030007701,12.3452438716385
-0.951111932955641,13.4808850993512,12,8.43631698148496,-1.07496896146836,13.3326362124857
0.336443653674996,20.2362542844904,20,25.8796961034131,0.544650035389128,20.8546635865716
-0.338043468792074,16.5893146602078,24,16.3787114046303,-0.100898520774104,17.8925435668268
3.53558510263036,27.3025543948099,27,32.1859970047105,1.56601182273844,23.2806276772024
-0.613901333630341,15.053860933524,13,12.2767387963586,-0.429043212866824,16.1032805641296
-0.914857892813385,13.6319132042446,16,8.77918814574747,-0.964457849708155,13.7209709936158
3.33357455591631,26.9767320538858,27,32.0571882235553,1.89963772204927,23.8783968655178
1.69716709719761,23.9880407995394,24,30.782371005125,1.27193706255607,22.7158983980943
0.0857577426781417,19.0238556483105,22,22.939097523737,-0.0378862617791051,18.2358328436554
-1.46805076550714,11.7629280197409,14,5.24778727431021,-1.59666119959777,11.8821236348951
0.621575428003782,21.3275052389656,18,28.0665117688777,0.342385163494605,20.0846868712142
2.23128087942359,25.0333473474269,26,31.268009404853,0.80300345238135,21.6401897428681
-0.982722642281412,13.3527726799077,20,8.15125876999305,-1.2793520655868,12.6956461190276
0.0746304785001939,18.9646056182871,22,22.7863503591386,-0.124152609565301,17.7646440057152
-1.97778064658931,10.5870369230553,11,4.08713458468584,-2.23003055876301,10.6290904224318
-4.16359326594062,6.88005473321405,7,2.44840169758529,-1.20527400665041,12.9149731963988
-0.270215556273008,16.9877218029527,17,17.4673856484404,-0.883533520872288,14.0264559796929
1.31055683333259,23.1667328422722,23,30.2779189715814,0.821310247059011,21.6890943827772
-0.94719853204799,13.4969764903421,13,8.47250669772963,-0.900771044768729,13.9598402683841
-0.850529125468612,13.9107196965807,14,9.42960018593887,-0.8357912221864,14.2154285044874
-1.60478278769216,11.4150011266494,13,4.81750501917774,-1.98993124080432,11.0685769764773
-0.557969670257549,15.3497864323099,16,13.0489982017879,-0.25849275044767,17.0222029755288
5.65493211300944,30.1330595945847,30,33.2863561305788,1.13697838336552,22.4360009195565
1.12743763897788,22.7435342051255,21,29.9303210935623,0.406407935909221,20.3450425756602
-2.25761127197677,10.0331558551636,10,3.75765385471148,-1.07467248207673,13.3336350575849
-0.957176219056869,13.4560502967869,13,8.38062866364019,-1.03458712719512,13.4707843265686
-1.58493801487639,11.4635871884069,14,4.87273303008201,-1.82794275497299,11.3854535131674
0.411648557291235,20.5522369420005,21,26.5685311900213,0.458336383495611,20.5447139988939
0.524644210367691,20.9878268479065,16,27.4470872228553,0.409352577418995,20.3566382302556
2.21946530922875,25.0110226961379,25,31.2584622390717,1.02437404017429,22.1872943696833
-0.861072997166963,13.864072106749,14,9.31931216242947,-0.603385735596699,15.2332757050346
-2.80121595927472,9.04114278365433,9,3.30227801935633,-2.22804495336494,10.6326137928191
1.00919281404948,22.4517770115264,21,29.6410370779231,0.736603513734142,21.4561205911642
-0.360914663361523,16.4560565490117,15,16.0156835045173,0.0459840505059103,18.6814570581299
-0.257516501300868,17.0626494002635,16,17.6724268045364,-0.527799165826091,15.5999107723706
-0.958401375296514,13.4510478286865,14,8.36943588817596,-1.58035847978073,11.9196906953964
0.396649188803065,20.4909366754325,22,26.4380495745399,-0.0432575437866989,18.2068049537612
-0.999101397390912,13.2876941859819,11,8.00862940852618,-0.58120556135337,15.3390881364509
-0.833219243612976,13.9881075520784,15,9.61378330284887,-0.0170290971682122,18.3480517830084
0.280466148231239,19.9867764668986,18,25.3094679056119,0.190410421071267,19.4037200421051
0.249363062633663,19.8428024079595,17,24.9709528322814,0.188096599417949,19.392689024223
-1.51942785197004,11.6284194751309,13,5.07177886893703,-0.721554926054958,14.6950584720272
1.7491079156001,24.0933671824787,24,30.8365391622593,0.373092611589731,20.2115349291568
0.830647914993234,21.9724619807749,19,29.061964968943,0.394511373446222,20.2978576607804
-0.123121750731163,17.8535055253033,14,19.8312525739797,0.0224753855909528,18.5581531419229
-0.939810533595788,13.5274941218795,12,8.5413695402001,-0.783022866428647,14.4320922252813
-0.576512294236676,15.2506680449373,15,12.7890678733432,0.113345532320332,19.026455943056
-0.819118276320885,14.0518891420176,16,9.76668635956692,-0.645955530847551,15.03441262169
-1.25997449669569,12.3653670147171,16,6.18339551451125,-0.807668729750018,14.3298660342355
0.00630343690508782,18.5921001543946,20,21.8126071947657,-0.595146437469113,15.2724074022739
-0.59939446667917,15.1297288126872,13,12.4736187565456,-0.730858886718984,14.6545138525516
-0.567702693318812,15.2976364581195,15,12.9120867919361,-0.574143941944136,15.3730888013777
0.468882858586324,20.7785216303843,22,27.0359866623918,0.25707569796493,19.7131769351248
2.07740103963138,24.7399921596005,25,31.1405813530891,0.630900419775593,21.138838317947
-2.23451084257259,10.0774748292939,10,3.78110397603799,-0.890516605520149,13.9993671810782
1.16323439266859,22.8286968253065,21,30.0066445326793,0.866247295850615,21.8060312392561
1.79185300539933,24.179360976427,24,30.8795732842462,1.33274274310695,22.8369617590894
-1.68870033538289,11.2156904057261,13,4.60676443010373,-1.30105325624165,12.6337354280589
1.10884248625167,22.6987568332079,21,29.8887777927189,0.73994832122471,21.4656565678708
-0.623979436284443,15.0015287155852,14,12.1414079238322,-0.718754058057522,14.7073161626814
-0.000692602262598572,18.5531765522741,19,21.7096702943649,-0.304474698833563,16.7700092892793
-0.401894857330791,16.2192476764405,13,15.3727138809313,-0.814434766677341,14.3021192868978
1.70439734678814,24.0027592992327,23,30.7900440875787,1.26720431420475,22.7063577230014
2.25114855220206,25.0708122504726,25,31.283983445405,1.6838970505465,23.4956574492136
0.27791083911573,19.9750926396143,18,25.2822428414206,0.101515160796591,18.9668279055047
-0.65269546191235,14.8541261804046,12,11.7624027447137,-0.697936390043955,14.7991801739086
-0.744526974876383,14.4002717005361,17,10.6180005960457,-0.589377714161913,15.2999283628552
0.457726171408211,20.7353428735604,22,26.9485734941523,0.454770207512557,20.5313255127363
1.88838196173512,24.3714490998999,24,30.9723855771477,1.17893251390101,22.5248787130168
0.109672138705487,19.1497545781102,22,23.2614539571291,0.568694624665607,20.9363487306938
0.193179627656048,19.5730584871496,17,24.3201458317879,0.499711087466684,20.6966260223307
-0.308488903862056,16.7624299248653,17,16.8512919732088,-0.586454468281608,15.3139129100548
-0.292830688904854,16.8544795830456,15,17.1029071546666,0.132456771897587,19.1218530527568
0.0915005471050424,19.0542700836834,23,23.017253134955,-0.106212303193329,17.8633622537573
1.70982876702089,24.0138036305333,24,30.7957789582509,1.18846654915088,22.5448253664094
0.838266855896182,21.9940754343432,20,29.0910142792083,0.764497794236235,21.5347702787115
-0.462984913291637,15.8720772330688,19,14.4367237902656,-1.10223705704709,13.2417321721603
-0.32581315419352,16.6608412789659,15,16.573853403534,-0.0513771122631205,18.1628314282835
0.746643720730931,21.7260234456618,20,28.7107813084677,0.0168159483086989,18.5282680239756
1.11055706692335,22.7029015689333,22,29.8926649982615,1.60508654126044,23.3524558872942
1.39404951913991,23.3509406341372,24,30.4072619864839,0.452926714294776,20.5243859355823
-0.952599210304258,13.4747829874882,13,8.42261522431501,-1.02226868991058,13.513777307561
-0.593095313026833,15.1628678773656,12,12.5598635760367,-0.211677016147212,17.2807171281291
-0.886901443973743,13.7513762384286,15,9.05524458754258,-0.557361438490514,15.4544937916515
1.03987113101553,22.5291552009677,22,29.7221573680111,0.804363233206915,21.6438484903645
0.501969697387702,20.9040023008697,23,27.2850121455889,0.40715330716161,20.3479808903242
0.0330843600607891,18.7398091995109,19,22.2013081661768,-0.935808321986036,13.8270271998088
0.590545000014138,21.2219274850166,25,27.8806048864167,0.750203014389581,21.494712501057
-2.26226414463117,10.0242551700602,10,3.75299220102878,-2.00621006207766,11.0377832915342
-2.97730517690665,8.73708727714284,8,3.17705904623221,-1.38572646138774,12.4017429232563
-0.206985985795542,17.3610092011518,19,18.4887521310589,-0.507269196890603,15.702381111878
2.08552443961956,24.7556226520307,25,31.1474915684125,1.91874718130942,23.911753041882
-3.42745426880868,7.99355376281332,8,2.88080922282793,-1.83568374970772,11.3698233917664
0.0746533080126786,18.964727606199,20,22.786665500688,0.064803117235997,18.7791356808756
0.0874466525987251,19.0328120019261,20,22.962130673378,0.472313209617431,20.5967329837364
-0.847340286443915,13.9249008490776,16,9.46323899759008,-0.586457323795562,15.3138992368959
0.313761784525485,20.1366549447923,18,25.6546529543577,0.957452111997511,22.0311369999619
1.77970383312634,24.1549802381404,24,30.8674740239851,1.31394688128171,22.799828265761
0.0859938226097422,19.0251081746813,21,22.9423195633269,-0.218229168689748,17.2444734813691
-0.623427375638812,15.0043873781462,13,12.1487902218511,-0.384764527069504,16.33682311028
-1.58626370926179,11.4603228697838,13,4.86897390035092,-1.46518220719129,12.1969565826188
0.612355477340119,21.2964335203824,25,28.0124245022311,0.355891298823396,20.1409281820084
-0.611245226700723,15.0677044866596,15,12.3126034643972,-0.349829949585736,16.5239474853252
1.08295416742936,22.6357677087741,20,29.8286533473258,0.699696138536343,21.3489238135775
-1.93352531255176,10.6787220424756,12,4.15130543887558,-1.63261492274592,11.8006113471561
1.55016572468641,23.6843879206253,23,30.615302864486,0.742799637043534,21.4737627093021
2.36037562775003,25.2751556231083,25,31.3701578479459,0.74585861096827,21.4824359042765
1.10335316253498,22.6854649859994,22,29.8762537094477,0.0512945994765188,18.7091165982742
0.0617681419529187,18.8956024391779,19,22.6076672157146,0.0246321663853694,18.5695222157329
1.55663537665528,23.6979428410379,24,30.6231611521759,2.23047426960565,24.4460411530643
0.455288976562338,20.7258512414243,23,26.9292426717996,0.766886843673564,21.5414152530596
0.0966997669839441,19.0817076659916,20,23.0876079278889,-0.0614796577294298,18.1079700401441
2.09910671685252,24.7817201049033,25,31.1589955450041,0.931957527438998,21.9697377034922
-0.257402613060141,17.0633216185631,18,17.6742664684172,-0.342110473512005,16.5655974852225
0.0432290112558045,18.7952032920068,22,22.3462409817893,-0.0978108261987294,17.909486455701
4.57233348454315,28.8205340480257,29,32.780452887081,2.42340196817138,24.7687131378492
0.488168939540922,20.8521260606045,23,27.182976185705,0.5564548051915,20.8950123794451
1.06490855354663,22.5913927192655,20,29.7850555450538,0.443552553611105,20.4889019151263
1.20286214623682,22.921487101937,22,30.0859568676585,1.25008190221055,22.6716890496703
0.855668127916158,22.0430108340822,28,29.1557437047104,0.89305536663773,21.873812847843
-1.31710766123686,12.1896621851674,16,5.88649886485232,-1.02997457225918,13.4868357623763
1.22679386503031,22.9768204416353,22,30.1314320088302,1.52193338576334,23.1988635267189
1.31430422405643,23.1751029431871,24,30.2840539819916,0.907616047862013,21.9100443649215
-1.09756081252273,12.9149038042534,10,7.22318347320515,-0.92150342768965,13.8808349822936
-0.969581174782845,13.405629782712,13,8.26819683737388,-1.52893177631486,12.0408280397607
2.28195373338792,25.1287208182235,26,31.3085620509728,0.952583944846734,22.0194986400028
-0.0400683204045803,18.3317050903378,18,21.1203639500365,0.2756736725861,19.7965484401154
0.217373559965141,19.6907349854279,17,24.6065817043537,0.220819415430696,19.5469047913989
-1.06930840040992,13.0186816820739,10,7.4360915825363,-1.25460634920361,12.7675180855193
1.28306179966054,23.1050029944668,22,30.2318628012351,0.810322959417983,21.6598342377816
-2.81101299876243,9.02402426970455,9,3.29512803760996,-1.01650093514237,13.5340458048048
-0.296625167067334,16.8321554218887,15,17.0418680137508,-0.442436088239383,16.0335316047441
0.00575731746905812,18.5890666134359,21,21.8045920392247,-0.155513365726597,17.5915167918549
0.244928845164166,19.8219647078816,19,24.9214259610069,0.032446775087177,18.6106212186603
1.17446681596276,22.8551513330261,22,30.0296563883739,1.01732630683959,22.1711696115441
1.09157748085148,22.6568353761384,21,29.8489745303176,0.758223144022065,21.5172502171417
-1.13460404061463,12.7826315746292,9,6.95888337577135,-0.915614218664099,13.9031538386346
1.20715551274373,22.9314517289341,22,30.0942444324944,1.35786096790174,22.8862093213373
-0.441404966675419,15.9938205707411,18,14.7639121817566,-0.366947164908119,16.4319703023423
2.45915740650747,25.4576197608936,25,31.4459926530458,1.69574187953044,23.5170032302227
1.01591458843887,22.4688401031319,21,29.6592078125461,1.22114432074378,22.6125338974765
-0.245937655674582,17.1310089830704,16,17.8595144941006,-0.206234831292684,17.3108298488099
-0.201767090028715,17.391803087356,21,18.5729393051381,0.00156689033049545,18.4473779647061
2.01219664159502,24.613926086057,25,31.0842530951969,1.02464411003957,22.1879108463088
-2.68817620665335,9.24043430858885,9,3.38663556449599,-2.13433860684792,10.8007936543337
-1.67810304252428,11.2403471515036,12,4.63148816147342,-1.28630724182676,12.6756912010019
-0.0762683907360454,18.1248843790492,17,20.5652254332299,0.0796552379853347,18.8555377493679
-0.785266276139881,14.2077127378054,17,10.1442160875184,-0.576585264004145,15.3613172105915
-1.69063831610669,11.2111963485091,12,4.60229796150869,-1.4756838411437,12.1707576708066
1.19315709458129,22.8988999225392,22,30.0670086323387,1.23487973491694,22.6407029065264
0.324826615338446,20.1854944428352,19,25.7654525584543,0.656544484054872,21.218778908182
-0.0577011787331713,18.2313150798056,16,20.8514241750002,-0.298643265175628,16.8018608589092
0.205487986928617,19.63321017112,16,24.4670293547031,0.0590567780637685,18.7494108072845
-0.586416041881518,15.1981348910748,15,12.6518076869659,-1.24310079715698,12.8014062009085
-0.515331806607562,15.581339766235,17,13.66073771885,-0.313834135818033,16.7189813722731
-0.976404098455737,13.378115459176,12,8.20720548799813,-1.35160192868309,12.4934534871898
1.25565849959974,23.0428995911095,21,30.1840380772442,1.47557167061055,23.1119356460565
0.500976813084531,20.9002919491884,23,27.2777577457596,0.0115324262035145,18.5003006264529
-0.0236945067785196,18.4242770143475,17,21.3673959585949,0.977957819802381,22.0797305263951
-1.4831584158311,11.7228647338247,14,5.19407947010861,-1.15417617068762,13.0737669263511
-0.309788724299371,16.754797876963,15,16.8304388435969,-0.256863281808285,17.0311777632068
4.25830798837759,28.3881417567063,28,32.6120494909211,0.506860128476369,20.7222450075814
0.370392802460533,20.3815805696666,20,26.2014291515921,0.0808149550755302,18.8614771761556
-1.85653328789894,10.8416765631287,11,4.27417050684149,-1.55636088146116,11.97570900814
-1.3601150940458,12.0628215846248,15,5.68414678133771,-1.11948743006709,13.1851991964756
-2.24780991477777,10.0519336532814,11,3.76754051281728,-1.77578380678352,11.4922478489601
-0.359454987321466,16.4645400385148,15,16.0387715447102,-0.330422977517277,16.6288455601962
-0.518572381342527,15.5635689842379,16,13.6135788426671,-0.889499634338802,14.0033035459337
0.0672625649325067,18.9251452553802,20,22.6842700887793,-0.124482266335913,17.7628274778158
0.288605652308589,20.023820906924,18,25.3954904612108,0.227678148340458,19.5787341006496
-0.214918669491305,17.314185806883,19,18.3607061931747,-0.423493515992132,16.1323087951278
-0.070516784953482,18.1579285901619,24,20.6541949574157,-0.279396370164384,16.90727776827
0.0546267293794129,18.8570575788565,21,22.5074986511215,0.103682057889512,18.9777817965327
0.491701318439986,20.8654665851663,24,27.2093405106145,0.595881630473044,21.0263817443585
-0.427302228037838,16.0739254051492,11,14.9798336203678,-0.124482838717292,17.7628243237141
-1.52744124675034,11.6078707527896,13,5.04596974874181,-0.978935607091266,13.6682344369411
0.155646813087908,19.3860322345135,17,23.8575360114836,1.20518161097945,22.5795837352008
1.57383192325051,23.7338809431412,23,30.6437978255881,1.34034510539986,22.851911681889
-0.95008983545768,13.4850829077149,12,8.44574981409546,-0.660153318162584,14.9693319198813
-0.408645201584657,16.180517208571,20,15.2678672551031,-0.400224335240915,16.2547912163838
0.264748197915029,19.914498204587,19,25.1403425180946,0.778471610181839,21.5734387678472
-0.852024368939343,13.9040818851873,14,9.41387235910024,-0.943474095524109,13.7984272060591
0.462764107647938,20.7548956749267,22,26.9882642731712,0.870632530653187,21.8172166656589
-0.957494349550676,13.4547508497431,13,8.37772042214181,-1.26558337933731,12.7354665840033
-0.241271172285834,17.1585658662623,17,17.9349171778693,0.449300823809751,20.5106997976472
-0.295409946156796,16.8393038158995,17,17.0614122304889,-0.190283637940526,17.39911888192
-0.27653488947615,16.9504612859938,17,17.3654377820722,-0.213940384507426,17.2681956872736
1.16949194206832,22.8434498738235,22,30.0195176623457,0.916052918670742,21.9308564272396
-0.885552152202006,13.7572082156225,14,9.06882512668104,-1.36811062081842,12.448792434192
1.42361185459623,23.4151004694939,23,30.4497047587915,1.38817954257795,22.9451120416145
2.49500757785565,25.5232968091463,26,31.4730781255499,0.00481503840091479,18.4646517244071
-0.965939589682644,13.4203781618514,12,8.30099581159883,-0.950117264013134,13.7737742263759
-1.01372266227712,13.2303452045159,10,7.88421492966433,-0.836077624180423,14.2142750713122
0.140564535541232,19.3093758813191,16,23.6654976597321,-0.126466813393559,17.7518901390011
0.0517242343190591,18.8413449900838,21,22.4665942186617,-0.0586855368568443,18.1231592766454
-0.135298442490957,17.7824287767436,21,19.6381873375263,-0.0118658955587172,18.3757016590759
-0.973216457182633,13.3909508229377,12,8.23562556117066,-1.48194701154963,12.1552247982658
-1.86945980533971,10.8139873316795,12,4.252443121519,-1.7022766115769,11.6475453610182
1.14793339704423,22.7924570776139,23,29.9745896047114,0.432886549092261,20.448127099349
1.29619428830823,23.134557696137,23,30.2540932773527,0.169433937295396,19.3030266996675
-0.547483371365222,15.4062717532201,17,13.1976615655932,-0.292435539380468,16.8358142851826
0.25876578371011,19.8867311320145,19,25.074928541282,0.0878880958443331,18.8976174025625
2.15125749391662,24.8815036732564,25,31.2026158034143,2.17878860341557,24.3586210610451
0.31058187927575,20.1225298971131,22,25.62245056411,0.656692930385954,21.2192358993118
-3.0477515274402,8.6175591812675,9,3.12867487476948,-1.04217154122593,13.4445128337398
-0.250568960628235,17.1036630564664,17,17.7846871553846,-0.353009225298867,16.5068239447659
-1.56330761629603,11.5172362673991,14,4.93552450087946,-0.552210411525772,15.4796473345011
1.02922492261774,22.502446038839,21,29.6945264673379,1.58992517350807,23.3246553354536
-0.901486801870513,13.6887238617339,14,8.90995393707528,-0.608647634003452,15.2083933334722
1.28993722320305,23.1204924894951,22,30.2435554218348,1.57362335250166,23.2946658318096
-2.19117329209439,10.161220773712,10,3.82656693430165,-0.964630413091228,13.7203390419033
0.855443125971714,22.0423818325361,21,29.1549208415613,0.911770804892745,21.920309735443
0.0113247413181148,18.6199528296198,17,21.8861400832099,0.019741062346573,18.5437237448616
2.32606162039103,25.2112552626534,25,31.3433753469922,1.94775097639464,23.9622321485192
-0.520829841249492,15.5512057993315,15,13.5807900705788,-1.01794870536599,13.5289498721785
0.141749407542889,19.3154286855291,23,23.6807098155567,-0.0021730818751471,18.4274602156021
0.484815326338533,20.8394206105855,24,27.1577873025359,0.364957609207288,20.1782854806708
-1.3439962558553,12.1098366514576,16,5.75794867706918,-0.493758894386861,15.77046001083
1.04665790254189,22.5461045105563,21,29.7394916296893,1.55757145033091,23.265033692279
0.185959521285369,19.5375000650075,15,24.2328685118628,0.192181523502258,19.4121508157068
2.08191331620416,24.748676405889,24,31.1444225361848,1.43518190085346,23.03534923717
-0.932465187538427,13.5580160946669,12,8.61053687437003,-0.457300221245623,15.9566384796186
0.452928621658739,20.7166385312096,22,26.9104404220832,0.25166127920723,19.6886587736791
1.02020487841436,22.4796984478898,20,29.6706873348574,0.606746152866496,21.0616873352516
-0.918081360800351,13.6183069323808,15,8.74801104150606,-1.10823034816858,13.2220058766723
2.14172453229785,24.8633130337656,25,31.1947049354293,2.3629935475583,24.6682804386609
-0.505905573488102,15.6331874420323,17,13.7985159609648,-0.356107564705664,16.4901536156303
-0.540460710027299,15.4442710240786,15,13.2978822357159,-0.30606576269403,16.7613264543414
1.09727165261169,22.6706992437437,22,29.8622364119521,1.11992597605285,22.3993331896806
-0.0347779524803839,18.3616858039559,18,21.2004741336533,0.127284150621339,19.0961482530147
-2.46630457046919,9.64168104482743,9,3.56516306515363,-2.54369339019728,10.0890213586308
0.430309021729835,20.6273285403129,21,26.7261799231447,0.692806723038534,21.3285017094851
-0.639168789040131,14.9232423904536,14,11.9397070850775,-0.486546917294806,15.8070068635064
-2.0472649286515,10.4456409125362,10,3.9943376622982,-1.55688768952441,11.9744698541956
-0.166835879965638,17.5975441871328,19,19.1347463755032,-0.596481811575727,15.2660511304042
2.1491437045253,24.8774720683124,24,31.2008640284345,0.426272975224174,20.4226288417998
1.44593484269816,23.463212398115,24,30.4807234662964,0.530720226416835,20.806434455878
-0.86005371545431,13.8685653056416,14,9.32991081801573,-0.915201303557406,13.9047223593156
-0.283609954911983,16.9087694847087,15,17.2513847827217,0.13256546611943,19.1223922679246
-0.48338772271567,15.7579583260692,19,14.1311811936661,-0.256437705543925,17.0335221006394
0.919326397716848,22.2172374371841,19,29.3745501569093,1.29563306657116,22.7634032796598
1.71171338648344,24.0176333904197,24,30.7977630931162,1.39895820261941,22.965917533867
-0.233759997447431,17.2029251261467,20,18.0562874195326,-0.235543993991856,17.1487757246138
-0.659188145285728,14.8211538521189,12,11.6780808765192,-0.510556813463035,15.6858915709444
-0.272470148834744,16.9744259195579,18,17.431005404672,0.199208948932015,19.4454922532239
0.440260080657676,20.6668481479676,14,26.8081559587853,0.227902346938694,19.5797716087313
2.63065697526216,25.7691993752507,26,31.5736889454046,1.07380039971068,22.2984392375584
0.748309376030197,21.7310632811951,19,28.7183299965452,0.713043998045189,21.3881168702573
1.80942489018956,24.2145406314971,24,30.8968966578617,2.19477574285467,24.3857072647373
-0.0532062061946452,18.2569723685948,16,20.9202567301161,0.483843892951645,20.639106927139
