"ID","Theta","Item1","Item2","Item3","Item4","Item5","Item6","Item7","Item8","Item9","Item10","Item11","Item12","Item13","Item14","Item15","Item16","Item17","Item18","Item19","Item20","Item21","Item22","Item23","Item24","Item25","Item26","Item27","Item28","Item29","Item30"
1,0,0,0,1,1,1,0,0,0,1,1,1,0,1,0,0,1,0,0,1,0,0,1,0,0,1,1,0,1,0,0
2,0,1,1,1,1,1,0,0,1,1,1,1,0,1,0,0,1,0,0,0,1,0,0,1,0,0,1,0,1,1,1
3,0,0,1,0,1,0,0,1,1,0,1,0,1,1,0,0,1,1,1,1,0,1,1,1,0,0,1,1,1,1,1
4,1.00524894984237,0,1,1,1,0,1,1,0,1,0,1,0,1,1,1,1,1,0,1,0,0,1,1,0,1,1,1,1,1,1
5,0,0,0,0,1,1,0,1,0,0,1,1,0,1,1,1,1,0,1,1,1,0,1,1,1,0,0,1,1,1,0
6,0,0,0,1,1,0,0,0,0,1,0,1,1,1,1,1,1,0,0,1,1,1,1,1,0,0,1,0,1,1,0
7,0.421240516316351,1,0,1,1,0,0,0,1,1,1,1,0,0,1,1,0,0,0,0,1,1,1,1,0,0,1,0,1,0,0
8,0.497506300656102,0,0,1,1,0,0,0,1,0,1,1,0,1,1,1,1,1,0,1,0,1,1,0,0,1,1,1,1,1,0
9,-1.12578082890133,0,0,0,1,1,0,1,1,1,0,0,1,1,1,1,0,1,1,1,0,0,1,0,1,0,0,1,1,0,0
10,-1.02729972283177,1,0,0,1,0,0,1,1,0,1,0,1,0,1,1,0,0,1,0,0,0,0,0,1,0,0,0,1,0,1
11,-0.348899342946857,1,0,0,0,0,0,1,1,1,1,1,1,1,0,0,1,0,1,0,0,1,0,1,0,0,0,0,1,0,1
12,-0.37712560626175,1,0,1,1,1,0,1,0,0,0,1,0,0,0,0,1,1,1,0,0,0,0,0,0,0,0,1,1,1,0
13,-1.1003700926931,0,0,0,0,0,0,1,0,0,1,0,0,0,1,0,0,0,0,0,0,0,1,0,0,0,0,0,0,1,0
14,-0.91292318591567,1,0,0,1,0,1,1,1,0,1,0,1,1,0,1,0,1,1,0,0,0,0,0,0,0,0,1,0,1,0
15,-0.834220099505446,1,0,1,0,1,0,0,0,0,1,0,1,1,0,1,0,0,0,0,0,0,0,0,0,0,0,0,1,0,0
16,0.272366421290913,1,1,1,1,1,1,1,0,0,1,1,0,1,1,1,1,0,0,1,0,0,1,1,0,1,1,0,1,0,0
17,-0.714079232644707,1,0,0,1,0,0,0,1,0,0,0,0,1,0,0,0,0,1,1,1,1,1,0,0,0,0,0,0,1,0
18,-0.79677114102843,1,1,0,1,0,1,1,0,1,0,0,0,0,0,1,0,1,1,0,0,0,1,0,0,0,0,0,1,0,0
19,0,1,1,1,1,0,1,0,1,0,1,1,0,1,0,0,1,0,1,0,1,1,0,1,0,0,1,0,1,0,1
20,-0.551338684165689,0,1,0,1,0,1,1,1,1,1,0,1,1,1,0,1,0,0,0,0,0,1,0,1,0,0,0,1,0,0
21,0.647665731221629,0,1,1,1,1,0,1,0,1,1,1,0,1,1,0,1,1,1,1,0,1,0,1,1,0,0,1,1,1,1
22,0,1,1,0,1,0,0,0,0,0,0,1,1,1,1,0,1,1,1,1,1,0,1,1,1,0,0,1,1,0,1
23,0,1,0,0,1,0,1,0,0,0,1,1,1,1,0,0,0,0,1,0,1,1,0,0,1,0,0,0,1,1,1
24,-1.01431704224422,0,0,0,0,0,1,1,1,1,1,0,0,0,1,1,0,1,0,0,0,0,0,1,0,0,0,0,1,1,0
25,0,0,1,0,1,0,0,0,1,0,0,1,0,1,0,1,1,1,0,1,0,0,0,1,1,0,1,0,1,0,0
26,-0.0288396273824177,1,1,1,1,1,0,1,1,0,1,0,1,1,1,1,1,1,0,1,0,0,1,0,0,0,1,0,1,1,0
27,0.0781605349885142,0,0,1,1,0,1,1,0,0,1,1,1,1,1,1,1,0,1,1,1,1,1,0,1,1,0,1,1,1,1
28,0,1,0,1,0,0,0,0,1,0,0,1,1,1,0,0,1,0,1,1,1,1,0,1,0,0,0,0,1,1,1
29,0.752896890448189,1,1,1,1,0,0,1,0,0,1,1,0,1,1,0,1,0,0,1,0,1,1,1,0,1,1,1,1,1,0
30,0,0,0,0,1,1,0,1,1,0,1,1,0,1,1,0,1,1,0,0,0,0,1,0,1,0,0,1,1,1,1
31,0,0,0,0,1,1,0,1,1,0,0,0,0,1,1,1,0,1,1,1,1,0,1,0,1,1,1,1,1,0,1
32,0,0,0,0,1,1,1,1,1,1,1,1,0,0,0,1,0,0,0,1,0,1,0,0,0,0,0,1,1,1,1
33,-0.337986025695556,1,1,1,1,1,0,0,0,1,0,0,1,1,0,0,1,1,1,0,0,1,0,0,0,0,0,1,1,1,0
34,0.728874914974552,0,0,1,1,1,1,0,0,0,1,1,1,1,0,1,1,1,1,1,1,1,1,0,1,1,0,0,1,1,0
35,0,0,1,1,1,0,0,1,0,0,1,1,1,1,1,0,1,1,1,0,1,0,1,1,0,0,1,0,1,0,0
36,-0.148684385730524,1,1,1,1,1,1,0,0,0,0,0,1,1,1,1,0,1,0,1,1,0,0,0,0,1,0,1,1,1,0
37,-0.348546713203245,1,0,1,1,0,1,0,0,1,1,0,1,0,0,0,0,1,1,1,1,0,0,1,1,0,0,1,1,0,0
38,-0.797947081489874,1,0,0,1,1,1,0,1,1,1,0,0,0,0,1,0,0,0,1,0,0,1,1,1,0,1,1,1,1,0
39,0.652081745170457,1,0,1,1,1,0,1,1,1,0,1,1,1,0,1,1,1,1,1,1,1,1,1,1,1,1,1,1,0,1
40,0,0,1,1,1,1,1,0,0,1,1,0,0,1,0,1,1,0,0,1,0,0,0,0,0,0,1,0,0,0,1
41,-1.21233101152702,0,1,0,0,0,0,0,1,0,0,0,0,0,0,0,0,0,0,0,1,1,1,1,0,0,1,1,0,0,0
42,-0.860525895050731,0,0,1,0,1,0,0,0,1,0,0,0,1,0,0,0,0,0,0,0,1,0,0,0,0,1,1,0,0,0
43,0.918825717965013,0,0,1,1,1,1,1,0,0,0,1,0,1,1,0,1,1,1,1,0,1,1,1,0,1,1,1,1,1,1
44,0.354648475673007,1,0,1,1,0,1,0,0,1,0,1,0,1,1,0,1,0,1,1,0,0,1,0,0,0,0,1,1,1,1
45,0,1,0,1,1,0,0,0,0,0,1,1,0,1,1,1,1,1,1,1,0,1,0,1,0,0,1,1,1,1,1
46,-2.14203383751563,1,1,0,0,0,0,0,0,1,1,0,1,0,0,0,0,1,0,0,0,0,1,0,0,0,0,0,0,0,1
47,0.236423339835814,0,1,1,1,0,1,1,1,1,1,1,0,1,1,0,1,0,0,1,0,1,0,0,0,0,1,0,1,0,0
48,-6.80235847277869e-06,1,0,1,1,0,0,0,1,0,1,0,0,1,1,0,0,0,1,1,1,0,1,1,1,0,1,0,1,0,0
49,1.79736687181439,1,0,1,1,1,0,1,1,0,0,1,1,1,1,0,1,0,1,1,0,0,1,1,0,1,1,1,1,0,1
50,0.654743515582976,1,1,1,1,1,0,0,1,0,1,0,0,1,1,1,1,1,0,1,0,0,1,0,1,0,1,1,1,1,1
51,0.855970581286856,1,0,1,1,0,0,0,0,0,0,1,0,1,1,0,1,1,1,1,1,0,0,0,1,1,1,0,1,0,0
52,-0.310237138129527,1,1,0,1,0,0,0,1,0,0,0,0,0,1,0,0,0,1,1,0,1,0,0,0,0,0,0,1,1,1
53,-0.162292794213254,0,1,1,1,1,1,0,0,1,0,1,0,1,0,0,0,0,0,1,1,1,1,0,1,0,1,1,1,1,1
54,0.52473364183073,1,1,1,1,1,0,1,0,0,1,1,0,1,1,0,1,0,0,1,0,0,1,0,1,0,1,1,1,0,1
55,1.73174982306553,1,0,1,1,1,0,0,1,1,0,1,1,1,1,0,1,1,1,1,1,0,1,0,0,1,1,1,1,0,0
56,0.253238305403078,0,0,1,1,1,0,0,1,1,1,1,1,1,0,1,1,1,1,1,1,0,1,0,1,0,0,0,1,1,0
57,0.823519608587342,0,0,1,1,0,0,0,1,0,0,1,1,1,0,1,1,1,0,1,0,0,1,0,0,0,1,1,1,1,0
58,-0.359929437968543,1,1,0,1,0,0,0,0,0,0,0,0,1,1,1,1,1,0,1,0,1,1,0,1,0,0,0,1,1,0
59,-0.0780931582001743,1,0,1,1,1,0,1,1,0,1,1,1,1,1,1,1,1,0,1,0,0,1,0,1,0,1,0,1,0,0
60,-0.277863988243682,1,1,0,1,0,1,0,0,1,1,0,0,1,1,1,0,1,0,0,1,0,1,0,0,0,0,0,1,1,1
61,0,1,1,1,1,1,0,0,0,1,1,1,0,1,1,1,1,1,1,1,1,0,1,0,0,0,0,1,1,0,0
62,0.740562017658586,1,0,1,1,1,1,1,1,1,1,1,0,1,1,1,1,0,1,1,0,1,0,0,0,0,1,0,1,0,0
63,0,0,1,1,1,1,1,0,0,0,1,1,0,1,1,0,0,1,1,1,1,1,0,0,1,0,1,1,1,1,0
64,-0.92741639047215,1,1,0,1,1,0,1,0,1,1,0,0,1,0,0,0,1,0,0,0,0,1,0,0,0,0,0,0,0,1
65,-0.800821420731781,1,0,0,0,0,1,0,1,0,1,0,0,0,1,1,0,1,0,1,1,0,0,0,1,0,0,1,0,1,1
66,0,0,0,0,1,0,0,1,0,1,0,1,0,1,0,1,1,0,0,1,1,0,0,1,1,0,0,1,1,1,1
67,0,1,1,0,1,0,0,1,0,0,0,1,0,1,1,1,1,1,1,0,1,1,0,0,1,1,1,1,1,0,1
68,-0.228777605261713,1,0,1,1,0,1,0,1,0,1,1,1,1,1,1,0,1,1,1,1,0,1,1,0,1,0,1,1,1,0
69,0,1,1,1,1,0,1,0,0,1,0,1,1,1,0,1,1,0,0,1,0,1,1,1,0,0,1,0,1,0,0
70,2.10597966609942,0,0,1,1,0,0,1,0,0,0,1,0,1,1,0,1,0,1,1,1,0,1,1,1,1,1,1,1,1,1
71,-0.865006955867396,1,1,0,1,1,0,1,0,0,0,0,1,0,1,1,0,0,0,0,0,1,1,1,0,0,0,1,0,1,1
72,0.0317832777646794,0,1,1,1,1,0,0,0,1,1,0,0,1,1,0,1,1,0,1,1,1,0,1,0,1,0,1,1,1,1
73,0,1,0,1,1,1,0,0,1,1,1,1,1,1,0,1,1,1,1,0,1,0,1,1,1,0,0,1,1,0,0
74,0,0,0,0,1,0,0,1,1,1,1,1,0,1,0,0,0,1,0,1,1,0,1,1,0,0,1,1,1,1,0
75,-1.12577629434924,0,1,0,0,0,0,1,1,1,1,0,1,0,0,0,1,0,1,0,1,1,0,1,0,0,1,0,0,0,0
76,0,1,1,0,1,1,1,0,1,1,0,1,1,1,1,0,1,0,1,1,1,0,0,1,1,0,0,1,1,1,1
77,-1.49970554110297,1,1,0,0,1,0,1,0,0,0,0,0,0,1,0,0,0,1,0,0,0,0,0,0,0,0,1,1,0,0
78,-0.0312162613733646,0,1,1,1,0,1,1,1,1,1,0,1,1,0,1,1,0,0,1,1,0,1,1,0,0,1,0,1,1,0
79,0,1,0,0,1,0,0,1,0,1,1,0,1,0,0,0,1,1,0,1,1,0,0,0,0,0,1,1,1,0,0
80,1.10995838347485,0,0,1,1,1,1,1,0,1,1,1,1,1,0,0,1,0,0,1,1,1,0,0,0,1,1,1,1,1,1
81,0,0,0,1,1,0,1,0,0,1,1,1,0,1,1,0,1,1,1,1,0,1,0,1,0,0,0,1,1,0,1
82,-1.39534867576873,1,0,0,0,0,1,1,1,1,0,0,0,0,1,0,0,0,0,1,1,0,0,0,0,0,0,1,0,1,0
83,-0.527634631949433,0,0,0,0,0,0,0,0,0,1,0,1,1,1,1,1,0,1,1,0,1,1,1,0,0,1,1,1,0,0
84,-0.720909976312774,0,1,0,1,1,1,0,1,0,1,0,1,0,1,0,0,0,0,1,1,0,0,1,0,0,1,1,1,0,0
85,0,1,0,0,1,0,0,1,1,1,1,1,1,1,1,1,1,1,1,1,0,1,0,1,0,0,1,1,1,0,1
86,-1.57868218078256,0,0,0,0,0,0,0,1,0,1,0,1,0,0,0,0,0,1,0,1,0,1,0,0,0,0,0,0,1,0
87,0,1,1,1,1,0,0,0,1,1,0,1,1,1,0,0,1,0,1,1,0,1,1,0,0,0,0,0,1,1,1
88,0,0,1,1,1,1,1,1,0,0,1,1,1,0,1,1,1,1,0,1,0,0,1,1,1,0,1,0,1,0,0
89,-1.16996505719827,0,0,0,0,0,0,0,0,1,1,0,0,0,0,0,0,1,1,0,1,1,0,1,1,0,0,0,1,0,0
90,0,0,0,1,1,1,1,1,0,0,1,1,0,1,1,0,1,1,0,1,1,0,0,0,1,0,0,1,1,0,1
91,0.775425224363205,0,1,1,1,1,1,0,0,1,0,1,0,1,1,0,1,0,0,1,0,1,0,1,0,1,1,0,1,1,1
92,0.421640209838012,1,1,1,1,1,1,0,0,1,1,1,0,1,1,0,1,0,0,1,1,1,0,1,0,1,1,0,1,0,0
93,-0.0288732045989747,0,0,1,1,1,1,0,1,0,1,1,1,1,1,0,1,0,0,1,0,0,0,1,0,0,0,0,1,1,1
94,-0.616636204350592,1,0,0,1,1,0,1,0,0,0,0,1,1,1,0,0,1,0,0,0,1,0,1,0,0,0,1,0,0,0
95,-0.513280948842166,0,0,0,1,0,0,1,1,0,1,0,1,1,0,0,0,0,1,1,1,0,0,1,1,0,0,1,1,0,1
96,-0.871434566524816,1,0,0,0,0,0,0,0,1,0,1,0,0,0,0,0,0,1,1,1,0,0,1,0,0,0,0,0,1,0
97,-0.259709461148676,0,0,1,1,0,0,0,1,0,1,0,0,1,0,0,0,0,1,1,0,0,1,0,0,0,0,0,1,1,1
98,0,0,1,1,1,0,0,1,1,0,0,0,1,1,1,0,1,0,0,0,0,0,0,0,1,1,1,0,1,0,0
99,0,0,0,1,0,1,1,0,0,0,1,1,1,1,0,1,1,0,1,1,0,0,1,0,1,0,1,0,1,1,0
100,-0.693311752834469,0,0,0,0,0,0,0,0,1,1,0,0,0,1,1,1,1,0,1,1,1,1,1,1,0,1,0,1,1,0
101,1.50046140848582,1,1,1,1,1,0,1,1,0,1,1,1,1,1,1,1,0,1,1,0,0,1,0,1,1,1,1,1,1,1
102,0.0754415926722542,0,1,0,1,0,0,1,1,1,0,1,0,1,1,0,1,0,1,1,1,0,0,0,0,0,0,1,1,0,0
103,0,0,1,1,1,1,1,0,0,1,0,0,1,1,1,1,1,0,1,1,0,0,1,0,1,0,1,1,1,1,0
104,0,1,0,1,1,1,1,0,0,0,1,1,1,1,1,0,0,1,1,1,1,1,1,1,1,0,0,0,1,1,1
105,0,1,0,1,1,1,1,0,1,0,1,1,1,1,0,1,1,0,1,1,0,0,0,0,1,0,1,1,1,1,1
106,0,1,0,1,1,0,0,1,1,0,1,0,0,1,1,1,1,1,0,1,1,0,1,0,1,0,1,0,1,0,1
107,0,0,0,0,1,0,0,0,0,1,1,1,0,1,1,1,1,0,0,1,0,0,0,1,0,0,0,0,1,0,0
108,-1.16997079710399,1,1,0,1,1,1,1,1,1,1,0,0,0,1,1,0,1,0,1,1,0,0,1,1,0,0,0,1,1,0
109,0.266672469322888,0,1,0,1,1,1,1,1,0,0,1,1,1,1,1,1,0,1,1,0,0,1,1,0,0,0,1,1,0,0
110,0.655752328772813,1,1,1,1,1,1,0,1,1,1,1,1,1,0,0,1,0,1,1,1,1,1,1,0,1,1,1,1,0,1
111,0,1,0,1,1,1,1,0,1,0,1,0,1,1,0,0,1,1,1,1,0,0,0,0,1,0,1,1,1,1,0
112,0,1,0,1,1,0,1,1,0,1,0,1,0,1,1,0,0,0,1,1,1,0,1,0,0,0,1,1,1,0,0
113,0,0,1,1,1,1,0,0,0,1,1,0,0,1,0,0,1,0,0,0,0,0,0,1,0,0,1,1,1,0,0
114,0.934806944053944,0,1,1,1,1,0,0,1,1,0,1,1,1,0,0,1,1,0,1,0,1,1,1,0,0,1,1,1,1,0
115,-0.172263626958856,0,0,0,1,0,0,0,1,1,1,1,0,1,1,0,0,0,1,1,1,1,1,1,0,0,0,0,1,0,1
116,-0.853018737787405,0,0,0,0,0,0,1,0,1,1,0,0,0,0,0,1,0,0,0,1,0,0,0,0,0,0,0,0,1,1
117,1.16614983513948,0,1,1,1,0,0,1,0,1,1,1,1,1,0,0,1,1,0,1,0,0,1,0,1,1,1,1,1,1,1
118,0.220956820382807,0,1,1,1,1,1,0,0,1,1,1,0,1,1,1,1,0,0,1,1,1,0,0,1,0,1,0,1,0,0
119,-0.762256052191579,1,0,1,0,0,0,1,0,1,0,1,1,1,0,0,1,1,1,0,0,0,0,0,1,0,1,0,0,0,1
120,0,0,0,0,1,1,0,1,1,0,0,1,0,1,0,0,1,0,1,1,0,0,0,0,0,0,0,1,1,0,1
121,-0.471057918920729,1,0,0,1,0,1,1,0,0,1,0,1,1,0,1,1,0,1,1,0,1,1,0,0,0,1,0,1,1,1
122,0,1,1,0,1,1,0,0,1,0,1,0,0,1,1,1,0,1,1,1,0,0,0,0,1,0,0,0,1,1,1
123,-0.396769695936099,0,1,0,1,0,1,1,0,1,0,0,0,0,0,1,0,1,0,0,0,0,0,0,0,0,1,1,1,0,0
124,0,0,1,1,1,1,0,0,1,0,1,0,0,0,0,0,0,1,1,1,0,0,0,0,0,1,1,0,1,0,1
125,-1.83117984422393,0,0,0,0,1,0,0,1,1,0,0,1,0,1,0,0,0,1,0,0,0,1,0,1,0,0,1,1,0,0
126,-0.0778355018495983,0,0,1,1,0,1,1,1,1,1,1,1,1,1,1,1,1,1,1,1,1,1,1,0,0,0,0,1,1,1
127,1.15016484182065,1,1,1,1,1,1,0,1,1,1,1,1,1,1,0,1,0,0,1,1,0,0,1,1,1,1,0,1,0,0
128,-0.7981055436912,1,0,0,0,1,1,0,0,1,1,0,1,1,0,0,0,0,0,0,1,0,0,0,1,0,0,1,0,1,0
129,0.76514620395197,0,1,1,1,0,1,1,1,1,1,1,0,1,1,1,1,1,0,1,0,0,0,0,0,1,1,1,1,1,1
130,0,0,0,1,1,1,1,1,1,1,1,1,0,1,1,1,1,0,0,1,1,0,0,0,0,0,1,0,1,1,1
131,-0.492225048364752,1,0,0,1,0,0,1,1,0,1,0,1,0,1,1,1,1,0,0,0,1,1,0,0,0,0,1,1,0,0
132,0,1,1,0,1,1,1,1,1,1,0,1,1,1,1,1,1,0,1,1,0,1,1,0,1,1,0,0,1,0,0
133,0.895829765224044,1,0,1,1,0,0,1,0,1,1,1,1,1,1,1,1,0,1,1,0,1,1,1,1,0,1,0,1,0,1
134,0.878964639531017,1,1,1,1,0,1,0,1,1,0,1,0,0,1,1,1,1,0,1,0,1,0,1,1,1,1,1,1,1,1
135,-0.498197820438628,1,1,0,0,1,1,1,1,0,0,0,0,1,0,1,1,1,1,1,0,0,1,0,1,0,1,1,1,0,1
136,0,1,1,1,1,0,0,1,0,0,1,1,0,1,1,1,1,0,1,1,1,1,1,0,0,0,1,1,1,1,0
137,0.304913326845171,1,1,1,1,0,1,1,0,1,1,0,1,1,1,0,1,1,1,1,1,1,0,1,0,0,1,0,1,0,1
138,0,1,0,1,1,0,1,1,0,1,0,0,1,1,1,1,1,1,0,1,1,1,0,0,1,0,0,1,1,0,0
139,0.819477952660676,1,1,1,1,0,0,1,1,0,1,0,1,1,0,0,1,0,0,1,1,1,0,1,0,1,1,1,1,1,1
140,0,0,0,1,1,1,0,1,1,0,0,0,1,1,1,1,0,0,0,1,1,1,0,0,1,1,1,0,1,0,0
141,0,0,1,1,1,0,0,0,1,0,0,1,0,1,1,1,1,0,1,1,1,0,1,1,0,0,1,0,1,0,0
142,-0.988617600030003,1,1,0,1,0,1,1,0,0,0,0,0,1,0,1,0,1,0,0,1,1,0,1,0,0,0,0,1,1,1
143,0.644775196416463,1,1,1,1,1,0,1,1,0,0,1,0,1,1,1,1,0,0,0,0,0,1,0,0,1,1,0,1,1,1
144,-0.790083338084347,1,0,0,1,0,0,0,0,1,0,0,1,0,1,0,0,0,0,1,0,0,0,1,1,0,0,1,1,0,0
145,0.0497961109673333,0,1,0,1,0,1,1,0,0,0,1,0,0,1,0,1,1,1,1,0,0,0,1,0,0,1,0,1,0,1
146,-0.242727674405271,1,0,0,1,0,0,1,1,1,1,1,1,1,1,1,0,1,1,0,0,0,0,1,1,0,0,0,1,0,1
147,1.1166503549683,1,1,1,1,0,1,0,0,0,0,1,1,1,0,0,1,1,1,1,0,1,1,0,1,1,1,0,1,0,1
148,0.157556500962774,1,0,1,1,0,0,1,1,1,0,1,1,1,1,0,1,1,0,1,0,1,1,1,0,0,1,1,1,0,1
149,0,1,0,1,1,0,1,0,0,1,0,1,0,0,1,1,1,0,1,1,0,0,0,1,1,0,1,0,1,1,0
150,0.163193029708127,1,0,1,1,1,1,1,0,1,1,1,1,1,1,0,1,0,1,1,1,1,1,1,1,0,0,1,1,0,1
151,-0.762068261709308,1,0,0,1,1,0,0,0,0,0,0,0,0,1,0,0,1,0,1,0,0,1,0,0,0,0,0,0,0,0
152,-0.208010552432999,0,1,0,1,0,0,0,0,0,1,1,1,1,0,1,1,1,0,0,0,1,1,0,1,0,1,0,1,1,0
153,-0.758509565543801,0,1,0,1,0,1,0,0,1,0,0,0,0,0,1,0,1,0,0,0,0,1,0,0,0,1,0,1,0,1
154,0.717885081146074,0,0,1,1,0,0,0,0,0,0,1,1,1,0,1,1,1,0,1,0,0,1,1,0,1,1,0,1,1,1
155,-0.641512721296948,0,1,0,1,0,0,0,0,0,1,0,0,0,0,0,1,1,0,1,0,0,1,1,0,0,0,0,1,1,0
156,0,0,0,1,1,0,1,1,1,0,0,1,1,1,0,0,0,1,0,1,1,1,0,0,0,0,1,1,1,1,1
157,0,0,0,1,1,0,0,1,0,0,0,1,1,1,1,1,1,0,0,1,1,1,1,1,0,0,0,1,1,1,1
158,-2.00353029158317,0,1,0,0,0,0,0,0,0,0,0,1,0,0,0,0,1,0,0,1,0,0,0,0,0,0,0,0,1,1
159,0,0,1,1,1,1,1,0,0,1,1,1,1,1,1,1,1,0,0,1,0,1,1,1,0,1,0,0,1,0,0
160,0.215079543179189,0,1,1,1,0,0,0,1,1,1,1,1,1,1,1,1,1,1,1,1,0,1,1,0,0,0,1,1,0,0
161,1.40906619185487,1,0,1,1,1,0,0,0,1,1,1,1,1,1,1,1,1,0,1,0,0,1,1,1,1,1,1,1,0,1
162,0.327517261924318,1,1,1,1,0,0,1,0,1,0,0,1,1,1,0,1,1,0,1,0,1,0,0,0,1,0,0,1,1,0
163,1.26977561101598,1,1,1,1,0,1,1,1,1,1,1,0,1,1,1,1,1,1,1,1,1,1,1,1,1,1,0,1,1,1
164,0,1,1,1,1,0,0,1,0,1,0,1,0,1,0,1,1,1,1,1,0,0,1,0,0,0,0,1,1,0,1
165,0.844684306739195,1,0,1,1,1,0,0,0,1,1,1,0,1,1,1,1,1,1,1,0,1,0,0,0,0,0,0,1,1,1
166,0,1,1,1,1,0,0,1,1,1,1,1,1,1,0,0,0,0,0,1,1,1,0,0,1,0,1,1,1,1,1
167,-1.2090976549533,1,0,0,1,0,0,0,1,0,1,0,0,0,0,1,0,0,1,0,1,0,1,0,1,0,0,0,1,1,1
168,0,0,1,0,1,0,1,0,1,1,1,1,1,0,0,0,0,0,0,1,1,0,1,0,1,0,1,0,1,0,0
169,0.992660559662411,1,1,1,1,1,0,1,0,1,0,1,1,1,1,0,1,1,1,1,1,0,1,1,0,0,1,1,1,1,1
170,-1.79197225545724,0,1,0,0,0,0,1,1,1,1,0,0,0,0,1,0,0,0,0,0,0,0,1,1,0,0,1,1,0,0
171,0.302342712371424,0,0,1,1,1,1,1,1,0,0,0,1,1,0,0,0,1,1,1,1,1,0,1,1,1,1,0,1,1,1
172,0,0,0,1,1,0,1,0,1,1,0,1,1,1,1,0,1,0,0,1,0,0,1,0,0,0,0,0,1,0,0
173,0.895277845209081,1,1,1,1,0,0,1,1,1,0,1,0,1,1,1,1,0,1,1,1,1,0,1,1,1,1,1,1,1,1
174,-0.76497055490144,1,0,0,0,1,0,1,1,1,0,0,0,0,0,0,1,0,1,0,1,0,1,0,0,0,0,1,1,0,1
175,-1.1972559423434,0,1,0,1,0,0,0,0,1,0,0,0,0,1,1,0,0,1,0,1,0,0,0,1,0,0,1,1,1,0
176,-1.40265027244112,0,0,0,0,0,1,1,1,1,0,0,1,0,0,1,0,0,0,1,0,0,1,0,0,0,0,1,0,1,0
177,0,0,0,1,1,1,0,1,1,1,1,1,1,1,1,1,1,1,1,1,0,0,0,0,1,0,1,0,1,1,0
178,-2.55127239005949,0,0,0,0,1,1,1,0,0,0,0,1,0,1,1,0,0,1,0,0,1,0,0,0,0,0,1,0,0,1
179,-1.65303408696173,1,1,0,0,1,0,0,0,0,0,0,0,0,1,0,0,0,0,0,0,0,1,1,1,0,0,1,0,1,0
180,-1.41688874139835,1,0,0,0,0,0,1,0,0,0,0,0,0,0,1,0,0,0,0,0,0,1,0,0,0,0,0,0,1,0
181,-0.215008324591332,0,0,0,1,0,1,0,0,1,0,0,0,1,0,1,0,0,0,1,1,0,0,0,1,0,1,1,1,0,0
182,0.020894519867135,0,0,0,1,1,0,0,1,1,1,1,0,0,0,1,0,0,1,1,0,1,0,0,1,0,0,0,1,0,1
183,-0.62651079431852,1,0,1,1,0,1,0,1,1,1,0,0,0,1,1,0,0,1,0,1,0,0,1,0,0,0,0,1,1,1
184,0.942001857626827,0,1,1,1,1,0,0,1,0,0,1,1,1,1,1,1,1,0,1,1,1,0,0,0,1,1,1,1,1,1
185,-1.37639095544584,0,0,0,1,0,0,0,0,1,1,0,1,0,0,1,0,0,1,0,1,0,1,0,1,0,0,1,0,0,0
186,-0.752245399040774,1,0,0,0,0,0,0,1,1,0,0,0,1,1,0,0,0,0,1,0,0,1,0,0,0,0,0,0,0,1
187,0.0260924874941007,1,1,1,0,0,0,0,1,0,0,1,0,1,1,0,1,0,1,1,1,0,1,1,0,0,0,0,1,1,1
188,0,0,1,1,1,0,1,1,0,1,0,0,1,1,1,1,1,1,1,1,1,0,1,1,1,0,0,1,1,1,0
189,-1.21921329431895,1,1,0,1,1,0,0,1,1,1,0,0,0,0,1,0,0,0,1,1,0,0,1,0,0,0,0,0,1,0
190,0.573110797668403,0,0,1,1,1,0,1,1,0,0,1,1,1,1,1,1,0,0,1,0,0,1,0,0,0,1,0,1,1,0
191,-0.0888552712166844,1,0,0,1,1,0,0,0,0,1,1,0,1,1,1,1,1,0,1,0,0,1,1,1,0,1,1,1,0,0
192,0,0,1,1,1,1,1,0,1,0,1,1,1,1,0,0,1,0,0,1,1,0,1,1,0,1,0,1,1,0,1
193,0.487934872057902,1,1,1,1,1,0,1,0,0,1,0,0,1,0,0,1,0,0,1,0,1,1,0,0,1,1,1,1,1,0
194,0,0,1,1,1,0,0,1,1,1,0,1,0,1,1,0,1,0,1,0,0,0,0,1,0,0,0,0,1,0,1
195,0,1,0,0,1,0,1,1,1,0,1,0,0,1,1,1,1,0,1,1,1,0,0,0,0,0,0,1,1,0,1
196,-1.53468869979045,1,1,0,0,0,0,0,0,0,0,0,0,0,1,1,0,0,0,0,1,1,1,1,1,0,0,1,0,1,1
197,0,1,0,1,1,1,0,0,1,1,0,1,1,1,1,0,1,1,0,1,0,0,0,1,0,0,0,0,1,1,1
198,0,1,0,0,1,1,1,0,0,1,0,1,1,1,1,0,1,1,1,1,0,0,1,0,0,0,1,0,1,1,0
199,0,0,0,0,1,0,0,0,0,0,0,0,1,1,0,1,1,1,0,0,0,0,0,0,0,1,0,0,1,0,0
200,0,0,0,1,1,1,0,0,0,1,0,1,1,1,0,0,1,1,0,0,1,0,1,1,0,0,1,1,1,0,1
201,-1.44771874357057,1,0,0,0,0,0,0,1,1,1,0,0,0,0,0,0,1,0,0,0,1,1,0,1,0,0,0,0,1,1
202,0,0,0,0,1,1,0,0,0,0,0,0,1,1,1,1,1,0,0,1,0,0,1,1,1,0,1,0,1,0,0
203,0.0399603580208595,1,1,1,1,0,1,0,1,1,0,0,1,1,0,1,1,1,0,1,0,1,0,0,1,1,1,0,1,1,1
204,0.941742826106109,0,1,1,1,0,1,1,0,1,1,1,0,1,1,1,1,0,1,1,0,1,0,1,1,0,1,1,1,1,1
205,0.561466132158798,1,0,1,1,0,1,1,0,1,1,1,0,1,0,0,1,1,1,1,1,0,1,1,0,1,0,1,1,0,1
206,-0.0782364606925449,1,0,1,1,1,1,0,1,0,0,0,0,0,1,0,1,0,1,1,1,1,1,0,0,0,1,0,1,1,0
207,0,1,1,0,1,1,1,1,1,1,1,0,1,1,1,1,1,1,0,1,0,1,1,0,0,0,1,0,1,0,0
208,-0.272468655443673,0,1,1,1,0,0,0,1,1,1,0,1,0,0,1,0,1,0,0,0,0,1,0,0,0,0,0,1,0,0
209,0.173085575856916,0,1,1,1,0,0,1,1,1,0,0,1,1,1,1,1,0,0,1,0,0,1,0,1,0,1,1,1,1,1
210,-0.548428432760656,1,1,1,1,0,1,0,0,1,1,1,1,0,0,0,0,1,0,0,0,1,1,1,1,0,0,1,1,0,0
211,-1.12058356877612,1,0,0,1,0,0,0,1,0,0,0,1,0,0,1,0,0,0,0,0,1,0,1,0,0,0,1,0,1,1
212,-0.587999628484731,1,1,1,1,0,1,0,0,0,1,0,1,0,0,0,0,1,0,0,0,1,1,0,1,0,0,0,1,1,1
213,0,0,1,1,1,1,0,1,0,0,1,1,1,1,1,0,1,0,0,1,0,0,1,0,0,0,1,0,1,0,1
214,0.116714869979049,1,1,1,1,1,1,0,1,0,1,0,1,0,0,1,1,0,0,1,0,0,1,0,1,0,1,1,1,0,0
215,-2.82670694468573,1,1,0,0,0,0,1,0,1,1,0,0,0,0,1,0,0,0,0,0,0,1,1,1,0,0,0,0,0,1
216,-2.15975144831343,1,0,0,0,0,1,0,1,1,1,0,1,0,1,0,0,0,1,0,1,1,1,0,0,0,0,0,0,1,1
217,0,0,1,0,1,0,1,0,0,1,1,0,1,1,1,0,1,0,0,1,0,0,0,1,1,1,1,0,1,1,0
218,0,1,1,1,1,0,0,1,0,0,0,0,0,1,1,1,0,0,0,0,0,1,0,1,0,0,1,0,1,1,0
219,-0.253411649670274,1,1,0,0,0,0,1,1,1,1,0,0,1,1,0,0,1,1,1,0,1,1,0,1,0,0,1,1,1,1
220,0,1,1,1,1,0,1,0,1,0,0,0,0,1,0,1,1,0,1,1,1,0,1,1,1,0,0,0,1,0,1
221,0.477620463800403,1,0,1,1,0,1,1,1,0,1,1,0,1,0,0,1,1,0,1,0,0,0,0,0,0,1,1,1,1,0
222,0.6271716684927,0,1,1,1,0,0,1,0,1,1,1,1,1,1,0,1,0,0,1,0,0,1,1,1,1,1,0,1,0,0
223,-1.3823446857131,1,0,0,0,1,0,0,0,0,0,0,0,0,1,0,0,1,1,0,0,1,0,1,0,0,0,0,1,0,0
224,-1.99970852822009,0,1,0,0,1,1,0,0,0,0,0,1,0,1,0,0,0,1,0,0,1,0,1,0,0,0,0,0,1,0
225,0,0,0,1,1,0,1,1,1,0,0,0,1,1,0,0,0,0,1,1,1,1,0,1,0,0,1,1,1,1,0
226,-0.488791181795358,1,1,0,0,1,0,0,0,0,1,1,0,1,1,1,0,1,1,0,0,1,1,0,0,0,1,0,1,0,0
227,0,0,0,1,1,0,0,0,0,0,0,0,1,1,0,1,1,1,0,1,0,1,0,1,0,0,1,1,1,0,0
228,0.647251507979081,1,1,1,1,0,0,1,0,1,0,1,1,1,1,1,1,0,1,1,1,1,0,0,0,0,1,0,1,0,0
229,-0.424929791719146,1,0,1,1,0,0,0,0,0,0,0,0,0,0,1,1,0,1,1,0,0,0,0,1,0,1,1,1,0,0
230,0,0,1,1,1,0,0,0,0,1,0,0,1,1,1,0,1,1,0,1,1,1,1,1,0,0,0,0,1,0,1
231,-0.505520993898917,0,1,1,1,0,0,0,0,1,1,0,0,1,1,0,0,0,0,1,0,0,0,1,1,0,0,1,1,0,1
232,0.441369155231686,0,0,1,1,0,1,0,0,1,0,1,0,1,1,1,1,0,1,1,0,1,1,0,0,0,1,1,1,1,1
233,0,0,0,1,1,1,0,0,1,1,1,1,1,1,1,0,1,1,0,1,0,1,0,0,1,0,0,0,1,1,1
234,-0.772886511259096,0,0,0,1,0,1,1,0,1,1,0,1,0,1,0,0,1,1,0,1,0,1,1,0,0,0,1,1,1,1
235,-0.684763017834888,0,1,0,0,1,0,0,1,0,0,0,1,0,0,0,0,1,0,0,1,1,0,0,0,0,0,1,1,0,1
236,0.051764534824295,0,0,1,1,0,1,1,1,1,1,1,1,1,1,0,1,1,1,1,1,1,1,1,0,0,0,0,1,1,1
237,0,0,1,1,1,0,1,0,1,1,0,0,0,1,1,1,0,0,1,1,1,1,0,1,1,0,1,1,1,0,0
238,0,1,0,1,1,1,1,0,1,1,0,0,1,1,0,0,1,1,1,1,1,1,1,0,0,0,1,0,1,1,0
239,-3.4883884625719,1,1,0,0,0,0,0,1,1,0,0,1,0,0,1,0,1,0,0,0,0,0,0,0,0,0,0,0,1,1
240,1.27659074156729,0,1,1,1,1,1,0,0,0,1,1,1,1,0,1,1,1,1,1,1,0,1,0,1,1,1,1,1,1,1
241,0.453652772088066,0,0,1,1,1,1,0,0,0,1,1,0,1,0,1,1,1,0,1,0,0,0,1,0,0,1,0,1,1,0
242,1.50121813958516,0,1,1,1,0,0,0,1,0,1,1,1,1,1,1,1,1,1,1,1,1,1,0,1,1,1,1,1,1,0
243,0.421419384900987,0,1,1,1,0,1,0,1,0,0,1,0,1,0,1,1,1,1,1,1,0,1,1,0,1,1,0,1,1,0
244,0,1,0,1,1,0,0,1,0,0,1,0,1,1,1,0,1,1,1,1,1,1,1,1,0,0,1,1,1,1,1
245,-0.935312415981143,1,1,0,0,1,1,0,1,0,0,0,1,0,1,1,0,0,0,0,0,1,1,1,1,0,0,1,1,0,0
246,-0.729208237515926,1,1,0,1,1,0,1,0,1,0,1,0,0,0,1,0,1,1,1,1,0,0,0,0,0,0,1,1,0,1
247,0,0,0,1,1,0,0,0,1,1,0,1,0,0,1,1,1,1,0,1,1,1,1,1,0,0,1,0,1,1,0
248,-0.474628563059559,0,1,0,1,0,0,0,0,0,0,0,0,1,0,0,1,0,0,1,0,0,0,1,1,0,1,0,1,1,0
249,-1.29994888147254,0,0,0,0,0,0,0,0,1,0,0,0,0,1,0,0,0,0,0,0,0,0,1,1,0,0,1,1,1,0
250,0.00282412378654853,0,0,0,1,0,1,0,1,1,0,0,0,1,1,0,0,0,1,1,0,0,0,1,0,0,1,1,1,0,0
251,-1.30600128572241,1,1,0,0,0,0,0,1,1,0,0,1,0,0,0,1,1,0,0,0,0,0,1,1,0,0,0,0,0,0
252,1.00871024497435,0,0,1,1,1,1,1,0,1,1,1,1,1,1,1,1,0,1,1,0,0,1,1,0,1,1,0,1,0,1
253,0,0,1,1,1,0,0,1,1,0,1,0,0,1,1,0,1,0,1,1,0,1,0,0,0,0,1,1,1,0,0
254,-0.000688497588573639,0,1,1,1,1,0,0,0,0,1,1,1,1,1,0,0,1,0,1,1,0,0,0,0,0,1,1,1,1,1
255,1.10976101647001,0,1,1,1,0,0,0,0,0,1,1,1,1,1,1,1,0,0,1,0,0,1,1,0,1,1,1,1,1,0
256,0.0632017115863923,0,1,1,1,0,0,1,0,1,1,1,0,1,0,0,1,1,0,1,1,1,1,0,1,0,1,0,1,0,1
257,0,1,0,1,1,0,1,0,0,0,1,1,1,1,0,1,1,0,0,1,1,1,0,0,1,0,1,0,1,0,1
258,0.826547359494479,1,1,1,1,0,1,1,0,0,0,1,0,1,0,0,1,1,0,1,0,1,1,0,1,0,1,1,1,1,0
259,-1.25114972847577,1,0,0,0,0,0,1,0,0,0,0,1,0,1,0,0,0,1,0,0,1,0,0,0,0,0,0,0,0,0
260,-1.79210782372815,0,1,0,0,0,0,0,1,0,0,0,0,0,0,0,0,0,0,0,0,0,0,0,0,0,0,0,0,0,0
261,-1.59428498643282,1,0,0,0,0,1,1,0,1,0,0,1,0,1,0,0,0,1,0,0,0,1,1,1,0,0,0,0,1,0
262,1.32607957077926,1,1,1,1,1,1,0,1,1,1,1,1,1,0,1,1,0,0,1,1,0,1,1,1,1,1,1,1,0,1
263,0,1,1,1,1,0,0,0,0,0,1,1,1,1,0,0,1,0,0,1,1,0,0,0,0,0,1,1,1,1,1
264,0.523707563033607,1,0,1,1,1,0,1,1,0,0,1,0,1,0,0,1,1,1,1,1,1,1,1,0,1,0,0,1,1,1
265,-0.0869025363408279,0,1,1,1,1,1,1,0,1,0,0,0,1,1,1,1,1,0,1,0,0,1,1,1,0,1,0,1,1,0
266,0,1,0,1,1,1,1,1,0,0,1,0,1,1,0,0,0,1,1,1,0,1,1,0,1,1,0,1,1,1,1
267,0,1,0,1,1,0,1,1,0,1,0,1,1,1,1,1,1,1,0,1,1,0,1,1,0,0,1,1,1,0,0
268,0.315276121936654,1,1,1,1,1,1,1,0,0,0,1,1,1,0,1,1,1,0,1,0,0,0,1,1,0,1,0,1,0,0
269,0.286574898943931,1,1,1,1,1,1,0,0,1,1,1,1,1,1,1,1,1,1,1,1,0,0,1,0,0,1,0,1,0,1
270,0,1,1,0,0,1,0,1,1,1,0,1,0,1,1,1,1,1,0,1,1,1,0,1,0,0,0,0,1,0,1
271,-0.622295187214245,1,0,0,1,0,0,1,0,0,0,0,0,1,0,0,0,0,1,0,0,0,1,1,1,0,0,1,1,0,0
272,-1.86115105953949,1,1,0,0,0,0,0,0,0,0,0,0,0,0,0,0,0,0,0,1,1,0,0,0,0,0,0,0,1,1
273,0,0,0,1,1,0,0,0,1,1,1,1,0,1,1,0,1,1,0,0,0,1,1,0,1,0,0,1,1,0,1
274,0.0420047555349894,1,1,1,1,1,1,1,0,0,0,1,0,1,0,0,1,1,1,0,1,0,1,0,0,1,0,0,0,0,1
275,-0.831865304598263,0,0,0,1,0,0,0,0,1,1,0,0,0,1,0,0,1,1,0,1,0,0,1,1,0,0,0,1,1,0
276,0,0,1,1,1,0,1,1,1,0,0,0,0,1,1,0,1,0,0,1,0,0,0,0,1,0,1,0,1,0,1
277,0.0684449610152985,0,1,0,1,1,1,0,1,1,0,1,0,0,1,1,0,1,0,1,1,1,1,0,0,0,1,0,1,0,0
278,1.03973391539935,1,1,1,1,1,0,0,1,0,1,1,1,1,0,0,1,0,1,1,1,0,0,0,1,1,1,1,1,1,1
279,0,1,0,1,1,1,1,1,0,1,1,0,1,1,0,0,1,0,1,0,0,1,1,1,0,0,1,1,1,0,1
280,1.18552802450245,1,1,1,1,0,1,1,1,0,1,1,0,1,1,1,1,0,0,1,1,1,1,0,1,1,1,1,1,1,0
281,0.959161594151718,1,1,0,1,0,1,0,1,0,1,1,0,1,1,0,1,1,1,1,1,1,1,0,0,1,1,1,1,0,1
282,0,0,1,1,0,0,0,0,0,1,0,1,0,0,1,0,1,0,0,0,1,1,0,0,0,0,0,1,1,0,1
283,-0.313360473758938,0,0,0,0,1,1,0,1,0,1,1,0,0,0,1,0,0,0,1,1,0,0,1,0,0,0,0,0,1,0
284,0.794458366991615,1,1,1,1,0,0,0,1,1,1,1,0,1,1,0,1,0,1,1,0,1,1,0,1,1,1,1,1,1,1
285,-0.662117553923685,0,0,0,1,0,0,0,1,1,0,0,0,1,0,1,0,1,1,0,1,1,0,0,1,0,0,0,1,0,1
286,0.205511751360295,1,1,0,1,1,1,1,1,1,0,1,1,1,1,1,1,0,1,1,1,1,1,1,1,1,0,1,1,0,1
287,-0.38306546650251,0,0,0,1,1,0,1,0,1,0,0,1,1,1,1,0,1,0,1,1,0,1,0,0,0,0,1,1,0,0
288,1.48031443097476,0,1,1,1,1,1,1,1,0,0,1,0,1,1,1,1,0,1,1,1,1,1,0,1,1,1,0,1,1,1
289,-0.358894883535364,1,1,0,1,0,0,0,0,0,1,0,0,0,0,0,0,0,1,1,0,1,0,1,0,0,1,0,1,0,0
290,0,0,0,0,1,1,1,1,1,0,0,1,0,1,1,0,1,0,0,1,0,0,1,0,0,0,0,1,1,0,0
291,0.638391654812373,0,0,1,1,0,0,1,0,1,0,0,0,1,0,0,1,0,1,1,0,0,0,1,1,1,1,1,1,0,1
292,0,0,1,0,1,0,0,1,0,1,1,1,0,1,1,1,1,1,0,1,1,0,0,1,0,0,1,1,1,1,1
293,0.605364502341677,0,0,1,1,0,0,0,1,1,1,1,1,1,1,1,1,0,1,1,1,0,1,0,0,0,1,1,1,0,0
294,-1.94314063187035,0,1,0,0,0,1,1,1,0,1,0,1,0,0,0,0,1,1,0,0,1,1,1,0,0,0,0,0,1,0
295,0.667585748549563,1,0,1,1,0,1,1,0,0,1,1,0,1,1,1,1,0,0,1,0,0,1,0,0,0,1,1,1,0,1
296,-0.165446350845611,0,0,1,1,1,0,0,0,1,1,1,1,1,1,0,0,1,0,1,0,0,0,1,1,0,1,1,1,0,1
297,-2.7187261926221,0,0,0,0,1,1,0,0,0,0,0,0,0,0,1,0,0,0,0,0,1,1,0,1,0,0,0,0,0,0
298,-0.830490110210865,0,1,0,1,1,1,1,0,1,1,0,1,1,1,0,0,1,0,1,1,1,0,0,0,0,0,1,1,0,0
299,-0.359372339323413,0,1,1,1,1,0,1,0,0,1,0,0,0,1,0,0,0,1,1,1,0,1,0,1,0,1,1,1,1,0
300,-1.27731227257915,1,1,0,0,0,0,0,0,0,0,0,1,0,1,0,0,0,0,0,0,0,1,0,1,0,0,0,1,0,1
301,-0.319263926190043,1,0,1,1,1,1,1,0,0,0,0,0,1,0,1,0,0,1,1,0,0,0,0,0,0,1,0,1,1,0
302,1.09208465021182,1,0,1,1,1,0,0,1,0,1,1,0,1,1,1,1,0,0,1,1,0,0,1,0,0,1,0,1,0,0
303,0.439471576931931,0,0,1,1,0,1,1,0,0,1,1,1,1,1,0,0,1,0,1,1,0,0,0,0,0,1,1,1,0,0
304,-0.914669530543429,0,0,0,0,1,1,0,0,1,0,0,0,0,1,0,0,0,0,1,1,0,1,1,1,0,0,0,1,0,1
305,-1.31606312501288,1,0,0,0,0,0,0,1,0,1,0,1,0,1,0,0,0,0,0,0,0,1,0,0,0,0,1,0,1,0
306,-0.160978840340878,0,0,1,1,0,0,1,0,1,1,1,1,1,1,1,0,0,0,0,0,0,1,0,1,0,1,1,1,1,0
307,0,1,0,1,1,1,0,1,1,1,1,1,1,0,1,0,0,0,0,1,0,0,1,1,1,0,1,1,0,0,1
308,0.533290654728515,0,1,1,1,0,1,1,0,1,0,1,1,1,1,1,1,1,0,1,1,1,0,0,0,1,1,1,1,1,1
309,0,1,0,0,1,1,0,1,0,1,0,1,0,1,0,1,1,1,0,1,1,0,1,1,0,0,0,1,1,1,0
310,-0.648364773841147,1,1,0,1,0,1,0,1,0,1,0,0,0,1,0,1,0,0,0,0,1,0,0,1,0,1,1,0,0,0
311,1.8479293449724,1,1,1,1,1,0,1,1,0,1,1,1,1,1,0,1,1,1,1,1,0,0,1,0,1,1,1,1,1,1
312,1.0191393975963,0,0,1,1,1,1,0,1,1,0,1,1,1,1,0,1,1,0,1,1,0,1,0,1,1,1,1,1,1,0
313,0,1,1,0,1,0,0,0,0,1,0,1,1,1,0,0,1,1,1,1,1,0,0,1,1,0,0,0,1,1,1
314,-0.494337043814588,0,0,1,0,0,0,0,0,0,1,1,0,0,1,0,1,0,1,1,1,1,0,0,0,0,0,0,1,1,0
315,-0.44870045386417,1,1,1,1,0,1,1,0,0,1,0,0,1,0,1,0,1,0,1,0,1,1,0,1,0,0,0,1,1,1
316,0.521343706412477,1,1,1,1,0,1,0,1,1,1,1,0,1,0,1,1,1,0,1,1,0,1,1,1,0,1,1,1,1,0
317,-1.46021370271851,1,1,0,0,0,0,0,1,0,1,0,0,0,1,0,0,0,1,0,1,1,1,1,1,0,0,1,0,1,0
318,0,1,0,1,1,0,0,1,1,0,1,1,0,1,0,1,0,0,1,0,0,1,1,0,1,0,0,0,0,0,1
319,0,1,1,1,1,1,0,0,0,1,0,1,0,1,1,1,1,1,0,0,1,1,0,1,0,0,1,1,1,0,1
320,0,0,0,1,1,0,1,0,0,0,1,0,0,1,0,1,1,1,0,1,0,1,0,1,0,0,1,1,1,1,0
321,1.07658173499659,1,1,1,1,0,0,1,1,0,1,1,0,1,0,1,1,1,1,1,0,1,1,1,1,1,1,1,1,0,0
322,0.708536675343341,1,1,1,1,1,1,1,1,0,0,1,1,1,1,0,1,1,0,1,1,1,1,0,1,0,1,0,1,0,0
323,0,1,1,0,1,0,1,0,1,0,1,1,1,1,0,0,0,0,1,1,0,1,0,0,0,0,1,0,1,1,0
324,-1.01484602706528,1,0,0,1,1,1,1,0,0,0,0,0,0,0,1,0,1,0,1,0,1,0,1,1,0,0,1,0,1,0
325,0.165151971635828,1,0,0,1,1,1,1,1,0,0,0,1,1,0,1,1,0,0,1,1,1,1,0,1,0,1,1,1,0,0
326,-0.578098253612478,1,1,0,1,0,1,1,1,1,0,0,0,1,0,1,0,1,1,0,1,0,0,0,0,0,0,1,1,1,1
327,-0.0629472202253392,0,1,0,1,0,1,1,0,1,0,0,0,0,0,0,1,0,1,1,0,1,0,1,1,0,0,1,1,0,0
328,-0.633079764057933,0,0,0,1,1,1,0,1,1,0,0,1,0,0,0,1,0,0,0,0,1,0,1,1,0,0,0,1,1,0
329,0.390577878264375,1,0,1,1,1,0,1,0,1,0,1,1,1,0,1,0,1,1,1,1,1,1,1,0,0,1,1,1,1,0
330,-1.67946609563108,1,0,0,0,0,0,0,1,0,1,0,1,1,0,0,0,0,1,1,0,1,0,1,0,0,0,0,0,1,0
331,-2.11842169152977,0,1,0,0,0,1,0,1,1,1,0,1,0,0,0,0,1,0,0,0,0,1,0,0,0,0,0,0,1,0
332,0.4918132291492,0,0,1,1,1,1,1,1,0,1,1,1,1,0,1,1,0,1,1,0,0,0,1,1,1,1,0,1,1,1
333,0.191205384649569,0,0,0,1,0,0,0,0,0,0,1,1,1,0,1,1,1,0,1,0,0,0,1,0,0,1,1,1,0,0
334,-1.21943621804931,1,0,0,0,0,1,1,0,0,0,0,1,0,0,1,0,0,1,0,0,0,1,0,1,0,0,0,0,1,1
335,0,1,1,1,0,1,1,0,1,1,0,0,1,1,1,1,1,0,1,0,0,1,0,1,1,0,1,1,1,0,0
336,0.385721079696674,1,1,1,1,1,1,0,0,0,0,1,1,1,0,0,1,0,1,1,0,1,0,0,0,1,0,1,1,0,1
337,-0.585963699206217,0,0,0,1,1,1,0,1,1,0,0,0,1,0,1,0,1,1,0,1,1,1,1,1,0,0,1,1,1,0
338,-0.707895848591552,1,1,1,0,0,1,0,0,0,0,1,1,0,0,0,0,0,0,0,0,0,0,0,1,0,0,0,1,1,1
339,2.14166813216215,1,1,1,1,1,1,0,0,1,1,1,1,1,0,0,1,1,1,1,0,1,1,1,0,1,1,1,1,1,0
340,-0.741553230660503,1,1,1,1,0,0,0,0,1,1,0,1,1,0,1,0,1,0,0,1,1,0,1,1,0,0,0,1,0,1
341,-0.91378254781588,0,0,0,0,0,0,0,0,0,0,1,1,0,1,0,0,0,1,0,0,1,0,1,0,0,0,1,0,0,1
342,-1.718317159135,1,1,0,0,0,0,0,0,1,0,0,1,0,1,0,0,0,0,0,1,0,1,0,0,0,0,1,0,1,1
343,-0.832096877816018,0,0,0,1,0,0,1,0,0,0,1,0,0,0,1,0,1,1,1,0,0,0,1,1,0,0,1,0,0,0
344,0.996601366380472,0,1,1,1,1,1,1,0,1,1,1,0,1,0,1,1,0,0,1,1,0,1,1,1,1,1,1,1,1,0
345,0.237249405956911,1,0,0,1,1,0,0,0,1,0,1,0,1,0,1,1,1,1,1,0,1,1,1,1,0,1,0,1,1,1
346,0,1,0,1,1,0,1,0,0,0,1,0,0,1,0,1,0,1,0,1,1,0,1,0,0,0,1,0,1,1,1
347,0.237411967999919,0,0,1,1,1,0,1,0,1,1,1,0,1,0,1,1,1,0,1,1,0,1,1,0,0,1,0,1,1,0
348,0,0,0,1,1,0,1,1,0,0,0,1,1,1,1,0,1,0,1,1,1,0,1,0,0,0,1,0,1,1,1
349,0,0,0,0,1,0,0,0,1,0,0,1,1,1,1,0,1,0,0,1,0,0,1,1,1,0,0,1,1,1,0
350,0,1,0,1,1,0,1,1,1,1,1,1,1,1,1,1,0,0,1,1,0,0,1,1,1,0,1,0,1,0,1
351,0,1,1,1,1,0,0,0,0,1,0,1,1,1,0,0,0,1,1,1,1,1,1,1,0,0,1,1,1,1,1
352,0,0,0,0,1,0,1,1,0,1,0,1,1,0,0,0,1,0,0,1,1,0,1,1,1,0,1,1,1,0,1
353,0,1,1,1,1,1,0,0,0,0,0,0,0,1,0,1,1,0,0,1,0,1,0,0,0,1,1,1,1,0,1
354,1.54473960289257,1,0,1,1,1,0,0,1,1,0,1,0,1,0,1,1,1,1,1,0,1,0,0,0,0,1,0,1,1,0
355,-2.70920722638109,1,0,0,0,0,0,1,1,1,1,0,0,0,0,1,0,0,0,0,0,0,0,0,0,0,0,0,0,1,0
356,0,0,0,0,1,0,0,1,1,0,1,1,1,1,1,1,1,1,0,1,0,0,0,1,1,0,1,1,1,0,0
357,0,0,0,1,1,0,0,0,0,0,0,1,0,1,0,0,1,0,1,1,1,0,1,1,0,0,1,0,1,1,0
358,0.855142286128978,1,1,1,1,1,1,1,0,0,1,1,1,1,0,1,1,0,1,1,1,0,1,0,0,0,1,0,1,1,0
359,0,0,1,1,1,0,0,1,0,0,1,0,1,1,1,1,1,1,1,1,1,1,1,0,1,0,0,1,0,0,1
360,0,1,1,1,0,0,0,0,0,1,1,0,1,1,0,0,0,0,0,1,0,0,0,0,0,0,0,0,1,0,0
361,-1.35445559803958,1,1,0,0,0,0,1,0,0,1,0,0,0,1,0,0,0,1,0,0,1,1,0,0,0,0,0,0,0,1
362,0,0,1,1,1,1,1,1,0,1,0,1,1,0,0,0,1,0,0,1,0,1,1,0,1,0,0,0,0,1,0
363,0,1,1,0,1,0,1,1,0,0,1,0,1,0,1,0,1,0,1,1,0,1,1,0,1,0,1,1,1,0,0
364,0.116864438731866,0,1,0,1,1,0,0,0,0,1,1,0,1,0,0,1,1,1,1,1,0,0,1,0,0,1,0,1,0,1
365,-0.906798865705412,1,1,0,1,1,0,0,1,1,0,0,0,0,1,1,1,0,1,1,1,1,1,0,0,0,0,0,1,0,0
366,0.240365725626455,1,0,1,1,1,0,0,1,0,1,1,1,1,0,1,1,1,0,1,1,1,0,1,1,0,0,1,1,0,0
367,0,1,0,1,1,0,1,0,1,0,1,1,0,1,0,1,1,0,1,1,0,0,0,1,1,1,1,1,1,1,0
368,0,1,1,0,1,0,1,1,1,1,1,0,1,0,1,1,1,1,1,1,1,1,0,1,0,0,1,1,1,0,0
369,0,1,1,1,1,0,0,1,1,1,1,0,0,1,1,0,1,1,1,0,0,1,0,0,0,0,1,0,1,1,0
370,-0.303166112369112,0,0,0,1,1,1,1,1,1,1,0,1,1,0,1,0,0,1,1,0,1,0,0,0,0,0,1,1,0,0
371,-0.735011972057337,0,1,0,0,0,0,0,0,0,1,0,0,0,1,0,0,0,0,0,0,1,0,1,0,0,0,1,1,1,1
372,-0.107266414294297,0,1,0,1,1,1,1,1,0,0,1,1,1,1,0,1,0,0,1,0,1,1,0,0,0,1,1,1,1,0
373,0,0,0,1,1,1,1,0,1,0,1,1,1,1,1,1,1,0,1,1,0,0,0,0,1,0,1,1,1,0,0
374,0.71094120709971,0,0,1,1,0,1,0,1,1,0,1,0,1,0,1,1,0,1,1,0,0,0,0,1,1,1,1,1,1,1
375,-0.0859338639396855,1,0,1,1,0,1,1,1,1,0,0,1,1,1,1,1,1,1,1,0,1,0,0,1,0,1,0,1,1,0
376,0,0,1,0,1,0,0,1,0,1,1,1,1,1,1,0,0,1,1,1,0,0,0,1,0,0,1,1,1,0,0
377,-0.516133370758241,1,1,0,1,1,0,1,0,0,0,1,0,1,0,1,1,0,1,1,1,1,1,1,0,0,1,0,1,0,1
378,-1.62527524805351,1,0,0,1,1,0,0,0,0,0,0,0,0,0,1,0,0,0,0,1,1,0,1,1,0,0,0,0,0,0
379,0,0,1,1,1,0,0,1,1,1,1,1,1,1,1,1,1,0,0,1,1,0,0,0,1,0,1,0,1,0,1
380,-0.24006877039182,1,1,1,1,0,1,1,0,1,1,1,1,1,1,1,0,1,1,1,1,0,0,1,1,0,0,0,1,1,0
381,-0.446394214267783,0,1,0,1,0,1,1,1,1,0,0,1,0,0,1,0,1,0,1,0,0,0,1,0,0,0,1,1,0,0
382,0.315530987713841,0,0,1,1,0,0,0,0,0,0,1,1,1,1,0,1,1,0,1,0,0,1,0,1,1,1,0,1,1,1
383,1.47742859695321,1,0,1,1,0,1,0,1,1,1,1,0,1,1,1,1,0,0,1,1,0,1,1,0,1,1,0,1,1,1
384,0.773064042542205,0,1,1,1,1,1,0,1,0,1,0,1,1,0,1,1,1,1,1,1,0,0,0,0,0,1,1,1,0,0
385,-0.521707420831956,1,0,0,1,0,0,0,0,1,0,0,0,1,1,0,1,0,0,1,0,0,1,1,1,0,0,0,1,1,1
386,0,1,1,1,1,1,0,1,1,1,0,0,1,1,0,0,1,0,1,1,1,0,0,1,0,0,0,1,1,0,0
387,0,0,1,1,1,0,1,0,0,0,1,0,0,1,0,1,0,1,1,1,1,1,0,1,0,1,1,1,1,1,0
388,0.952270736496891,1,1,1,1,1,1,0,1,1,1,1,0,1,0,1,1,0,1,1,1,1,1,1,0,1,1,0,1,0,0
389,0.13899217765122,1,1,1,1,0,1,1,0,0,1,1,0,1,1,1,1,1,0,1,0,0,0,1,1,0,1,1,1,1,1
390,-0.0260023158978751,1,0,0,1,0,1,1,1,0,1,0,0,1,1,0,0,1,0,1,1,1,0,1,1,0,1,1,0,0,0
391,0,1,1,1,1,0,1,1,0,1,0,0,1,1,1,1,1,0,0,1,0,1,0,1,0,1,1,0,0,1,0
392,0.354519624958061,0,1,1,1,0,0,1,0,0,1,1,0,1,1,0,1,1,1,1,0,0,0,0,1,0,0,1,1,0,1
393,-0.44852830418535,0,0,0,0,1,1,0,0,1,1,0,1,1,1,0,0,1,0,0,0,0,1,0,0,0,1,1,1,0,1
394,-0.674314781693621,1,0,0,1,1,0,0,0,0,0,0,1,1,1,0,0,0,1,1,0,0,1,0,0,0,0,1,1,0,0
395,-0.619810154714627,0,1,1,1,1,0,0,0,0,1,0,1,1,0,1,0,1,1,0,1,0,0,1,1,0,0,0,0,0,0
396,0,1,0,1,1,1,0,0,1,1,1,1,0,0,1,1,1,1,1,1,1,1,1,0,0,0,1,0,1,0,1
397,0.00339783570580684,1,0,0,1,1,1,0,0,1,0,1,0,1,0,0,1,0,0,1,1,0,1,1,0,0,1,1,1,1,1
398,-0.561561432049036,1,0,0,1,1,0,0,0,1,1,1,1,0,1,1,0,1,1,1,1,0,1,1,0,0,0,0,0,1,0
399,0.950733448417239,1,1,1,1,0,1,1,1,1,0,1,1,1,0,1,1,0,1,1,1,1,1,1,1,1,1,1,1,0,1
400,0.963750203264023,0,0,1,1,1,1,0,1,1,0,1,0,1,1,1,1,1,1,1,0,1,0,1,0,1,1,1,1,1,0
401,-0.432991125374274,1,0,1,0,1,0,0,0,1,1,1,1,0,0,1,0,1,0,0,1,1,0,1,0,0,0,1,1,0,0
402,0.707589180477406,0,0,1,1,0,1,0,1,1,0,1,0,0,0,0,1,0,0,1,0,1,1,1,1,1,1,0,1,1,1
403,-1.3697093572066,0,1,0,0,0,0,0,0,1,0,0,0,0,0,0,0,1,0,0,0,1,0,0,0,0,0,0,0,0,1
404,2.00002615252621,1,1,1,1,0,1,1,0,0,0,1,0,1,0,1,1,1,1,1,1,0,0,0,1,1,1,0,1,0,1
405,0.883401992850692,0,0,1,1,0,1,1,1,1,1,1,0,1,0,0,1,0,0,1,0,0,1,0,1,1,1,0,1,1,1
406,-0.264928899752764,1,1,0,1,1,0,0,0,1,1,0,0,1,0,0,0,0,0,1,0,1,0,0,0,0,1,0,1,1,1
407,-1.03601684957206,0,0,0,1,1,1,0,1,0,0,0,0,0,1,0,0,1,0,1,1,0,0,0,0,0,0,1,1,1,0
408,0.269816424112254,0,1,1,1,0,1,1,0,0,1,1,0,1,0,0,1,1,0,1,1,1,0,1,1,1,1,0,1,0,1
409,-0.210020718267579,1,0,1,1,0,0,0,1,0,1,0,0,0,1,0,1,1,0,0,1,1,1,0,0,0,1,0,1,0,0
410,2.12771292158686,0,0,1,1,1,1,0,1,1,1,1,1,1,0,1,1,1,1,1,0,1,1,1,1,1,1,1,1,0,1
411,-0.341357448698057,1,0,1,1,0,1,1,0,1,0,1,0,1,0,1,1,0,1,1,1,0,0,0,1,0,1,1,1,1,1
412,0,1,1,1,1,0,0,1,0,0,0,1,0,1,0,0,1,0,1,1,1,1,0,0,0,0,0,1,1,1,0
413,-0.545336629027848,0,1,0,1,1,0,1,0,1,1,1,0,0,0,0,0,1,1,1,1,1,1,0,0,0,0,1,1,0,0
414,0,1,1,1,1,1,1,0,1,0,0,0,0,1,0,0,0,0,1,1,0,1,1,0,0,1,1,1,1,1,0
415,0.521341609692248,1,1,0,1,1,1,1,0,0,0,1,1,1,0,0,1,0,1,1,0,0,0,0,0,0,1,1,1,1,1
416,-1.13059343156375,1,0,0,0,1,0,0,1,1,1,0,0,0,0,1,0,1,0,0,1,0,0,1,1,0,0,0,1,1,0
417,0,0,1,1,0,1,0,0,1,1,1,0,0,1,1,1,0,0,0,1,0,1,1,1,1,0,1,1,1,0,0
418,-0.418507924560929,1,1,1,1,0,1,1,1,1,1,0,1,1,0,0,0,0,1,1,0,0,0,1,1,0,1,1,1,1,1
419,-0.512504864704877,1,1,0,1,0,1,1,0,1,1,0,1,1,1,1,1,1,1,0,0,0,1,0,0,0,0,1,1,0,1
420,1.04009485919213,0,1,1,1,1,1,0,1,1,0,1,1,1,0,0,1,1,1,1,0,0,1,1,1,0,1,1,1,1,0
421,1.56211702561784,1,1,1,1,0,0,1,0,0,0,1,1,1,1,1,1,1,1,1,0,0,1,1,0,1,1,1,1,1,0
422,0,1,1,0,1,0,1,1,0,0,1,0,1,1,1,0,0,0,0,1,1,0,1,0,1,0,0,1,1,0,0
423,0.236689546646685,0,1,1,1,1,0,0,0,0,1,1,0,1,1,1,1,1,1,1,1,0,1,1,1,1,0,1,1,0,1
424,0.0395483157379067,1,0,0,1,0,0,0,1,1,0,1,0,1,0,1,1,0,0,1,0,1,0,0,1,0,1,0,1,0,0
425,1.8976589700284,0,1,1,1,0,1,1,1,1,0,1,1,1,0,0,1,1,1,1,1,1,1,0,1,1,1,1,1,0,0
426,-1.33043392266886,0,0,0,0,0,0,1,0,1,0,0,0,0,0,0,0,1,1,0,1,1,1,1,0,0,0,0,0,0,1
427,0.563702278871868,1,1,1,1,0,1,1,0,0,0,1,1,1,0,0,1,1,1,1,1,1,0,0,1,0,1,1,1,0,1
428,-1.10882297119061,0,0,0,0,1,0,1,0,0,1,0,0,0,1,0,0,0,1,1,1,1,0,1,0,0,0,1,1,1,1
429,1.29389519582355,0,1,1,1,0,0,0,1,1,1,1,1,1,1,1,1,0,1,1,1,1,1,0,1,1,1,0,1,1,1
430,-0.110211487831947,1,1,1,1,0,0,1,1,0,0,0,1,1,0,1,1,1,1,1,0,1,1,0,0,0,1,0,1,0,1
431,0,0,0,0,1,1,0,1,1,1,1,1,0,1,0,1,0,0,1,1,1,1,1,1,1,1,0,1,1,0,0
432,-0.271535297207609,0,0,0,1,1,1,1,1,1,1,0,0,0,0,0,0,1,1,1,1,0,0,0,1,0,0,1,1,1,1
433,-1.21859459466702,0,0,0,0,1,0,0,1,0,1,0,1,1,0,1,0,1,1,1,1,0,0,1,1,0,0,0,0,1,1
434,0,1,0,0,1,1,0,1,0,1,0,1,1,1,1,0,1,0,0,1,0,0,1,1,1,0,1,1,1,0,1
435,1.27814762371215,0,0,1,1,1,1,1,1,1,0,1,1,1,0,0,1,1,1,1,1,0,0,1,1,1,1,1,1,1,1
436,-0.521529674235423,1,0,0,1,0,1,1,0,0,0,0,0,0,1,0,0,1,1,0,0,0,1,0,0,0,0,1,1,1,1
437,-1.09985402586721,1,0,0,0,0,1,1,0,1,0,0,0,0,0,0,1,0,1,0,1,1,1,0,1,0,0,1,0,1,1
438,0,0,1,1,1,1,0,1,1,1,0,0,0,1,1,0,1,0,0,1,1,1,1,0,1,0,0,1,1,0,0
439,0.886531279130587,1,1,1,1,1,0,1,0,0,1,1,1,1,1,0,1,0,0,1,1,1,1,0,1,1,1,1,1,1,0
440,0.578486221208086,1,1,1,1,1,0,0,1,1,1,1,0,1,0,0,1,0,1,1,0,1,1,1,0,0,1,0,1,0,0
441,0.285896838262006,1,0,1,1,1,0,0,1,1,1,0,1,1,1,1,0,1,0,1,1,0,0,1,0,0,1,0,1,0,0
442,1.48031443097476,1,0,1,1,1,1,0,1,1,1,1,0,1,0,1,1,0,1,1,0,0,1,1,1,1,1,1,1,0,0
443,-1.37154116732978,0,1,0,1,1,1,0,1,1,0,0,0,0,0,0,0,0,0,0,0,1,0,0,0,0,0,0,0,0,1
444,0,0,0,1,1,0,1,1,0,1,0,0,1,1,0,0,1,1,0,1,1,1,0,1,1,1,1,0,1,1,0
445,0,0,1,0,1,1,0,1,0,1,1,0,1,1,0,1,1,0,0,1,0,0,1,0,0,1,1,1,1,1,0
446,0.0441782497239503,0,0,0,1,1,0,0,1,1,1,1,0,1,1,1,1,0,1,1,0,1,1,1,1,1,1,0,1,0,0
447,-1.97379824057203,0,0,0,0,0,0,0,1,1,0,0,1,0,0,0,0,0,0,0,0,0,0,0,0,0,0,0,0,0,1
448,-0.413339372635591,0,1,1,1,0,1,1,1,0,0,0,1,1,1,0,0,1,0,0,1,0,1,0,0,0,0,1,1,1,0
449,1.1940730726753,0,1,1,1,0,1,0,1,0,1,1,0,1,0,0,1,1,1,1,0,1,1,1,1,1,1,1,1,1,0
450,0.331668392264157,0,0,1,1,0,0,0,0,1,0,1,0,1,1,1,1,1,1,1,0,1,0,1,1,0,0,0,1,0,1
451,0,1,0,0,0,0,0,1,0,0,1,1,1,1,0,1,1,0,0,1,1,0,1,1,0,1,1,0,1,0,1
452,0.891911104538119,0,0,1,1,1,0,1,1,0,1,1,0,1,0,0,1,0,1,1,0,1,0,0,0,0,1,1,1,0,0
453,0,1,0,0,1,0,1,0,0,0,0,1,0,1,1,0,1,0,1,1,0,1,1,1,1,0,1,1,1,0,1
454,-0.524204194802594,0,0,1,1,0,1,0,0,1,0,0,0,1,1,0,0,0,0,0,0,1,0,0,0,0,1,1,1,1,0
455,-0.181510103607624,1,1,0,1,0,0,1,1,1,1,0,0,1,0,1,1,0,0,1,1,0,0,1,1,0,0,1,1,1,1
456,0.234116563736661,1,1,1,1,0,1,1,1,1,1,0,1,1,1,0,1,0,1,1,0,1,0,1,0,0,1,0,1,0,0
457,1.33190941397872,0,1,1,1,1,0,1,0,1,0,1,1,1,1,0,1,0,0,1,0,0,1,1,1,1,1,1,1,1,0
458,-0.70159840276346,0,1,0,0,0,1,0,0,0,0,1,1,1,1,0,0,1,1,0,1,0,1,1,1,0,0,0,0,1,0
459,0,0,0,1,0,0,0,1,0,0,0,0,1,1,0,1,0,0,0,1,0,1,1,1,1,0,0,0,1,1,1
460,0,1,1,1,1,1,0,1,0,1,0,1,1,1,1,1,1,1,1,1,1,1,1,1,0,0,1,0,1,1,1
461,0,0,1,0,1,0,1,0,1,1,0,1,0,1,0,0,1,1,1,1,0,0,1,1,1,0,0,1,1,0,1
462,0.624777987041133,0,1,1,1,0,0,1,1,1,0,1,0,1,0,0,1,0,1,1,0,1,1,1,1,1,1,1,1,1,1
463,0.218991289427133,1,1,0,1,0,0,0,1,0,1,0,0,1,1,1,0,0,0,1,0,1,1,0,1,0,1,0,1,1,0
464,0,0,1,0,1,0,0,0,0,0,1,0,1,1,1,1,0,0,1,0,1,1,1,1,0,0,1,0,1,0,1
465,0,1,0,0,1,1,0,1,0,1,1,0,0,1,1,0,0,0,0,0,1,0,0,0,0,0,0,1,1,1,0
466,0.117658401400073,1,1,1,1,0,0,0,0,1,0,1,0,1,1,1,0,0,0,1,1,1,1,1,0,0,0,1,1,0,1
467,0,1,0,1,0,0,1,0,1,0,0,1,0,1,0,1,1,0,1,1,0,1,1,0,1,0,1,0,1,1,1
468,0,0,1,1,1,0,0,0,0,0,1,1,1,1,0,0,1,0,0,0,1,0,1,0,1,0,1,1,1,0,1
469,0.0868651985610498,1,1,1,1,1,0,0,0,0,0,1,0,1,0,1,1,0,0,1,0,1,1,0,0,0,0,1,1,1,1
470,0,1,1,1,1,0,1,0,0,1,0,1,1,1,1,1,1,0,1,1,1,0,0,0,1,0,1,0,1,0,1
471,0.865361727887493,1,0,1,1,1,1,1,0,1,1,1,0,1,1,0,1,0,1,1,0,1,0,0,0,1,1,1,1,1,0
472,-0.31028526867302,0,1,1,1,1,1,1,1,0,0,0,1,1,1,1,0,0,1,1,1,1,0,0,0,0,0,1,1,1,0
473,2.37726139041716,1,1,1,1,0,0,0,1,0,0,1,1,1,1,1,1,0,1,1,1,1,1,0,1,1,1,1,1,1,0
474,0.779882932399397,0,1,1,1,1,1,1,1,0,0,1,0,1,0,1,1,1,1,1,0,1,1,1,1,1,1,1,1,1,1
475,0,0,1,1,1,1,0,0,0,0,0,1,0,1,0,0,0,1,1,1,0,0,1,1,1,0,1,0,1,1,0
476,2.21129464718906,1,1,1,1,0,1,0,1,0,1,1,1,1,0,1,1,1,1,1,1,1,1,1,1,1,1,1,1,1,1
477,-0.826131811883332,1,0,0,0,1,0,1,1,0,0,0,0,1,1,0,0,1,0,0,1,0,0,0,0,0,0,0,1,1,0
478,0,1,1,0,1,0,1,0,0,0,0,1,0,1,0,1,1,0,1,1,0,1,0,1,0,1,1,1,1,1,1
479,0,1,0,1,1,1,0,0,1,0,0,0,0,1,1,1,1,0,0,1,0,1,0,1,1,0,1,1,1,1,0
480,-0.505475037733615,1,1,0,0,1,0,1,0,1,1,0,0,0,0,0,1,0,1,0,1,0,0,1,0,0,0,1,1,0,1
481,0,1,1,1,0,1,0,1,0,0,1,1,0,1,0,0,1,1,0,1,0,0,0,0,1,0,0,0,1,0,0
482,0.00110694525228197,0,0,1,1,1,0,0,1,0,1,1,1,0,0,1,1,0,1,1,0,1,1,0,1,0,1,1,1,0,1
483,-0.796940491069153,0,1,1,1,1,0,1,0,1,1,0,0,0,0,1,0,0,0,0,0,0,1,0,0,0,0,1,0,1,0
484,0.109483157618884,1,1,1,1,1,1,0,1,0,0,0,1,1,1,1,0,1,1,1,0,0,1,1,0,0,1,1,1,1,1
485,0,1,1,1,1,1,0,0,0,1,1,0,1,0,0,0,1,0,1,1,1,1,1,1,1,0,1,1,1,1,0
486,0,0,0,1,1,1,1,0,1,0,1,0,0,1,1,0,1,1,0,1,0,0,0,0,1,0,0,0,1,0,0
487,-0.780173025365896,1,0,1,1,1,0,1,0,1,1,0,0,1,0,1,0,1,1,1,0,1,0,0,0,0,0,1,1,0,1
488,0,1,1,1,1,1,1,1,0,1,0,0,0,1,0,1,0,0,1,1,1,1,1,1,0,0,0,1,1,1,1
489,-1.82945898402234,1,1,0,0,1,0,0,0,0,1,0,1,0,0,0,0,1,0,0,0,1,0,0,0,0,0,0,0,0,1
490,0,0,1,0,1,0,0,1,1,0,1,1,1,1,1,1,1,0,0,1,0,0,1,1,1,0,0,0,1,1,1
491,-0.690623486207271,0,0,0,1,1,0,0,0,1,1,1,0,0,1,0,0,0,1,0,1,0,0,0,1,0,0,1,0,0,0
492,-1.15547589755873,1,1,0,0,0,1,0,0,1,1,0,0,0,1,1,0,0,0,0,0,0,1,1,1,0,0,1,1,0,1
493,-1.41859063483445,0,0,0,0,1,0,1,0,1,0,0,0,1,1,0,0,0,0,0,0,0,0,1,1,0,0,0,0,0,1
494,0,0,1,1,1,1,1,1,1,0,1,1,1,1,0,1,1,1,1,1,0,1,1,1,0,0,1,0,1,1,1
495,0.413184001303446,0,1,1,1,0,1,1,1,0,1,1,1,1,1,1,1,1,1,1,0,1,1,1,0,1,1,1,1,0,1
496,0.997665137452471,0,0,1,1,0,0,0,1,1,1,1,1,1,1,1,1,1,1,1,1,0,1,1,0,1,1,0,1,0,0
497,0,1,1,0,1,0,1,0,0,1,1,1,0,1,1,0,1,0,0,1,1,0,0,0,0,0,0,1,1,1,0
498,-0.488244212572146,1,0,0,0,0,1,1,1,0,1,0,1,0,1,0,0,0,0,1,0,0,0,1,1,0,0,1,1,0,0
499,1.02022889881811,1,1,1,1,1,1,1,0,1,1,1,1,1,0,1,1,1,1,1,1,0,0,0,0,0,1,1,1,0,1
500,0,0,1,1,1,0,0,1,0,1,1,1,1,1,0,0,1,0,0,0,1,1,0,1,0,0,1,0,1,1,0
501,-0.91313045466236,0,1,1,0,1,1,0,1,1,1,0,1,0,0,1,0,0,1,0,0,1,1,0,0,0,0,0,0,0,1
502,-2.62908966783571,0,0,0,0,0,0,0,0,0,0,0,0,0,0,0,0,0,0,0,0,0,0,1,1,0,0,0,0,1,1
503,0,1,1,0,1,1,0,0,0,0,0,0,0,1,1,0,1,0,1,1,1,1,0,0,1,0,0,1,1,1,0
504,-1.02799833517024,0,1,0,0,1,0,0,0,0,0,0,0,0,1,0,0,1,0,0,0,0,1,1,1,0,0,1,0,0,1
505,0,0,0,1,1,0,1,1,0,1,1,1,0,1,0,0,1,1,1,0,0,0,0,0,1,0,0,0,1,0,0
506,-1.425028981071,0,1,0,0,0,1,1,1,0,1,0,0,0,0,0,0,1,1,0,0,0,0,1,0,0,0,0,0,0,0
507,2.56578045724506,1,1,1,1,0,0,1,0,0,1,1,1,1,1,1,1,0,1,1,0,1,0,1,1,1,1,0,1,1,0
508,-0.256093556486815,1,1,1,1,0,0,1,0,0,0,0,1,0,1,0,0,0,0,1,1,1,1,1,1,0,0,1,1,1,0
509,0,1,0,1,1,0,1,0,1,1,1,1,0,1,1,0,0,1,0,1,0,0,1,0,1,0,0,1,1,0,0
510,0,1,0,1,0,0,1,1,1,0,1,0,1,1,1,0,1,0,1,1,1,1,1,0,1,0,0,1,1,1,1
511,0.0548831924516441,1,1,0,1,1,1,1,0,1,1,1,0,1,0,0,0,1,0,1,1,0,1,0,0,0,1,0,0,0,0
512,0,0,0,0,1,0,0,0,0,0,0,1,1,1,0,0,0,1,1,0,0,0,1,0,0,0,1,0,1,1,1
513,-2.09596610433696,0,0,0,0,1,0,1,1,0,0,0,1,0,0,0,0,1,0,0,0,1,0,1,0,0,0,1,0,0,0
514,0,1,0,0,1,1,0,0,0,1,0,1,0,1,1,0,0,1,1,1,0,1,0,1,1,0,1,1,1,0,1
515,-1.2425004462923,1,1,0,0,0,0,1,0,0,1,0,0,0,1,0,0,0,0,0,0,1,0,1,0,0,0,0,0,0,1
516,0,1,1,1,1,1,1,1,0,0,1,0,1,1,1,1,1,1,1,1,1,0,0,0,1,0,1,1,1,1,0
517,0.401384581357633,1,1,1,1,0,1,0,0,1,1,1,1,1,1,0,1,1,1,1,0,1,0,0,1,0,1,1,1,1,0
518,0,1,0,1,1,0,1,0,0,0,0,1,1,1,0,0,0,1,1,1,0,1,1,1,0,0,0,1,1,0,0
519,-0.0241061209374022,0,0,1,1,0,0,0,0,0,1,1,0,1,0,0,1,1,0,1,0,1,0,1,1,0,1,0,1,1,0
520,2.25044234351744,0,0,1,1,0,1,1,0,1,0,1,1,1,1,1,1,1,1,1,1,1,1,1,1,1,1,0,1,1,1
521,-0.393650801381573,1,1,0,1,0,1,1,1,0,0,0,1,1,0,0,0,0,0,1,0,0,1,1,0,0,0,1,1,0,0
522,-0.0108994711142711,0,0,0,0,1,1,0,1,0,0,0,1,1,1,1,0,0,0,1,1,0,1,0,1,0,0,1,1,1,0
523,-1.01873829412313,0,1,0,1,0,0,0,1,1,1,0,0,1,0,1,0,1,0,1,0,1,1,0,0,0,1,0,1,1,1
524,0.909809467443224,1,1,1,1,1,0,0,0,0,0,1,1,1,0,1,1,0,1,1,1,1,1,0,0,1,1,0,1,1,1
525,0.213286216006005,0,0,0,1,1,1,1,0,1,0,1,0,1,1,1,1,0,1,0,0,0,0,1,1,1,1,0,1,1,0
526,0,0,1,1,1,1,0,0,1,1,1,0,0,1,1,0,0,0,0,1,0,0,0,0,0,0,1,1,1,1,0
527,0,0,1,1,1,0,0,0,0,0,0,0,0,1,1,0,1,1,0,1,0,1,1,1,0,0,1,0,1,0,0
528,-1.19835269226968,1,1,0,0,1,0,0,1,0,0,0,0,0,0,0,0,0,0,0,0,0,0,0,0,0,0,1,0,0,1
529,-0.959284122303185,0,0,0,1,1,1,0,0,0,0,0,0,1,1,1,0,0,1,0,1,0,0,0,1,0,0,0,0,0,1
530,0.591539030595986,0,1,1,1,0,1,0,1,1,1,1,1,1,1,0,0,0,1,1,1,1,0,0,0,0,1,0,1,1,1
531,0,0,0,1,1,1,0,0,0,1,1,0,0,1,1,0,1,1,1,1,1,0,1,0,1,0,1,1,1,1,0
532,0,1,0,1,1,0,0,1,1,0,0,0,1,1,0,0,1,1,1,1,0,1,1,0,0,0,1,0,1,1,1
533,-0.744017406127348,0,0,0,0,1,1,1,0,0,1,0,0,1,0,1,0,1,1,1,1,1,1,0,1,0,0,1,1,1,1
534,0.0961934393250349,0,1,1,1,0,1,0,1,0,0,1,0,0,1,0,1,0,0,1,0,1,1,1,1,0,1,1,0,1,1
535,-0.787342410139543,0,0,0,1,1,0,1,1,0,0,0,0,1,0,0,0,0,1,0,0,1,1,0,0,0,1,0,1,0,0
536,0,1,0,1,1,0,0,0,1,0,1,1,1,1,1,1,1,1,0,1,1,1,0,1,0,0,1,0,1,0,1
537,0,1,1,0,1,0,1,0,0,0,0,1,0,1,1,0,1,1,0,1,0,1,0,1,0,0,1,1,1,1,0
538,0.819417867987142,1,1,1,1,0,0,0,1,1,0,1,0,1,1,1,1,0,1,1,0,1,1,0,1,1,1,0,1,1,1
539,-0.575892119188547,1,1,1,0,0,1,0,0,1,0,1,0,1,1,1,1,1,0,0,0,1,1,1,0,0,0,0,0,0,1
540,0,0,1,0,1,0,0,0,0,1,1,0,1,1,1,0,1,0,0,1,1,0,0,1,0,0,1,0,1,0,1
541,0.391459711604029,1,1,1,1,1,1,1,0,0,0,0,1,1,1,0,1,1,1,1,1,1,1,0,1,1,1,1,1,0,0
542,-0.0681986630140969,0,0,1,1,0,1,0,0,0,0,0,1,1,0,1,1,1,1,1,1,1,1,1,1,0,1,1,1,1,0
543,0,1,1,0,0,1,1,0,0,0,0,0,1,1,1,0,1,1,1,1,1,1,0,0,0,0,0,1,1,1,1
544,0.518822044805723,0,1,1,1,1,0,1,1,0,0,1,1,1,1,0,1,1,0,1,0,1,0,1,0,0,1,1,1,0,1
545,-1.36012509576818,0,0,0,0,0,1,1,0,0,1,0,1,0,1,0,0,0,0,1,0,0,1,0,0,0,0,1,0,0,0
546,0,0,0,1,0,1,0,1,1,1,0,0,0,0,1,1,1,0,0,1,0,1,1,1,0,0,0,1,1,0,1
547,0.186796201470036,1,1,1,0,0,0,0,0,1,0,1,0,0,0,0,1,1,0,1,0,1,0,1,1,0,0,0,1,0,1
548,0,1,1,0,1,1,0,0,0,0,0,1,1,1,0,0,1,1,0,1,0,0,0,0,1,0,0,1,1,0,1
549,-1.07872717866731,0,0,0,0,1,0,0,1,0,0,0,0,0,0,0,0,0,0,0,1,0,1,0,1,0,0,1,1,1,0
550,0,1,0,1,1,1,0,0,1,0,1,1,0,1,0,0,0,0,1,1,0,1,0,0,1,0,0,1,0,1,1
551,-0.160935459459091,0,1,1,1,0,0,0,1,1,1,0,0,0,0,0,1,1,0,0,1,1,0,1,1,0,0,1,1,0,0
552,0.219613712985137,0,1,1,1,1,0,1,0,1,1,1,1,1,0,0,0,0,0,1,0,0,1,0,1,1,0,0,1,0,1
553,1.37798038128988,0,1,1,1,0,1,1,1,1,1,1,0,1,0,1,1,0,0,1,1,0,1,0,1,1,1,0,1,0,1
554,0,1,0,1,1,0,0,1,0,0,0,1,0,1,0,0,1,1,0,1,1,0,1,1,0,1,0,1,1,0,0
555,0.63533493597416,1,0,0,1,1,1,0,0,0,0,1,0,1,1,1,1,1,0,1,0,0,1,0,1,0,1,1,1,0,1
556,-0.627351451317659,0,1,0,1,1,1,1,1,1,0,0,0,1,0,1,0,0,0,0,0,1,0,0,1,0,0,1,1,1,1
557,0,0,1,1,1,1,1,0,0,1,1,1,1,1,1,0,1,0,1,1,0,1,0,1,1,1,1,1,1,0,0
558,0,1,0,1,1,0,0,1,0,1,0,1,0,1,0,0,1,0,0,1,0,0,1,1,1,0,1,0,1,0,1
559,0,1,1,1,1,0,1,1,0,1,1,1,0,1,0,0,1,0,1,1,0,1,1,0,0,0,1,0,1,0,0
560,0,1,1,0,1,1,0,1,0,0,1,0,1,1,0,1,1,1,1,1,0,0,1,1,1,0,1,0,0,1,0
561,1.01880315253164,1,1,1,1,1,1,0,0,0,1,1,0,1,1,1,1,1,0,1,0,1,0,1,1,1,1,0,1,1,1
562,-2.33886088706682,0,1,0,0,0,0,0,0,0,0,0,1,0,0,0,0,1,0,0,0,0,1,0,0,0,0,0,0,0,1
563,0,0,0,1,1,1,1,1,1,0,0,0,0,1,1,1,1,1,1,1,0,1,1,1,1,1,1,1,1,0,0
564,-0.426037243217029,0,0,0,1,0,1,0,1,0,0,0,0,0,0,0,1,1,0,1,0,0,1,0,1,0,0,1,1,1,0
565,-0.0424719214406799,0,0,0,1,0,0,1,0,1,0,0,0,0,0,1,0,1,1,1,0,0,1,0,0,0,1,1,1,1,1
566,-0.215699279740137,0,1,0,1,1,1,1,1,0,0,1,0,1,1,1,1,1,0,1,1,1,1,1,1,0,0,1,0,1,0
567,-0.270057533217232,1,0,1,1,1,1,0,0,1,0,0,0,0,1,0,1,1,0,1,0,1,0,0,1,0,1,1,1,0,0
568,-0.721325826400505,0,0,0,1,0,1,0,0,1,1,0,1,1,1,0,0,1,0,0,1,1,0,0,1,0,0,1,1,0,0
569,-1.49332069564891,0,1,0,0,0,0,1,1,1,1,0,0,0,0,1,0,1,0,0,0,1,0,0,1,0,0,0,0,0,0
570,0,0,0,1,1,0,1,0,1,0,0,0,1,1,1,1,1,0,1,0,1,1,1,1,1,0,1,0,1,1,0
571,0,1,1,1,1,1,1,0,1,1,0,0,1,0,0,0,1,0,0,1,0,1,0,0,0,0,0,0,1,1,1
572,-0.295962975463067,0,1,1,1,1,0,0,0,0,0,1,1,1,1,1,0,0,1,1,0,1,1,0,1,0,0,0,1,0,1
573,0,0,1,1,1,0,1,0,0,0,0,1,1,1,0,0,1,0,1,1,1,0,0,0,1,0,1,0,1,1,0
574,0.160895328088134,0,0,1,1,0,1,0,1,1,0,1,1,1,0,0,1,0,0,0,0,0,0,1,0,0,1,1,1,0,1
575,0,0,1,0,1,0,1,0,0,1,0,1,0,0,0,1,1,0,0,1,0,0,0,0,0,0,0,1,1,1,1
576,-1.26292319623073,0,1,0,1,0,1,1,1,1,0,0,1,0,1,0,0,0,0,0,0,0,1,0,1,0,0,1,0,0,1
577,1.51759073766859,1,1,1,1,0,1,1,1,0,1,1,1,1,1,1,1,1,0,1,0,0,1,0,1,1,1,1,1,1,0
578,2.10070049702263,0,1,1,1,1,1,0,1,1,1,1,0,1,0,0,1,0,0,1,1,1,0,1,1,1,1,0,1,1,1
579,0,0,0,0,1,0,1,1,0,0,0,1,0,1,1,1,0,1,1,1,1,1,0,1,1,0,1,1,1,1,0
580,-0.379587220784551,0,1,0,1,0,1,0,0,0,1,0,0,1,0,1,0,0,1,1,1,1,0,0,0,0,1,0,1,0,1
581,1.53434485527249,1,1,1,1,0,0,0,0,0,1,1,1,1,1,0,1,0,1,1,1,0,1,0,1,1,1,1,1,0,1
582,1.19828070315887,1,1,1,1,0,1,0,0,1,1,1,0,1,1,0,1,1,1,1,0,1,0,1,1,1,1,0,1,0,0
583,0.545878071056561,1,0,0,1,0,0,0,0,1,0,1,1,1,1,1,1,0,0,1,0,1,1,0,0,0,0,0,1,1,0
584,0,1,0,1,1,0,0,0,0,0,0,1,1,1,0,0,0,1,1,1,0,0,0,1,1,0,1,1,1,1,1
585,-0.587871985432734,1,0,0,1,0,0,0,1,1,1,1,0,0,0,1,0,0,1,0,0,0,1,0,0,0,0,1,0,0,0
586,0,0,0,0,1,1,1,0,0,0,0,0,1,1,0,1,0,0,0,1,0,0,0,1,1,0,0,1,1,0,1
587,1.53434485527249,0,0,1,1,1,1,1,0,0,0,1,1,1,0,0,1,0,1,1,0,1,1,1,1,1,1,1,1,1,1
588,0,0,1,0,1,1,0,1,0,0,1,1,1,1,1,1,1,0,0,1,0,1,1,1,0,0,0,1,1,0,0
589,-0.32395548040994,1,0,1,0,0,1,0,1,1,0,1,0,1,0,1,0,0,0,1,0,0,1,0,1,0,0,0,1,0,0
590,0.438483858780017,1,0,1,1,0,1,1,0,0,1,1,1,1,1,0,1,1,1,1,1,1,1,0,0,0,1,0,1,0,0
591,0.732273063026037,0,0,1,1,0,0,0,1,1,1,1,1,1,1,1,1,0,0,1,0,1,0,0,1,1,1,0,1,1,1
592,-0.405967157118733,1,1,1,1,1,1,0,1,1,1,0,1,1,1,0,1,0,0,0,1,1,1,0,0,0,1,1,1,0,0
593,0,1,1,1,1,0,0,1,0,1,1,0,1,1,1,1,1,0,0,1,1,1,1,0,1,0,1,0,1,0,1
594,0,1,0,0,1,0,1,1,0,1,0,1,1,1,0,1,1,1,1,1,0,0,0,0,0,0,1,1,1,0,1
595,0,1,1,0,1,0,0,0,0,1,1,0,0,0,0,0,1,0,0,1,0,0,0,0,0,0,1,0,1,1,1
596,0.0574464630078663,0,0,1,1,1,1,0,0,1,1,1,0,1,0,1,1,1,0,0,0,0,1,1,0,1,1,0,1,0,0
597,-0.359372339323413,0,0,1,1,0,0,1,1,0,1,1,1,1,1,0,0,1,0,1,0,1,1,1,1,0,0,1,1,0,1
598,1.33129845001848,1,1,1,1,1,1,0,0,0,1,1,1,1,1,0,1,0,1,1,0,0,0,1,1,1,1,0,1,0,0
599,-0.78125020160013,0,1,0,1,1,0,0,1,1,0,0,0,0,0,1,1,1,0,0,0,0,0,1,0,0,0,0,1,0,1
600,-0.179081529871974,0,1,1,1,0,0,0,1,0,0,1,1,1,0,1,1,0,0,1,1,0,0,1,0,0,1,0,1,0,1
601,1.08327407791658,1,0,1,1,0,0,0,0,0,0,1,1,1,1,1,1,1,1,1,1,1,1,1,0,1,1,1,1,1,0
602,0.457189356418816,1,0,1,1,0,0,0,0,0,0,1,1,1,0,1,1,0,1,1,1,1,1,1,1,0,1,1,1,1,1
603,0,0,1,1,1,1,1,1,1,1,1,1,1,0,1,1,1,0,1,1,1,0,1,1,0,0,1,0,1,1,1
604,0.151725706795215,0,1,0,1,1,0,1,1,1,1,1,1,1,0,1,1,0,0,1,0,0,1,0,1,0,1,0,1,0,0
605,-1.11552469863935,0,0,0,1,0,0,0,1,1,1,0,1,0,1,0,0,0,1,0,0,1,0,1,0,0,0,0,0,0,1
606,0.638873535930609,0,0,1,1,0,1,1,1,1,1,1,1,1,1,0,1,1,1,1,0,1,1,1,1,1,1,0,1,0,1
607,0,0,1,1,1,1,1,1,0,1,1,1,0,1,0,0,0,1,0,1,0,1,0,1,0,0,1,1,1,1,1
608,0,0,0,1,0,0,1,1,1,1,1,1,1,1,1,0,1,1,1,1,1,1,0,0,0,1,1,1,1,0,1
609,1.94282693801753,0,0,1,1,1,1,0,1,0,0,1,1,1,0,1,1,0,0,1,1,1,1,0,0,1,1,0,1,1,0
610,-0.793816054967178,1,0,0,0,0,0,0,1,1,0,0,0,0,1,0,1,0,0,0,0,0,1,0,1,0,0,0,1,0,1
611,0,1,0,1,1,1,1,0,0,0,0,1,1,1,1,0,1,0,1,1,0,0,1,1,1,1,0,1,1,0,1
612,-0.925915441846886,0,0,0,0,1,0,0,0,1,1,0,1,0,0,1,0,0,1,0,0,0,0,0,1,0,0,0,1,1,0
613,0,1,1,1,1,1,1,1,0,0,1,1,0,1,1,0,1,1,0,1,1,0,1,1,1,0,0,1,1,0,0
614,0,0,0,0,1,1,1,0,0,0,0,0,1,1,1,0,1,1,1,1,1,0,1,0,1,1,1,1,1,1,0
615,0.344379170569407,0,1,1,1,1,1,1,0,0,1,1,0,1,0,0,1,1,0,1,0,1,0,0,1,0,1,1,1,1,1
616,0,0,1,1,1,1,0,0,0,0,0,0,1,1,1,0,1,1,0,1,0,0,1,1,0,0,0,0,1,0,1
617,0,1,1,1,1,1,1,0,1,1,1,1,1,1,0,1,0,1,0,1,1,0,0,0,0,0,1,0,1,0,0
618,-0.351824350027751,1,1,0,1,1,1,0,1,1,1,0,1,1,0,1,0,0,0,1,1,0,1,1,1,0,0,0,0,1,1
619,1.30387680587759,1,1,1,1,1,1,1,0,1,1,1,1,1,0,1,1,1,0,1,0,0,1,1,0,1,1,0,1,0,0
620,-0.14649475573934,0,0,1,1,1,0,0,1,1,1,1,1,1,0,0,1,0,1,1,1,1,0,0,1,0,0,1,1,1,1
621,-1.3949674067958,0,0,0,0,0,1,0,1,0,0,0,0,0,1,0,0,0,0,0,1,0,1,0,0,0,0,0,0,1,1
622,0.221661160905755,1,0,1,1,1,0,0,0,0,0,1,0,1,1,1,1,0,0,1,1,0,0,0,1,0,0,0,1,0,1
623,0,0,1,1,1,1,1,0,1,1,1,0,1,1,0,1,1,1,0,1,1,0,1,1,0,0,0,1,1,0,0
624,-1.63515446688747,0,0,0,0,0,0,0,1,1,1,0,1,0,0,0,0,1,0,0,0,1,0,0,1,0,0,1,1,1,1
625,0,1,1,1,1,1,1,0,1,0,1,1,0,1,0,1,1,1,1,1,0,1,1,0,0,0,0,1,1,0,0
626,0.359584338583224,1,1,1,1,1,0,0,1,0,1,0,0,1,0,0,1,1,0,1,0,1,1,1,0,0,1,1,1,0,1
627,1.30045703279124,1,0,1,1,0,1,0,0,0,1,1,0,1,1,0,1,0,0,1,0,0,1,0,0,1,1,1,1,1,0
628,0,1,0,0,1,0,1,0,0,0,0,0,1,1,1,0,0,0,0,1,0,0,0,1,0,0,0,0,1,0,1
629,-1.46805989896128,0,0,0,0,1,1,0,1,0,1,0,1,0,0,1,0,0,1,0,0,1,0,0,0,0,0,1,1,1,1
630,0,1,0,1,1,0,0,1,1,0,0,1,0,1,0,0,1,0,0,0,1,1,0,0,0,0,1,0,1,0,0
631,0,0,0,1,1,0,0,1,1,1,1,0,0,0,0,1,0,0,1,1,1,0,1,0,1,0,0,1,1,1,1
632,1.02696663124704,1,1,1,1,0,1,1,1,1,0,1,0,1,1,1,1,1,1,1,0,0,1,0,1,0,1,1,1,1,1
633,-1.42613035294366,0,1,0,1,0,0,1,0,0,1,0,1,0,1,0,0,1,0,0,1,0,0,0,0,0,0,0,1,0,1
634,-0.0497069301059886,0,1,0,1,1,0,0,1,0,1,1,1,1,1,1,1,1,1,1,0,1,1,0,0,0,1,1,1,0,0
635,0,1,0,1,1,0,0,1,0,0,1,1,1,0,0,1,1,1,0,1,0,0,0,0,0,0,1,1,1,1,1
636,-1.10063935093471,0,1,0,0,0,0,1,0,0,1,0,1,0,0,1,0,0,1,0,0,0,0,1,1,0,0,1,1,1,1
637,-1.75119506014972,0,0,0,0,0,0,1,0,0,0,0,1,0,0,1,0,1,1,0,1,0,0,0,0,0,0,0,0,1,0
638,0,0,0,1,1,0,0,0,0,0,0,1,0,1,1,0,1,1,0,1,0,1,0,1,0,0,0,1,1,0,1
639,-1.09260018909865,0,1,0,1,0,0,1,0,0,1,0,0,0,1,0,0,1,0,0,0,0,0,0,0,0,0,0,1,0,1
640,1.43275614457495,1,1,1,1,1,1,1,1,0,1,1,1,1,1,0,1,0,0,1,0,1,1,0,1,1,1,1,1,0,1
641,-2.05603196328611,0,1,0,0,1,0,0,1,1,0,0,0,0,0,0,0,0,0,0,0,1,1,0,0,0,0,0,0,0,0
642,0,1,0,1,1,1,1,1,0,0,1,1,0,1,0,0,1,0,0,1,1,1,0,0,1,0,0,0,1,0,0
643,-0.516314009600175,1,1,0,1,0,1,1,0,1,1,0,0,1,1,1,0,0,1,0,0,0,0,0,0,0,1,0,0,1,0
644,0,0,0,1,1,0,1,1,0,1,1,0,0,1,1,0,1,0,0,1,1,1,0,1,1,0,1,0,1,0,0
645,0,1,1,1,1,0,0,0,0,1,1,1,1,1,0,0,1,0,1,1,1,0,1,0,0,1,0,1,1,0,0
646,0.728872435120084,0,1,1,1,1,1,1,1,1,0,1,0,1,0,0,1,0,0,1,1,0,1,1,1,1,1,1,1,0,0
647,-0.252996434422754,1,1,1,1,0,0,1,1,1,1,1,1,1,0,0,0,1,0,1,0,0,1,0,0,0,0,0,1,0,1
648,0.647259852299258,0,1,1,1,0,0,1,1,1,1,0,0,1,0,0,1,1,0,1,1,1,0,1,0,1,1,1,1,1,1
649,-0.231010161107758,1,0,0,0,0,1,0,0,1,1,1,1,1,0,1,1,1,0,1,0,1,0,1,0,0,1,1,1,0,1
650,0,1,1,1,1,0,0,0,0,0,1,1,0,1,1,0,1,0,0,1,0,0,0,1,0,1,1,0,1,0,0
651,0.196036258103162,1,1,1,1,1,1,1,1,0,0,1,1,1,1,0,0,1,1,1,0,1,0,1,0,0,0,0,1,0,1
652,-1.43296489750146,0,1,0,0,0,0,0,0,0,1,0,0,0,0,1,0,0,1,0,0,0,1,0,0,0,0,1,0,0,1
653,0,1,0,1,1,1,0,0,1,1,1,0,1,1,0,1,1,0,1,1,1,0,1,0,1,1,1,0,1,0,1
654,-0.133125700872684,1,0,0,1,0,1,1,0,1,0,0,1,1,0,1,1,1,0,1,1,0,0,0,0,0,1,0,1,0,1
655,0,0,0,1,1,1,1,0,1,0,0,1,1,1,1,0,0,0,0,1,0,0,0,0,1,0,0,1,1,0,1
656,-0.855029943185813,0,0,1,1,1,0,0,0,0,0,0,1,1,0,0,0,0,0,1,1,1,0,0,0,0,0,0,1,0,1
657,-0.630514196427363,1,1,0,0,0,0,0,1,1,0,1,1,0,1,1,1,1,0,1,0,1,0,0,0,0,0,0,1,1,0
658,-0.181391224413897,1,1,0,1,0,1,0,1,1,1,1,0,1,1,1,0,0,1,1,1,1,0,0,0,0,1,0,0,0,1
659,0,1,1,1,1,1,0,0,0,1,0,1,0,1,1,1,0,1,0,1,1,1,1,1,1,1,0,0,1,0,0
660,0,0,0,1,0,0,0,0,0,0,1,1,0,1,1,1,1,0,1,1,0,0,0,1,0,0,0,0,1,0,1
661,0,0,1,1,1,0,1,1,0,0,1,0,0,0,1,1,1,0,0,1,1,1,0,0,0,0,0,1,1,1,1
662,0.35361544451825,1,0,1,1,1,0,0,1,1,0,1,0,1,0,1,0,0,1,0,0,1,1,0,0,0,0,0,1,1,0
663,0.448427201131182,1,0,1,0,0,1,1,0,0,1,1,1,1,0,0,1,1,1,1,1,0,1,0,1,0,1,1,1,0,0
664,0,1,0,1,1,1,1,1,0,1,0,0,1,1,0,0,0,0,1,1,0,0,1,1,1,0,1,0,1,1,0
665,0.868668772284202,1,1,1,1,1,1,0,0,0,0,1,1,1,0,1,1,0,1,1,1,0,0,0,0,0,1,0,1,1,0
666,0.790867141740953,1,1,1,1,0,1,1,0,1,1,1,1,1,0,0,1,1,1,1,0,1,0,1,0,1,1,1,1,1,0
667,-1.6455116306142,0,1,0,0,1,1,0,1,0,0,0,0,0,1,1,0,0,1,0,0,0,0,0,1,0,0,1,0,1,0
668,0,0,0,1,1,1,0,1,1,1,1,1,1,1,1,0,1,0,0,1,0,1,0,0,0,0,1,1,1,1,0
669,1.42737460201844,0,0,1,1,0,1,1,1,1,1,1,1,1,0,0,1,0,1,1,0,0,1,0,0,1,1,0,1,1,1
670,0,0,0,0,1,0,1,1,1,1,1,1,0,1,1,1,1,0,1,1,0,0,0,1,0,0,0,0,1,1,0
671,-0.344246761048694,1,0,0,1,0,0,0,0,1,0,0,1,1,0,1,0,0,1,1,0,1,1,0,0,0,0,1,1,1,0
672,0.283020416952427,0,1,1,1,0,0,1,1,1,1,1,1,1,0,0,1,0,1,1,0,1,0,1,0,0,1,0,1,0,1
673,-1.65241296683701,0,1,0,0,0,0,0,0,0,1,0,1,0,0,0,0,0,0,0,1,1,1,0,0,0,0,1,0,0,0
674,0,1,1,1,1,1,0,1,1,1,0,0,1,0,1,1,1,0,0,1,0,1,1,1,0,1,1,0,1,0,0
675,-0.258668475067132,1,1,1,1,0,1,0,0,1,1,0,1,0,1,1,1,1,0,1,1,0,0,0,0,1,1,1,1,1,0
676,-0.946754335096934,1,1,0,0,0,0,1,0,0,1,0,1,0,0,1,0,1,0,0,1,1,0,1,1,0,0,0,0,0,0
677,0.846074859517064,1,1,1,1,0,1,0,0,0,0,1,1,1,0,0,1,1,0,1,1,0,0,1,1,1,1,1,1,1,1
678,0.888256480589974,1,1,1,1,1,0,1,1,1,1,1,1,1,1,1,1,0,0,1,0,1,0,0,0,1,1,1,1,1,1
679,0.967960987837894,1,0,1,1,1,0,1,1,1,0,1,0,1,1,1,1,0,0,1,0,1,1,1,1,1,1,1,1,1,1
680,0.482264652807518,1,1,1,1,0,0,1,1,0,1,1,0,1,1,1,1,0,0,1,1,0,0,0,1,1,1,1,1,1,1
681,0,1,1,1,1,0,0,0,1,0,1,1,1,0,1,0,0,1,1,1,1,1,1,1,1,1,1,1,1,0,0
682,1.42783463741997,1,0,1,1,0,1,0,0,1,1,1,1,1,1,1,1,0,1,1,0,1,1,0,0,1,1,1,1,1,1
683,0,0,0,0,1,0,0,1,0,1,1,1,0,1,0,0,1,0,0,0,1,0,1,0,0,0,1,0,1,1,0
684,-0.830025298840488,0,0,0,1,1,0,0,0,0,1,1,0,1,1,1,0,0,1,0,0,0,0,0,0,0,1,1,1,1,1
685,-0.313206622664075,1,1,1,1,0,0,0,1,0,1,0,1,1,1,0,0,0,0,1,0,1,0,1,0,0,1,1,0,0,1
686,-3.54321515030019,1,1,0,0,0,0,1,0,0,0,0,0,0,1,0,0,0,0,0,0,1,1,0,0,0,0,1,0,1,0
687,0,0,1,1,1,0,1,1,0,1,1,1,0,1,1,0,0,0,1,1,1,1,1,1,0,0,1,0,1,0,1
688,-0.975197630325774,1,0,0,0,0,0,0,0,0,0,0,0,1,1,0,0,0,0,0,1,0,0,0,0,0,0,1,1,0,1
689,0,0,0,1,1,0,0,0,0,0,1,0,1,1,0,1,0,1,1,1,1,0,1,0,0,0,1,1,1,1,1
690,0,0,0,1,1,0,0,0,1,0,1,0,1,1,1,1,0,0,1,1,0,1,1,0,1,0,1,0,1,1,1
691,0,0,1,0,1,0,0,1,0,1,0,1,0,0,0,0,0,0,1,1,1,0,1,1,1,0,1,1,1,1,0
692,0,1,1,0,0,1,1,1,0,0,1,0,0,0,0,1,1,0,1,0,1,1,0,0,0,0,1,1,1,1,0
693,0,0,1,1,1,0,0,0,0,1,1,1,0,1,1,1,0,1,0,1,0,0,1,1,0,0,1,0,1,1,1
694,0.433217779412911,1,1,1,1,0,0,0,0,1,0,0,0,1,1,0,1,0,0,1,1,1,0,0,1,0,1,1,1,1,1
695,0,0,1,0,1,0,0,1,1,0,0,0,0,1,0,1,1,0,1,1,0,0,0,0,0,0,1,0,1,1,0
696,0,1,1,0,1,0,1,0,0,0,1,0,0,1,1,1,0,0,0,1,0,1,0,1,1,0,0,0,1,0,0
697,1.44517853576295,0,0,1,1,1,0,1,0,1,0,1,1,1,1,1,1,1,1,1,1,1,1,1,1,1,1,1,1,0,1
698,-0.245505154536932,0,0,0,0,1,0,0,0,0,1,0,1,1,0,1,1,0,1,1,0,0,1,0,1,0,1,0,1,1,0
699,-0.996871775665235,0,0,0,0,1,1,1,0,0,0,0,0,0,0,0,0,1,1,0,1,0,0,1,1,0,1,0,1,0,0
700,0.37392098606156,0,1,1,1,1,0,0,1,1,1,0,1,1,1,0,1,1,0,1,0,1,0,0,1,0,1,0,1,0,0
701,0.61867802777458,0,1,1,1,1,0,0,1,0,0,0,0,1,0,1,1,0,1,1,0,0,1,0,1,1,1,0,1,0,1
702,-0.554672677243596,0,1,1,0,0,0,1,0,1,0,1,0,0,0,1,1,0,0,1,0,0,0,1,0,0,0,1,1,0,1
703,-0.396415388289674,1,1,0,1,0,0,1,1,1,1,0,1,0,1,1,0,0,0,1,1,1,0,1,0,0,1,0,1,1,0
704,0,0,1,0,1,0,0,1,1,1,0,1,0,0,1,0,1,0,0,1,0,0,0,1,1,0,1,0,1,1,1
705,-0.62241615094363,1,1,0,0,1,1,1,0,1,0,0,0,0,0,0,1,0,1,1,0,0,0,0,0,0,0,1,1,0,0
706,0.162500311150844,0,1,1,1,0,0,1,0,1,1,1,0,1,0,0,0,1,1,0,0,1,1,1,0,0,1,1,1,0,0
707,0.120980329350527,0,0,1,1,0,1,0,0,0,1,1,1,1,1,1,1,0,0,1,0,0,0,0,1,0,1,1,1,1,0
708,-1.07607702075499,1,1,0,0,0,0,0,0,1,1,0,0,0,0,0,0,1,1,0,0,0,1,0,1,0,0,1,1,1,0
709,0,0,0,0,1,0,1,1,0,1,0,1,1,1,1,1,1,0,0,1,1,0,0,0,1,0,0,1,1,1,1
710,1.57556593245407,1,1,1,1,0,1,1,0,0,1,1,1,1,0,1,1,1,1,1,1,0,1,0,0,1,1,1,1,0,1
711,0,0,1,1,1,1,1,0,0,0,0,1,1,1,1,1,0,0,0,1,0,1,0,0,0,0,1,0,1,0,1
712,-1.71099851381879,0,1,0,0,1,0,1,1,0,1,0,0,0,1,0,0,1,1,0,0,0,0,0,0,0,0,0,0,1,1
713,1.12052279348745,0,0,1,1,1,1,1,0,0,1,1,1,1,1,0,1,1,1,1,0,0,1,1,0,1,1,1,1,0,1
714,-0.967784559861305,1,1,0,1,0,0,0,1,0,1,0,0,0,1,0,0,1,1,1,1,1,0,0,1,0,0,1,1,1,0
715,0,0,1,0,1,0,1,0,1,0,0,0,1,1,0,0,0,1,1,1,1,0,0,0,1,0,0,0,1,0,0
716,0,0,1,0,1,1,1,0,1,1,1,0,1,0,0,1,1,1,1,0,1,1,1,1,0,0,0,1,1,0,0
717,0,1,0,1,1,0,1,1,0,0,1,0,1,0,0,0,1,0,1,1,1,0,1,0,0,0,0,0,1,0,1
718,-1.92823665588488,0,0,0,0,1,0,0,1,1,0,0,0,0,0,1,0,0,1,0,0,1,1,1,0,0,0,1,0,0,0
719,1.45294402919057,0,0,1,1,0,0,1,0,0,1,1,0,1,1,1,1,0,0,1,1,0,0,1,1,1,1,0,1,0,1
720,0,0,1,1,1,1,1,0,1,1,1,0,0,1,0,1,1,0,1,1,0,1,1,0,1,0,0,0,1,0,1
721,0.714182506450957,0,1,1,1,0,0,1,1,1,0,1,0,1,0,1,1,0,0,1,1,0,0,0,0,1,1,0,1,1,1
722,0,1,0,0,1,0,1,0,0,0,1,1,1,0,1,1,1,1,1,1,1,1,0,1,0,0,1,1,1,0,0
723,0,0,0,1,1,1,1,0,0,1,0,1,1,1,1,0,1,1,0,0,1,0,0,0,0,0,0,0,1,1,1
724,-1.73989937648299,0,0,0,0,0,1,0,0,1,1,0,0,0,0,0,0,0,1,0,0,0,0,0,0,0,0,1,0,1,1
725,1.56965821691347,0,1,1,1,0,1,1,1,1,0,1,1,1,1,1,1,1,1,1,1,1,0,0,0,1,1,1,1,1,0
726,-1.60752315067455,0,0,0,0,0,0,0,0,1,0,0,0,0,0,0,0,0,1,0,1,0,1,0,1,0,0,0,0,0,1
727,0.224150790887227,1,1,1,1,1,0,1,1,1,1,1,0,1,1,0,0,1,0,1,0,1,0,1,1,1,1,1,1,0,0
728,1.35587163048844,1,1,1,1,0,0,1,1,1,1,1,0,1,1,0,1,0,0,1,0,0,1,0,0,1,1,0,1,1,0
729,1.21241289351449,0,1,1,1,0,0,0,0,0,1,1,0,1,1,0,1,1,0,1,0,0,0,1,1,1,1,0,1,1,1
730,0,1,1,0,1,1,0,1,0,0,1,1,0,1,0,1,0,1,1,1,1,1,0,0,1,0,0,1,1,0,1
731,0.52373859528086,1,1,1,1,1,0,1,0,1,0,1,1,1,0,1,0,1,1,1,1,1,1,1,1,0,1,1,1,0,1
732,0,0,1,1,1,0,0,0,1,0,0,1,0,1,1,1,1,1,1,0,1,1,0,1,0,0,1,0,1,0,0
733,0,0,0,1,1,1,0,0,1,0,1,1,1,1,1,0,0,0,1,1,1,0,0,1,0,0,1,1,1,0,1
734,0.386368249889465,1,0,1,1,1,1,0,0,0,0,1,1,1,0,1,1,0,1,1,0,0,1,1,1,0,1,0,1,1,0
735,-0.812495013259297,1,1,0,0,0,1,0,0,1,0,0,0,1,1,1,0,0,1,1,1,0,1,0,1,0,1,1,0,1,0
736,0.105426834217043,1,1,1,1,0,0,1,1,0,1,0,1,1,0,1,1,1,0,1,0,0,0,1,0,0,1,0,1,1,0
737,0.408728084704468,0,0,1,1,1,0,0,1,1,0,1,0,1,1,1,1,0,1,1,0,0,0,0,0,0,1,1,1,1,0
738,0,1,1,1,1,0,0,0,0,0,1,0,1,1,1,1,1,0,1,1,0,0,1,1,1,0,0,0,1,1,1
739,-0.941172643811557,1,0,0,0,0,1,1,0,0,0,0,1,0,1,1,0,0,0,0,1,0,0,0,1,0,0,0,0,0,0
740,0,1,0,1,1,0,0,1,0,0,0,0,0,1,1,0,1,0,0,1,1,0,1,0,1,1,1,1,1,0,0
741,1.4319487978996,0,0,1,1,0,0,1,1,1,1,1,1,1,1,0,1,0,0,1,0,0,1,1,1,1,1,1,1,1,1
742,-2.10634851355072,0,1,0,0,0,1,1,1,0,0,0,0,0,0,0,0,0,1,0,0,0,0,0,0,0,0,1,0,0,0
743,-0.948291934730806,0,0,0,0,1,1,0,1,0,0,0,0,0,0,1,0,0,1,0,0,1,0,0,0,0,0,0,1,1,1
744,0,0,1,1,1,0,0,0,0,0,0,0,1,1,0,0,1,1,0,1,1,1,0,1,1,0,1,0,1,1,1
745,-1.32656330184638,0,1,0,0,1,1,0,1,0,1,0,0,0,1,1,0,0,0,0,0,0,0,0,0,0,0,1,1,1,0
746,-0.354732082448166,1,1,1,1,0,0,0,0,0,1,1,0,0,0,0,0,1,0,0,1,1,1,0,1,0,0,0,1,1,0
747,0,1,0,0,0,1,1,1,0,1,1,0,0,1,1,1,1,0,1,0,0,0,1,0,0,0,0,1,1,0,0
748,-0.694444929264256,0,0,0,1,0,1,0,0,0,0,0,0,0,0,1,0,1,0,1,0,0,0,1,0,0,0,0,1,0,1
749,0,0,1,0,1,1,1,1,0,0,0,0,0,1,0,1,1,1,0,1,1,0,1,0,0,0,1,0,0,0,0
750,-1.50286537132751,0,1,0,0,0,0,0,1,1,1,0,0,0,1,1,0,1,1,0,0,0,1,0,1,0,0,0,1,0,0
751,0.360577292858002,0,1,1,1,1,1,0,0,1,1,1,1,1,1,1,1,0,1,1,0,0,1,0,0,1,1,1,1,0,1
752,0.454047417430011,1,0,1,1,1,1,1,1,1,0,1,1,1,0,1,1,0,1,1,0,0,0,0,0,1,1,0,1,1,1
753,-0.167277257450065,1,1,1,1,1,0,0,1,0,0,0,0,1,1,0,1,0,1,1,0,1,1,1,0,0,1,1,1,0,1
754,-1.50972876854084,1,1,0,0,0,0,0,1,0,0,0,0,0,0,0,0,0,1,0,0,0,0,0,1,0,0,1,0,0,1
755,-0.200316219299426,1,0,1,1,1,0,0,1,0,1,0,1,1,0,1,1,0,1,1,0,1,1,1,0,0,0,0,1,1,1
756,0.630031028774135,1,1,1,1,0,0,1,1,1,1,1,1,1,0,0,1,0,1,1,1,1,1,0,1,1,1,0,1,0,1
757,0.286000368661513,0,0,1,1,0,1,0,1,0,0,1,1,1,1,1,1,1,0,1,1,1,0,0,1,1,0,1,1,1,0
758,1.52500769122997,1,1,1,1,0,1,1,0,1,0,1,1,1,1,0,1,1,0,1,0,1,1,1,0,1,1,0,1,1,0
759,0,0,0,1,1,0,1,0,1,1,0,1,1,1,0,1,1,1,0,1,1,0,1,1,1,0,0,1,1,0,1
760,0.411090810159856,0,0,1,1,1,1,1,1,1,1,1,1,1,1,1,1,0,1,1,0,0,1,0,0,0,1,0,1,1,1
761,0.207805428623585,0,0,0,1,1,0,1,0,1,0,1,0,1,0,0,1,1,0,1,1,0,1,0,1,1,1,1,1,0,0
762,0.0428369717095245,0,1,0,1,0,0,0,1,0,1,0,0,1,0,1,1,1,0,1,1,0,1,0,0,1,0,1,1,0,0
763,-1.87786267515489,0,1,0,0,0,0,1,1,0,0,0,1,0,1,0,0,0,1,0,1,0,0,0,0,0,0,0,0,0,1
764,0,1,1,1,1,0,0,0,0,0,0,1,0,1,1,1,0,0,0,1,1,0,1,1,1,0,0,0,1,0,0
765,0,1,0,0,1,1,0,1,0,1,1,1,0,1,0,0,1,1,0,1,0,0,1,0,1,1,1,0,1,0,1
766,-1.23653266008796,1,0,0,0,0,1,0,0,0,1,0,1,0,0,0,0,1,1,0,1,1,1,0,0,0,0,0,0,0,0
767,0,1,1,0,1,0,1,0,1,1,1,1,0,1,0,1,0,0,1,1,1,0,0,0,0,0,0,1,1,0,0
768,0.855908290691065,1,0,1,1,1,0,1,1,0,1,1,1,1,1,0,1,1,0,1,0,1,1,0,0,0,1,1,1,1,1
769,-0.379589480157341,0,0,0,1,1,1,0,0,1,1,0,0,1,0,0,0,1,1,1,0,1,1,0,0,0,0,0,1,0,0
770,-0.865065334026078,1,1,0,0,0,1,0,1,1,1,0,0,1,1,0,0,1,1,0,1,0,1,0,1,0,0,0,1,1,1
771,0.114099454251619,1,1,1,1,1,1,0,1,1,0,1,1,1,1,0,1,1,1,1,1,1,1,0,0,0,1,0,1,0,0
772,0,1,0,0,1,0,1,0,1,0,1,1,0,0,0,0,1,0,0,1,1,1,0,0,0,0,0,0,1,0,1
773,0,1,0,1,1,1,1,1,1,0,0,0,0,1,1,0,0,1,1,1,1,1,0,0,0,0,0,0,1,0,0
774,0,1,1,0,1,1,0,1,0,0,1,1,1,0,0,0,1,1,0,1,0,0,0,0,0,1,1,1,1,1,0
775,0.913352805286687,1,1,1,1,1,1,1,0,0,0,1,1,1,0,1,1,1,0,1,1,1,0,1,0,1,1,1,1,1,0
776,0.741130859433065,0,1,1,1,1,0,0,0,0,0,1,1,1,1,0,1,0,1,1,1,1,0,0,1,1,1,1,1,0,1
777,0,1,1,1,1,0,1,1,1,1,0,1,0,1,1,0,1,0,1,1,1,1,1,1,0,0,0,1,1,1,1
778,3.02915524182134,0,1,1,1,1,0,1,1,1,1,1,1,1,1,1,1,0,1,1,0,0,1,1,1,1,1,0,1,1,1
779,-1.19281797914635,1,1,0,0,0,0,1,1,0,0,0,0,0,1,1,0,1,0,0,0,1,0,0,0,0,0,0,0,1,0
780,1.21271879548757,1,1,1,1,0,1,0,0,1,1,1,1,1,0,1,1,0,1,1,1,0,1,1,0,1,1,0,1,1,0
781,0.433217779412911,0,1,0,1,0,1,0,1,1,0,1,1,1,0,1,1,1,0,1,1,0,1,1,1,0,0,1,1,1,0
782,0,0,0,1,0,1,0,0,1,1,1,1,0,1,1,0,0,1,1,0,0,0,0,0,0,0,0,1,1,1,0
783,0.0729757599831916,1,0,1,1,1,0,0,0,0,0,1,1,1,1,0,0,1,1,1,0,0,1,1,1,0,1,1,1,1,0
784,2.38270624705828,1,1,1,1,1,1,1,1,1,1,1,1,1,1,0,1,1,0,1,1,0,1,1,0,1,1,1,1,1,1
785,-1.2090976549533,1,1,0,1,0,0,0,0,0,0,0,0,0,1,0,1,0,0,0,0,0,1,0,0,0,0,0,0,0,1
786,0.724022537008284,0,0,0,1,1,0,0,0,0,0,1,0,1,0,0,1,1,0,1,1,0,0,1,0,1,1,1,1,1,0
787,1.15083629145592,1,1,1,1,0,0,1,0,1,1,1,1,1,1,0,1,0,1,1,1,0,1,0,1,1,0,0,1,0,1
788,-0.537411426038863,0,1,1,1,0,1,0,0,0,1,0,1,0,1,0,0,0,0,0,0,0,0,1,0,0,0,0,1,1,0
789,0,0,1,0,1,1,1,1,1,1,1,1,1,1,1,0,1,1,0,1,0,0,1,1,0,0,1,1,1,1,0
790,-0.474472328185445,1,1,1,1,0,0,0,0,1,0,0,0,1,1,1,1,1,1,0,1,0,0,1,1,0,0,1,1,1,0
791,0,0,1,0,1,0,0,1,0,1,1,1,1,1,0,1,1,0,0,1,1,0,1,1,0,0,0,0,1,0,0
792,0,0,0,0,1,0,1,1,1,0,1,0,0,0,1,1,1,1,1,1,1,1,0,1,0,0,0,0,1,1,1
793,0,1,0,0,1,1,0,1,1,1,0,0,0,1,1,0,1,1,0,1,0,1,1,0,0,0,1,1,1,1,1
794,0,1,1,0,1,0,1,0,0,0,1,0,0,0,1,0,1,1,1,1,0,0,1,1,0,1,1,1,1,0,0
795,-1.14342723926091,1,1,0,0,0,0,0,0,0,0,0,0,0,0,0,0,0,0,0,0,1,0,0,1,1,0,0,0,0,0
796,0,0,0,1,1,0,0,0,0,1,0,1,0,1,1,1,0,0,1,1,1,0,0,0,1,0,0,0,1,0,0
797,-2.09746504880011,0,0,0,0,0,1,0,0,0,0,0,1,0,0,0,0,0,0,0,1,0,0,0,0,0,0,0,0,0,0
798,0,1,0,0,1,0,0,1,0,1,1,1,1,1,0,1,0,1,1,1,1,0,1,0,1,0,0,0,1,1,0
799,0.31873325978046,1,1,1,1,0,0,0,0,0,0,1,0,1,1,0,1,1,1,1,1,1,0,1,1,0,1,1,1,0,1
800,-0.0604585214160835,1,0,0,1,0,0,0,0,1,1,1,0,1,0,0,1,0,1,1,1,1,1,1,1,0,1,1,1,1,0
801,-1.2581194088126,1,1,0,1,1,1,0,1,1,1,0,1,0,1,1,0,0,0,0,1,0,0,0,0,0,0,1,1,0,1
802,-1.50927487921536,0,0,0,0,0,1,0,0,0,0,0,1,0,0,0,0,0,0,0,1,0,1,0,0,0,0,1,0,1,0
803,-0.589171291057391,1,0,1,1,1,1,0,1,1,1,0,1,1,1,1,1,1,0,1,0,1,1,0,1,0,0,0,1,0,1
804,-1.26260943426781,0,0,0,0,1,0,0,0,1,0,0,0,0,1,1,0,1,0,0,0,1,0,1,1,0,0,1,1,0,1
805,0.459014091724131,1,1,1,1,0,0,1,1,0,0,1,1,1,0,1,1,0,0,1,0,1,0,1,1,0,1,0,1,1,1
806,-1.08371163154859,0,1,0,1,0,1,0,1,1,1,0,1,0,0,1,0,1,0,0,0,1,1,0,0,0,0,1,1,0,0
807,0.707226773897311,0,0,1,1,0,1,1,0,0,1,1,0,1,1,1,1,0,1,1,0,0,0,0,1,0,1,1,1,0,0
808,0,0,0,1,1,0,1,0,0,0,0,1,0,0,1,0,1,1,1,1,0,0,0,1,1,0,0,1,1,1,1
809,-1.03212607167339,0,0,0,1,1,1,0,0,0,0,0,1,0,1,0,1,0,0,1,0,1,0,0,1,0,0,0,1,0,0
810,-0.0291289890011915,1,0,1,1,0,1,0,0,1,0,0,0,1,1,0,1,1,1,1,1,1,1,0,1,0,1,1,1,0,1
811,0,1,1,1,1,1,0,1,0,0,1,1,0,1,0,1,1,1,0,0,0,0,1,0,0,1,1,0,1,1,1
812,0,1,0,0,1,1,0,0,1,1,1,0,0,1,1,0,1,0,1,1,0,1,1,1,0,0,1,1,1,1,0
813,0,1,1,1,1,1,0,0,1,0,0,0,1,1,0,0,1,1,1,1,0,1,0,0,1,1,1,0,1,1,0
814,-1.53562072740827,1,1,0,0,0,0,0,0,0,1,0,0,0,0,1,0,1,1,0,0,1,0,0,0,0,0,1,0,0,1
815,0,0,1,0,1,1,1,1,0,1,0,0,1,1,0,1,1,1,0,1,0,0,0,0,1,1,1,1,1,1,1
816,0,0,1,1,1,1,0,0,0,1,1,1,0,0,0,1,1,0,0,1,1,0,0,1,1,0,1,1,1,0,1
817,0.269519349306475,0,1,1,1,1,0,1,0,1,1,1,1,1,0,0,1,1,1,1,1,0,0,1,1,1,1,1,1,1,0
818,1.21697032017888,1,1,1,1,0,1,1,0,0,1,1,0,1,1,0,1,1,1,1,0,0,0,1,1,1,1,1,1,1,0
819,0.0381321720713565,1,1,1,1,0,0,1,0,0,0,0,1,1,0,0,1,0,1,0,1,0,1,0,0,1,1,1,1,0,0
820,1.33068811404861,0,0,1,1,1,1,1,1,0,1,1,0,1,1,0,1,1,1,1,1,1,1,0,1,1,1,1,1,1,1
821,-0.604249253713983,0,0,0,0,0,1,1,0,0,1,0,1,1,1,0,0,1,0,1,0,1,0,0,0,1,0,1,1,0,0
822,0.310364666172923,1,1,1,1,0,0,1,0,1,0,1,0,1,1,0,1,1,1,1,0,0,1,1,1,1,1,0,1,1,0
823,1.97695980967984,1,1,1,1,1,1,0,1,1,1,1,1,1,1,1,1,1,0,1,0,0,1,1,1,1,1,1,1,0,1
824,1.51770287592814,0,1,1,1,1,1,1,0,0,1,1,0,1,1,1,1,0,1,1,1,1,1,0,0,1,1,0,1,0,1
825,-1.77299009997367,0,1,0,0,0,0,0,0,1,1,0,0,0,1,1,0,0,0,0,0,1,1,1,0,0,0,1,0,1,1
826,1.85973557883235,0,1,1,1,1,1,0,1,0,1,1,1,1,1,1,1,1,1,1,0,0,0,1,0,1,1,1,1,1,0
827,-0.405393156211239,1,0,1,1,0,0,1,0,0,0,0,1,1,1,1,1,0,1,0,1,0,1,0,0,0,0,0,1,1,0
828,0,0,0,1,1,0,1,1,1,1,1,1,0,1,1,0,1,0,0,0,0,1,0,0,1,0,0,0,1,0,1
829,-1.15569012384443,1,0,0,0,1,0,0,0,1,1,0,0,0,0,0,0,0,1,0,0,1,0,1,0,0,0,0,0,1,0
830,1.67147391857714,1,1,1,1,0,0,1,0,1,1,1,1,1,0,0,1,0,1,1,1,0,1,0,0,1,1,1,1,1,1
831,-0.694249176514967,1,0,0,0,1,1,1,0,1,1,0,1,1,0,0,0,0,0,1,1,0,1,1,1,0,0,1,1,0,0
832,0.974738366796673,0,0,1,1,1,0,0,1,0,1,1,0,1,1,1,1,0,1,1,1,0,0,0,0,1,1,0,1,0,1
833,-0.0627350368864271,0,0,0,1,0,1,1,0,1,0,1,1,1,0,1,0,1,1,1,1,1,0,0,1,0,1,1,1,0,1
834,0,1,1,1,1,0,1,1,1,0,1,0,1,1,1,1,0,1,1,1,0,1,0,1,0,0,1,1,1,0,1
835,0,1,0,0,1,1,0,0,0,0,1,0,1,1,1,0,0,0,1,1,1,1,0,0,0,0,0,1,1,1,0
836,0,0,0,1,1,1,1,0,1,1,0,1,1,1,1,1,0,0,0,1,1,0,1,0,0,0,0,0,1,0,0
837,-0.0214203192867725,0,0,0,1,1,0,1,0,1,0,0,1,1,1,1,1,0,0,1,1,1,1,1,1,0,1,1,1,1,0
838,-0.600411736588831,0,0,0,0,1,0,1,1,0,0,1,1,0,0,0,0,0,0,0,1,0,1,1,1,0,1,0,1,0,0
839,1.33112636380016,1,1,1,1,0,0,1,1,0,0,1,0,1,1,1,1,0,0,1,1,1,1,0,0,1,0,1,1,1,0
840,0.131098127308096,0,1,1,1,0,1,1,1,1,0,1,1,1,0,0,1,0,1,1,0,1,0,1,1,0,1,0,1,1,0
841,0,0,0,1,1,1,0,0,1,0,0,0,1,1,1,0,1,0,0,0,0,0,0,0,0,0,1,0,1,1,1
842,0.605371992175785,0,1,0,1,1,0,0,0,0,1,0,1,1,0,1,1,0,1,1,1,1,0,1,1,1,1,1,1,1,1
843,1.21893772590616,0,0,1,1,0,0,1,1,0,1,1,0,1,0,1,1,1,0,1,0,0,1,1,0,1,1,0,1,0,1
844,2.24494034870825,1,1,1,1,0,0,1,1,0,1,1,0,1,1,1,1,1,1,1,0,1,1,0,0,1,1,0,1,1,1
845,-0.112831618635701,0,1,1,1,1,1,1,0,1,0,0,0,1,0,0,0,0,1,1,1,0,1,1,1,0,0,1,0,0,0
846,0.744174759411298,0,0,1,1,1,0,1,0,0,1,1,0,1,1,0,1,0,1,1,0,1,0,0,1,1,1,1,1,1,1
847,-0.551043971541112,1,1,1,0,0,0,0,0,1,1,0,1,1,0,0,0,0,1,0,0,0,1,1,1,0,0,1,1,0,1
848,-0.513159749320988,1,1,0,1,1,0,1,0,0,0,0,1,0,0,0,0,0,0,1,1,1,0,1,0,0,0,1,0,0,0
849,-0.898110373289822,0,1,0,1,1,0,0,0,0,1,0,1,0,0,0,0,0,1,1,1,0,0,0,0,0,1,1,0,0,1
850,1.2623806539029,0,0,1,1,1,0,1,0,1,1,1,1,1,1,0,1,0,1,1,1,1,1,1,1,1,1,1,1,1,1
851,1.72938526740257,1,1,1,1,1,1,1,1,0,1,1,1,1,1,0,1,0,1,1,0,0,1,0,1,1,1,1,1,0,1
852,0.704299537087914,1,0,1,1,0,0,1,0,1,1,0,0,1,0,1,1,0,1,1,0,1,0,0,0,0,1,1,1,1,1
853,0,0,1,0,1,0,1,0,1,1,1,1,0,1,1,0,1,1,0,1,1,0,0,0,0,0,0,1,1,0,0
854,0.970825648951666,0,1,1,1,0,1,0,0,1,0,1,0,1,0,1,1,0,1,1,0,1,1,0,0,1,1,1,1,0,0
855,1.27723420733752,1,1,1,1,0,1,1,1,0,1,1,1,1,0,0,1,0,0,1,1,1,1,1,1,1,1,0,1,1,1
856,-1.64450062205996,1,1,0,0,1,1,0,1,0,1,0,1,0,0,0,0,1,1,0,1,0,0,1,1,0,0,0,0,1,0
857,0.668047554218354,0,0,1,1,1,1,0,0,1,0,1,0,1,1,1,1,0,0,1,1,0,1,0,0,0,1,0,1,1,0
858,2.52003620254497,1,0,1,1,1,1,0,1,0,1,1,1,1,1,0,1,1,1,1,1,1,1,0,0,1,1,0,1,1,0
859,0,0,1,1,1,1,1,1,1,0,1,1,1,1,1,0,0,0,0,1,0,0,0,0,1,0,1,0,1,0,0
860,1.04714484409422,1,1,1,1,0,1,1,0,0,0,1,0,1,1,1,1,1,0,1,0,1,1,0,0,1,1,1,1,1,1
861,0,1,1,1,1,1,0,0,0,0,1,1,1,1,0,0,1,1,0,1,1,0,1,0,0,0,1,0,1,1,0
862,0,1,0,1,1,0,1,1,0,1,0,1,1,0,1,1,1,0,0,1,1,1,1,1,0,0,0,1,1,0,0
863,0.0470309478908552,0,0,1,1,0,0,1,1,1,0,0,1,1,1,0,1,1,1,1,0,1,1,0,1,0,0,0,1,1,0
864,0.304575780657319,1,1,1,1,0,0,0,1,1,1,1,1,1,1,0,1,0,1,1,0,1,0,0,1,0,1,0,1,0,1
865,-0.0545138381325985,1,0,1,1,1,0,0,0,1,1,0,1,1,1,1,0,1,1,1,0,1,1,0,1,0,0,0,1,0,1
866,-0.0387125938408274,1,0,0,1,1,1,0,0,0,1,1,1,0,1,1,1,1,0,1,0,0,1,1,1,1,0,0,1,1,0
867,-1.58492839587718,0,0,0,1,1,0,0,1,0,0,0,0,0,1,0,0,1,1,0,0,0,0,0,1,0,0,0,0,0,1
868,0.840996371771909,0,0,1,1,0,1,1,1,1,1,1,0,1,0,1,1,1,0,1,0,1,0,0,0,1,1,1,1,1,0
869,-0.0730144495163152,1,1,0,1,1,1,0,0,0,0,1,1,1,1,0,0,0,0,1,0,0,0,0,1,0,0,1,1,0,0
870,0.191582064591918,0,1,1,1,1,0,1,1,1,1,0,0,1,0,0,1,1,1,1,0,1,1,1,0,0,1,1,1,1,0
871,-1.80449999827296,0,0,0,0,1,0,0,1,1,1,0,0,0,0,0,0,0,1,0,0,0,1,1,1,0,0,1,0,0,0
872,-0.497091359656593,0,0,0,1,0,0,0,1,0,1,1,0,1,1,1,0,0,1,1,1,1,0,0,1,0,1,1,0,1,1
873,-0.563830258935489,0,1,1,1,0,1,0,1,0,1,1,0,1,0,0,0,0,1,0,0,1,0,0,1,0,0,0,1,1,1
874,0.410643295983634,1,1,1,1,0,0,1,1,1,1,1,1,1,0,1,1,0,0,1,0,0,1,1,0,0,1,1,1,0,0
875,-1.97633780179192,1,1,0,0,0,0,0,1,0,0,1,0,0,1,0,0,0,1,0,0,0,1,0,0,0,0,0,0,0,0
876,0.62216744528288,0,1,1,1,0,0,0,0,1,1,1,1,1,0,1,1,0,1,1,0,1,1,0,0,0,1,1,1,0,1
877,0,1,1,1,1,0,0,0,0,0,0,1,1,1,1,0,1,1,0,1,0,0,0,0,1,0,1,0,1,1,0
878,-0.205475571380081,0,1,0,1,1,1,0,1,0,0,1,1,0,0,1,0,0,1,1,0,0,1,1,0,0,1,1,1,0,1
879,0,1,0,1,1,0,0,0,1,0,1,1,0,0,1,1,1,1,0,1,1,1,0,0,0,1,1,1,1,1,1
880,-1.95491991527849,1,0,0,0,1,0,0,1,0,1,0,1,0,1,0,0,1,0,1,1,0,1,0,0,0,0,0,0,1,0
881,0.587961077103212,1,0,1,1,1,0,1,1,0,0,1,0,1,0,1,1,0,0,1,0,0,0,1,0,1,1,1,1,0,0
882,0,1,1,0,1,1,1,0,1,1,1,1,1,1,1,0,1,0,1,1,0,1,1,0,1,0,1,0,1,1,1
883,0.366482557566337,0,1,1,1,1,0,1,0,1,0,1,0,1,0,0,1,0,0,1,1,1,1,1,1,0,1,0,1,1,1
884,-0.00532606078558493,0,0,0,1,1,1,1,0,0,0,1,1,0,1,0,0,1,1,1,0,1,1,1,1,1,1,1,1,1,1
885,-0.585476566745743,0,1,0,1,0,1,0,1,0,1,0,1,1,1,0,1,0,1,1,1,0,0,1,1,0,0,1,1,0,0
886,0.249940242466933,1,1,1,1,0,1,1,1,1,1,0,0,1,1,0,1,1,1,1,0,0,1,0,0,0,1,1,1,0,1
887,0,1,1,1,1,0,1,1,0,1,1,1,1,1,1,0,1,0,1,1,1,0,1,1,0,0,1,0,1,1,0
888,0,0,0,1,1,1,1,1,1,0,1,1,0,1,0,1,0,0,1,1,0,1,0,1,1,0,0,1,1,1,0
889,0.255012243697674,0,1,1,1,1,1,0,1,0,1,1,0,1,1,0,1,0,0,1,0,0,0,1,1,0,1,1,1,0,1
890,1.30967287252935,1,1,1,1,0,1,0,1,1,0,1,1,1,0,1,1,1,1,1,1,1,1,1,1,1,1,0,1,1,1
891,0,0,0,0,1,1,0,0,0,0,1,0,1,1,1,0,1,0,0,1,0,0,1,1,0,0,0,1,1,0,0
892,0,1,1,1,1,1,0,1,1,1,0,0,1,1,0,1,1,0,0,1,0,0,1,1,0,0,1,0,1,0,0
893,1.31665718353235,1,0,1,1,0,0,1,1,1,1,1,0,1,0,1,1,1,1,1,0,0,1,1,0,1,1,1,1,1,1
894,0,1,1,0,1,1,0,1,0,0,1,0,1,1,1,1,1,1,0,1,0,0,1,1,1,0,1,0,1,1,1
895,-0.879269718874283,0,0,1,0,0,0,1,0,0,1,0,1,0,1,0,0,1,0,1,1,1,1,1,1,0,0,1,1,1,1
896,0.109593882295606,0,1,1,1,1,1,1,0,0,1,1,1,1,1,1,1,0,1,1,0,1,1,0,0,0,1,1,1,1,0
897,1.21791461390624,1,0,1,1,1,1,1,0,1,1,1,0,1,1,0,1,1,1,1,0,1,1,1,1,1,1,0,1,0,1
898,0,0,1,0,1,1,1,0,0,0,0,0,1,1,0,1,1,1,1,1,0,0,0,1,0,0,0,1,1,0,1
899,0,0,1,1,1,0,0,0,0,1,1,1,0,0,0,0,1,0,0,1,1,1,0,1,0,0,1,1,1,0,0
900,0,0,1,0,1,0,1,0,0,1,0,1,1,0,0,0,0,1,1,1,1,0,0,1,0,0,1,0,1,1,0
901,0.213289215150074,1,1,1,1,1,1,0,1,0,1,1,1,1,1,0,1,1,1,1,0,1,0,0,1,0,0,0,1,0,1
902,1.35499822727294,1,0,1,1,1,0,0,1,1,1,1,1,1,1,1,1,1,0,1,1,1,1,1,0,1,1,1,1,1,1
903,0,1,0,1,1,1,0,1,0,0,1,0,0,1,1,1,1,1,0,1,1,0,1,1,1,0,0,0,1,0,1
904,-1.41601607489268,1,1,0,0,1,0,1,0,0,0,0,1,0,0,0,0,0,1,0,1,0,1,1,1,0,0,0,0,1,1
905,-0.152199747622244,0,0,0,1,0,0,1,0,1,0,1,0,1,1,0,1,0,1,1,0,0,0,1,0,0,0,0,1,0,1
906,-1.08196231009737,0,1,0,1,0,0,0,1,0,1,0,0,0,0,1,1,1,0,0,0,0,0,1,0,0,0,1,1,0,1
907,0,0,0,1,1,1,0,1,0,0,0,1,0,1,0,0,1,1,0,1,1,1,0,1,1,0,0,0,1,0,1
908,0,0,0,1,1,1,1,0,0,0,1,0,1,1,1,0,1,1,0,1,0,1,1,1,1,1,0,0,1,1,1
909,1.97012428783985,1,1,1,1,1,0,0,0,1,1,1,0,1,1,0,1,1,0,1,0,0,1,0,0,1,1,0,1,0,0
910,0.490006977438885,0,1,1,1,0,0,0,1,0,1,0,1,1,0,1,0,1,0,1,0,0,0,1,1,1,1,0,1,0,0
911,0.588107559626696,0,1,1,1,1,0,1,0,1,0,1,0,1,1,0,1,0,1,1,0,1,1,0,1,0,1,0,1,0,1
912,-2.31486217939301,1,1,0,0,0,1,1,1,0,1,0,0,0,1,1,0,1,0,0,0,1,1,1,1,0,0,0,0,1,1
913,0,0,1,0,1,0,0,1,0,1,0,0,1,1,1,0,1,0,1,1,0,0,1,0,0,0,0,1,1,1,1
914,0.579750658781172,0,0,1,1,0,1,0,1,1,1,1,0,1,1,1,1,0,0,1,0,0,1,0,0,1,1,0,1,0,1
915,-0.197930674873847,0,1,0,1,1,1,1,0,0,1,1,0,1,0,1,1,1,0,1,1,0,0,0,0,0,1,1,1,1,0
916,-0.681726051629514,1,1,0,1,0,1,1,0,0,0,0,1,1,1,0,0,0,0,0,0,1,1,0,0,0,1,0,1,1,0
917,0.806518416912909,1,1,1,1,1,1,0,0,1,0,1,0,1,0,1,1,0,0,1,1,1,1,0,1,0,1,1,1,0,1
918,0,1,1,0,1,0,1,0,0,0,0,1,1,1,1,0,0,0,0,0,1,0,1,1,1,0,0,0,1,0,1
919,-0.78051505214111,0,1,0,1,0,0,1,0,1,0,0,1,0,0,1,0,1,1,1,1,1,1,0,1,0,1,1,1,1,0
920,0.787096759781518,1,0,1,1,1,1,0,1,1,1,1,1,1,1,1,1,1,0,1,0,0,1,0,0,1,0,0,1,1,0
921,0,1,0,0,1,1,1,0,1,0,1,1,1,1,0,0,1,0,0,1,1,0,1,0,0,0,1,0,1,1,0
922,0.848163972098847,0,1,1,1,0,1,0,0,0,1,1,0,1,0,1,1,1,1,1,1,1,0,1,1,1,1,0,1,1,1
923,0,1,1,1,1,0,0,0,1,0,1,1,1,0,1,0,0,0,1,1,0,0,1,0,1,0,0,1,1,1,1
924,0,0,0,0,1,1,0,0,1,1,1,1,1,0,1,1,1,0,0,1,1,1,0,0,0,0,1,1,1,1,1
925,-0.0384919487441351,0,1,1,1,1,1,1,0,0,0,0,0,1,1,1,0,0,0,1,0,0,1,0,0,0,1,0,0,0,1
926,0,1,1,1,1,1,0,1,1,1,0,1,0,1,1,0,1,1,1,0,1,1,1,1,1,1,1,0,1,0,0
927,-0.139036396405145,0,1,0,1,0,0,0,1,0,0,1,0,1,0,0,1,1,1,1,0,1,0,0,0,0,1,0,1,1,0
928,-0.752020666849086,1,1,0,0,1,0,0,0,1,1,0,0,0,0,1,0,1,1,0,0,1,1,1,0,0,0,1,1,1,0
929,0.644634202913764,0,0,1,1,1,1,0,0,0,1,1,1,1,0,1,1,1,1,1,0,0,0,1,1,1,1,0,1,1,0
930,2.56092264658567,1,1,1,1,1,1,0,1,0,1,1,1,1,1,0,1,0,0,1,0,0,1,0,0,1,1,1,1,0,1
931,0,1,0,1,1,0,1,0,1,0,1,1,1,0,1,0,1,0,0,1,1,0,1,0,0,0,0,0,1,0,0
932,0,0,0,0,1,0,0,0,1,1,1,1,1,1,0,0,0,1,1,1,0,0,0,1,0,1,1,0,1,0,1
933,1.05531611212922,0,1,1,1,1,1,1,1,0,0,1,0,1,1,1,1,0,1,1,1,1,1,0,1,0,1,1,1,1,1
934,0,1,1,0,1,1,1,1,0,0,1,1,1,1,0,1,1,1,1,1,0,1,0,0,0,0,0,0,1,1,1
935,0,1,1,1,1,0,1,0,1,0,1,1,0,1,0,1,1,1,1,1,0,0,1,1,1,0,1,0,1,0,0
936,-0.156728875953352,0,1,1,1,0,0,0,0,1,0,0,0,1,0,0,0,1,0,1,1,0,1,1,1,1,0,0,1,0,0
937,-0.823169581041425,0,0,0,1,1,1,0,0,1,0,0,0,0,0,0,0,1,0,1,0,0,1,1,0,0,0,0,0,0,0
938,0,1,1,1,1,0,0,1,0,0,0,1,0,1,0,0,0,1,1,0,0,0,1,1,1,0,1,1,1,1,1
939,2.30952791433898,1,1,1,1,1,0,1,0,0,1,1,1,1,1,1,1,0,1,1,0,1,1,1,1,1,1,0,1,1,1
940,0.186972473648021,0,1,1,1,1,1,0,1,1,0,1,0,1,0,1,0,1,1,1,1,1,1,0,1,0,1,0,1,1,0
941,0,1,1,1,1,0,0,0,1,0,0,0,0,1,1,0,0,1,0,1,0,0,1,1,0,0,1,0,1,1,1
942,0.561844009510344,1,1,0,1,0,0,0,0,0,1,1,1,1,0,1,1,1,1,0,0,1,1,0,1,0,1,1,1,1,0
943,-0.611146626004715,0,1,0,0,0,0,0,0,1,1,1,0,0,0,1,0,0,1,0,1,0,1,1,0,0,1,0,1,0,0
944,0.910185586029975,0,1,1,1,1,0,1,0,1,1,1,0,1,1,1,1,0,1,1,1,1,1,0,1,1,1,0,1,0,0
945,0,1,0,0,1,1,1,0,0,1,0,1,0,1,1,1,0,1,1,1,1,1,1,1,0,0,0,0,1,1,1
946,0.902031895075412,0,0,1,1,1,0,1,0,1,1,0,1,1,1,1,1,1,0,1,1,1,0,0,0,1,1,1,1,1,0
947,0.477116187972669,1,1,1,1,1,0,1,0,1,1,1,0,1,0,0,0,0,1,1,0,1,0,1,0,1,0,0,1,1,1
948,-0.638123890743693,1,0,0,1,0,0,0,1,0,1,0,1,1,1,1,0,1,1,1,1,0,1,0,0,0,1,1,1,0,1
949,0,1,0,0,1,0,1,1,1,0,1,1,0,1,1,1,1,1,0,1,0,1,0,1,1,1,0,1,1,0,0
950,-0.183867875276342,1,0,0,1,1,0,1,1,1,0,1,1,1,0,0,0,0,0,1,1,0,1,1,0,0,0,1,1,1,1
951,-0.926601102292495,0,1,0,1,1,1,1,0,0,1,0,1,0,1,1,0,0,0,0,0,1,1,0,1,0,0,0,1,1,0
952,0.740755879294362,0,0,1,1,0,0,0,0,1,1,1,0,1,0,0,1,0,1,1,1,1,1,0,1,1,1,1,1,1,0
953,0,1,1,1,1,0,1,0,0,0,0,1,1,1,1,0,1,0,0,0,1,0,1,0,0,0,1,0,1,0,0
954,-1.05863431586709,1,0,0,0,0,0,0,1,0,1,0,1,0,0,1,0,1,0,0,1,1,1,1,0,0,0,0,1,1,0
955,-0.308235686218602,0,1,0,1,0,1,1,0,0,1,0,1,1,0,0,1,1,1,0,0,1,1,0,0,0,0,0,1,0,0
956,-1.19868287969674,0,0,0,1,0,0,0,0,1,0,0,1,1,1,0,0,1,0,1,0,1,1,0,1,0,0,0,0,0,1
957,1.85679184751811,1,0,1,1,0,0,0,1,1,1,1,1,1,1,0,1,1,0,1,0,1,1,1,0,1,1,0,1,1,1
958,0.0574491373412975,1,0,0,1,1,0,1,1,1,0,0,1,1,1,0,1,1,1,1,0,0,0,1,0,0,0,1,1,1,0
959,0,1,0,1,1,0,0,0,0,0,0,1,0,1,1,0,1,0,0,1,0,1,0,0,0,0,1,0,1,1,1
960,0,0,1,0,1,0,0,0,1,1,0,1,1,1,1,0,1,1,0,1,0,1,1,1,1,1,1,1,1,1,1
961,0,1,0,1,1,1,0,1,0,1,1,0,0,1,0,0,1,0,1,1,0,1,1,0,1,0,1,1,1,0,1
962,0,1,1,1,1,0,1,0,0,1,0,1,0,1,1,0,1,1,1,1,0,0,1,1,1,0,0,0,1,0,1
963,0,0,1,1,1,1,0,0,1,0,1,0,1,1,0,0,1,1,0,1,0,1,0,1,1,0,1,0,1,1,0
964,-0.666877997139776,0,0,0,1,0,0,0,0,0,1,0,0,0,0,1,0,1,1,1,0,1,1,1,1,0,0,1,1,0,0
965,0,0,1,1,1,1,1,0,1,0,1,0,0,1,0,0,1,0,0,0,1,0,1,1,0,1,0,1,1,1,0
966,0,1,0,1,1,0,0,1,1,1,0,1,0,1,0,1,0,1,0,1,0,1,1,0,1,0,0,1,1,1,1
967,-1.31216516098434,0,0,0,1,1,1,1,1,0,1,0,1,0,1,1,0,0,1,0,1,0,0,0,1,0,0,0,0,1,0
968,0.499859290304142,1,0,1,1,1,0,0,0,1,0,1,1,1,1,1,0,0,0,1,1,1,0,1,1,1,1,1,1,0,0
969,-1.52478203246379,1,1,0,0,1,0,0,0,0,1,0,1,0,0,0,0,0,0,0,0,1,1,0,0,0,0,0,0,1,0
970,0.620058049910915,0,1,1,1,0,0,0,0,0,1,1,1,1,1,1,1,0,1,1,0,1,1,0,1,0,1,1,1,0,1
971,2.50096119952034,1,0,1,1,0,0,1,1,0,1,1,1,1,1,1,1,0,1,1,1,0,0,0,1,1,1,1,1,1,1
972,0,1,0,1,1,1,0,0,0,1,1,1,1,1,1,1,1,0,1,1,1,0,1,1,0,0,0,1,1,0,1
973,0,1,1,1,1,1,0,1,1,0,0,1,0,1,1,1,1,1,1,1,0,1,0,0,1,1,1,1,1,0,1
974,-0.0362495752159743,1,0,1,1,1,1,1,0,1,1,1,0,1,1,0,1,0,1,1,1,1,0,0,1,0,1,0,0,1,1
975,-1.81679589553038,0,1,0,0,1,0,0,0,1,0,0,1,0,0,0,0,0,1,0,1,0,0,0,0,0,0,0,0,1,1
976,-1.01030130303711,1,1,0,1,1,1,0,0,0,0,1,1,0,1,1,0,1,0,0,0,1,0,0,1,0,0,1,1,1,1
977,0,0,1,0,1,0,1,0,0,1,0,1,1,1,0,0,1,0,1,1,0,1,1,1,0,0,0,0,1,0,0
978,-0.255648363772712,1,1,0,1,1,1,1,0,0,0,1,0,1,0,1,0,0,1,1,0,1,0,1,1,0,0,1,1,1,0
979,0,0,0,1,0,0,0,0,1,0,0,1,1,1,0,1,1,1,1,1,1,1,0,0,1,0,1,1,1,0,1
980,0.13341665791541,1,1,1,1,0,1,0,1,1,1,0,0,1,1,1,1,0,1,1,1,1,0,1,0,1,1,0,1,0,0
981,0,1,0,0,1,0,0,1,1,1,0,1,0,1,1,0,1,0,1,1,0,0,0,1,0,0,1,0,1,1,0
982,-0.515848791632079,0,1,1,1,0,1,1,1,0,1,0,0,1,0,0,1,1,1,1,0,1,1,0,1,0,0,1,1,0,0
983,0,1,0,1,1,1,1,1,0,1,0,1,1,0,1,1,1,1,1,0,1,1,1,0,0,0,1,0,1,1,0
984,-0.391542932888427,0,0,0,1,1,0,0,1,0,0,0,0,1,1,1,1,0,0,1,0,0,1,0,1,0,0,1,1,1,0
985,-1.0679910847348,0,1,0,0,1,1,1,0,1,1,0,0,1,1,1,0,1,0,0,0,0,0,1,0,0,0,1,0,0,0
986,-0.47687875793347,0,1,1,0,1,1,1,0,1,0,0,0,0,1,1,0,0,0,1,1,0,1,0,0,0,0,1,1,1,1
987,0,0,1,0,0,1,1,0,0,1,1,0,1,1,0,1,0,1,1,1,1,1,1,1,0,0,0,1,1,0,0
988,-0.0546755062558299,0,0,1,1,0,1,1,1,0,1,1,0,1,0,0,0,0,1,1,0,1,1,0,0,1,1,1,1,0,0
989,-0.811818375175689,0,1,0,1,0,1,1,0,0,0,0,0,1,1,0,1,0,1,0,0,0,0,1,0,0,0,0,1,0,0
990,-2.56672584555184,1,1,0,0,0,0,0,1,0,1,0,1,0,1,0,0,0,1,0,0,0,1,0,0,0,0,1,0,1,0
991,0,1,1,1,1,0,0,1,0,1,1,1,0,1,0,0,1,0,0,1,1,0,1,1,0,0,0,1,1,1,1
992,0,1,1,1,1,0,0,1,1,0,1,0,1,1,1,1,0,1,0,1,0,1,0,0,0,0,0,0,1,0,0
993,0,0,1,1,1,0,1,0,0,0,1,1,1,1,1,0,1,0,1,1,1,1,0,0,0,0,0,0,1,1,1
994,-0.354732082448166,0,1,1,1,1,0,0,0,1,1,0,1,1,1,0,0,0,0,0,1,0,0,1,1,0,0,0,1,0,1
995,0,0,1,1,1,1,1,0,0,1,1,1,0,1,1,0,1,1,1,1,0,1,0,0,1,0,0,1,1,0,1
996,-1.24786122626953,0,0,0,0,0,0,1,1,0,0,0,0,0,0,0,0,0,0,0,1,0,0,0,1,0,0,1,0,0,0
997,1.1389126792908,0,1,1,1,1,0,1,1,0,1,1,0,1,0,0,1,1,1,1,1,1,1,1,1,1,1,0,1,1,0
998,-0.086077176942391,1,0,1,1,0,1,0,1,1,1,1,1,1,0,1,0,1,1,1,0,0,1,1,0,1,0,0,1,0,1
999,-0.351208659512562,1,0,1,1,1,0,1,1,1,1,0,0,1,0,1,0,0,1,1,1,1,1,0,0,0,0,1,0,1,0
1000,0,1,0,1,1,0,1,1,0,1,1,0,0,1,0,1,0,0,0,1,1,0,0,1,1,0,1,0,1,0,0
