"ID","Theta","Item1","Item2","Item3","Item4","Item5","Item6","Item7","Item8","Item9","Item10"
1,1.44922318150729,1,1,1,1,1,1,1,1,1,1
2,0.549400552344662,1,1,0,1,0,0,1,0,1,1
3,1.15325730814651,1,1,1,1,1,1,1,1,1,1
4,-0.700699086845977,0,0,0,0,1,0,0,0,0,0
5,0,0,0,1,1,0,0,1,1,1,0
6,0.256372999883548,1,1,0,0,1,0,1,1,1,0
7,0.286767254191733,1,0,1,0,0,0,1,0,1,1
8,0.965589432521731,1,1,0,1,1,0,1,1,0,1
9,0,0,1,1,0,0,0,1,0,0,1
10,0,0,1,1,0,0,0,1,1,1,0
11,1.71569289541014,1,1,1,1,1,1,1,0,1,1
12,-1.09762270130212,0,1,0,1,0,0,1,0,0,0
13,1.21086093318665,1,1,1,1,1,1,0,0,1,1
14,-0.953720060376438,0,0,1,1,0,0,0,1,0,0
15,0,0,1,0,1,1,0,1,0,0,0
16,1.10778412739247,1,1,1,1,0,1,1,1,1,0
17,0.571695564642251,1,0,1,1,0,0,1,1,1,0
18,-1.10239710275916,0,0,0,1,0,0,0,0,1,0
19,0,1,1,1,1,0,0,0,0,0,1
20,0,0,1,1,1,0,0,1,1,0,0
21,0.0646663509897688,0,1,0,0,0,0,1,0,1,1
22,1.48988250542536,1,1,1,1,1,1,1,1,1,1
23,-0.352448049462141,0,0,1,0,0,0,1,0,1,1
24,-0.901484946202791,0,0,0,0,0,0,0,0,0,1
25,0,1,0,0,0,0,0,1,1,0,1
26,0,0,1,0,1,0,1,0,0,1,0
27,0.653366118934489,1,1,1,1,0,1,1,1,1,1
28,2.33026477067045,1,1,1,1,1,1,1,1,1,1
29,0.268473606680108,1,1,1,1,1,0,1,0,1,0
30,0,0,1,1,0,0,0,1,0,0,0
31,0,0,1,0,1,1,0,1,1,1,1
32,-1.65135727436244,0,0,1,0,0,0,0,1,0,0
33,-1.28650738910801,0,0,0,1,0,0,0,0,0,0
34,-0.310961256302658,0,1,1,1,0,0,1,0,1,0
35,0.557430664277039,1,1,0,1,0,0,0,1,1,1
36,0.713050960692102,1,1,1,1,0,1,1,1,1,1
37,0,1,0,1,0,0,0,1,0,1,0
38,0,0,0,0,0,0,0,1,0,0,1
39,-0.192280523010879,0,1,0,0,0,0,1,0,0,0
40,0,1,1,0,0,0,0,1,1,1,0
41,0,1,1,1,1,1,1,1,0,0,1
42,0,1,1,1,1,0,0,1,0,1,0
43,0,1,1,1,1,0,0,1,0,1,1
44,1.63058633236414,1,1,1,0,1,1,1,1,1,1
45,1.85206227788812,1,1,1,1,1,1,1,1,1,1
46,0,1,0,1,0,1,1,1,0,0,0
47,0.669692514191092,1,1,1,0,0,1,1,1,0,1
48,0,0,1,1,0,0,0,1,1,0,0
49,-0.327878688017695,1,1,1,0,0,1,1,0,1,1
50,0,0,0,0,0,0,0,1,0,0,1
51,-0.420484762800644,1,0,0,0,0,0,0,1,0,0
52,0.854753553632056,1,1,1,1,0,0,1,1,1,1
53,0,1,0,0,1,0,1,1,0,1,1
54,0,1,0,1,1,0,0,0,0,1,0
55,0,1,1,0,0,0,0,1,0,0,1
56,0,0,0,1,0,0,0,1,1,1,0
57,-0.317147017171463,0,1,0,1,1,0,0,1,0,1
58,-0.33909313681609,0,0,0,0,1,0,0,1,0,0
59,0,1,1,1,0,1,0,1,1,1,1
60,0.637804570331694,1,0,1,0,1,0,1,0,1,1
61,0,1,0,0,1,0,0,0,1,0,0
62,0.877138928963976,1,1,1,1,0,1,1,1,0,1
63,-1.49086553721512,0,1,0,0,0,0,0,0,1,0
64,0.105580522167988,1,0,0,0,0,1,1,1,1,1
65,0,1,1,1,0,0,0,1,1,1,1
66,0.544077186459733,1,1,0,1,0,0,1,1,1,1
67,0,1,0,1,0,0,1,1,0,1,1
68,-1.48294073710456,0,0,0,0,0,0,0,0,0,0
69,0,0,1,0,1,0,0,0,1,0,1
70,0.646217193611992,1,1,1,1,0,0,1,1,1,0
71,0.814302952349174,1,1,1,1,1,1,1,1,1,1
72,0,0,1,0,0,0,0,1,1,1,1
73,-0.761000544341507,0,1,1,0,0,0,0,0,0,0
74,0.810205215343076,1,1,1,1,0,1,1,0,1,1
75,0.218129738068578,0,1,1,1,0,0,1,1,1,1
76,1.3746643365761,1,1,1,1,1,1,1,1,1,1
77,0,0,1,0,0,1,0,1,1,0,1
78,0.61727054333721,1,1,1,1,0,1,1,1,1,1
79,-0.702526124997545,0,0,0,0,0,0,1,0,0,0
80,0,1,0,0,0,0,1,1,1,1,0
81,-0.270096956924688,1,1,0,0,0,0,1,1,1,0
82,-1.83645384793438,0,0,0,0,0,0,0,0,0,0
83,-0.228043596387682,1,1,1,0,0,0,1,0,1,0
84,0,0,1,0,0,0,0,1,1,1,1
85,0,1,1,0,1,0,0,0,1,0,1
86,0,0,1,1,1,0,0,1,1,1,1
87,-0.502373905331601,0,1,0,0,0,0,1,0,0,1
88,0.206999721589013,1,1,0,0,1,0,1,0,1,1
89,0,1,0,1,0,1,0,1,1,0,1
90,0.301675181646463,0,0,1,0,1,1,1,1,1,1
91,0,1,1,1,0,0,0,1,0,1,0
92,0,1,1,0,1,0,0,1,0,1,1
93,0,0,0,1,0,0,1,1,0,1,1
94,-1.27436694680167,0,0,0,0,0,0,0,0,1,0
95,0,0,1,0,1,0,1,1,1,1,1
96,0.477851473325428,1,1,1,1,1,0,1,0,1,0
97,-0.602880801107885,0,1,0,0,0,0,0,0,0,1
98,0,0,0,1,0,1,0,1,0,1,0
99,0,0,1,0,0,0,0,1,1,1,0
100,0.342617214942005,1,0,1,0,1,0,1,0,0,0
101,0.0187758657877572,0,0,0,1,0,1,1,0,1,0
102,-1.63835074106639,0,0,0,0,0,0,0,0,0,0
103,-1.58896227995512,0,1,0,0,0,0,0,0,0,0
104,0.859724896746897,1,1,0,1,1,0,1,1,1,1
105,0,0,0,1,0,0,1,1,1,1,1
106,0,1,0,0,1,0,0,1,0,1,0
107,0,0,0,1,0,0,0,1,0,0,1
108,1.18414429515337,1,1,1,1,1,1,1,1,1,1
109,-1.06623117304128,0,0,0,0,0,0,0,0,1,0
110,0.568054518349918,1,1,1,1,1,1,1,1,1,1
111,0,1,1,0,1,0,0,1,0,0,1
112,0,1,1,1,1,0,0,1,1,1,1
113,0,0,1,1,0,0,0,1,1,1,0
114,-0.228170056668893,1,0,1,1,0,0,1,1,0,0
115,-0.100645148439477,1,1,1,0,0,0,1,1,1,1
116,0.00482241185222332,1,1,0,0,0,0,1,0,1,1
117,1.03003419692025,1,1,0,0,1,1,1,0,1,1
118,0,0,1,1,1,0,0,1,1,1,1
119,0.230169463955814,1,1,1,0,0,0,1,1,1,0
120,-0.900079003491954,0,0,0,0,0,0,1,0,0,0
121,-1.19029163047973,0,0,0,1,0,0,0,1,0,0
122,0,1,1,0,1,0,0,1,0,1,0
123,1.33316617561897,1,1,1,1,1,1,1,1,1,1
124,0,1,1,1,0,0,0,1,0,1,1
125,0,0,0,1,0,0,0,1,1,1,0
126,0,0,1,0,1,0,0,1,1,0,0
127,-0.328782367062002,0,0,0,0,0,0,1,1,0,0
128,-0.605702914850299,0,0,0,0,0,0,0,0,0,0
129,-2.77599487363841,0,0,0,0,0,0,0,0,0,0
130,1.29673497404053,1,1,1,0,1,1,1,0,1,1
131,-1.02033827294619,0,0,0,0,0,0,1,0,0,0
132,0,0,1,1,0,0,0,1,1,0,0
133,0.972085745372219,1,1,1,1,1,0,1,1,1,1
134,0,1,0,1,1,1,0,0,0,1,0
135,-0.0821715188231849,0,1,0,1,0,1,0,0,1,1
136,0.453165474861512,1,1,0,0,0,1,1,1,1,1
137,0,0,0,0,1,1,0,1,0,0,0
138,0,0,0,0,0,0,0,1,0,1,1
139,-0.399901284273237,0,1,0,1,0,0,1,0,0,1
140,-0.414575166415709,0,1,0,0,0,0,1,1,1,0
141,-0.792794624224572,0,1,0,0,0,0,0,0,1,0
142,0.940827917343561,1,1,1,1,1,1,1,1,1,1
143,-0.771171022542934,0,1,0,0,0,0,0,0,0,0
144,0.167137171656681,0,0,0,1,1,0,1,0,0,0
145,0,0,0,1,1,0,0,1,1,1,0
146,-0.643640637912856,0,0,0,0,1,0,0,0,1,0
147,0.555316041916637,1,1,1,0,1,0,1,1,1,1
148,0.265682791825978,1,1,0,0,0,0,1,0,1,1
149,0,0,1,0,1,0,0,1,0,0,1
150,-0.833114615794744,0,1,0,0,0,0,0,0,0,0
151,0,1,1,1,0,0,0,1,0,1,1
152,-0.972493883508658,0,0,0,0,0,0,0,0,0,0
153,0,0,1,1,0,0,0,1,1,1,0
154,0,1,1,1,0,1,0,1,0,1,0
155,-0.73321374038842,0,1,1,0,0,0,0,1,0,1
156,0,1,1,0,1,0,0,1,0,1,0
157,1.91663313229991,1,1,1,1,1,1,1,1,1,1
158,0,1,1,1,0,1,0,1,0,0,1
159,-0.0190662228716761,1,0,0,0,0,0,1,1,0,0
160,-1.45733542407507,0,0,0,0,0,0,0,0,0,0
161,0,0,0,0,0,0,0,1,1,1,0
162,0.206192395215913,0,1,1,1,0,0,1,1,1,1
163,0,0,1,1,1,0,0,1,0,1,1
164,1.2206320738205,1,1,1,1,1,1,1,1,1,0
165,0.763532075766524,1,1,1,0,0,0,1,1,1,1
166,-0.185752843488468,0,1,0,1,0,0,0,1,1,0
167,1.06031785617837,1,1,1,1,1,0,1,1,1,1
168,0,1,0,0,1,0,0,1,0,1,1
169,0.127440455329907,0,1,0,0,0,0,1,1,1,0
170,0.519913565825049,1,1,0,0,0,0,1,1,1,0
171,-1.16242486246481,0,0,0,1,0,0,0,0,0,0
172,-0.592422991377392,0,0,0,0,0,0,1,0,1,0
173,0.683457771623735,1,1,1,1,1,0,1,1,1,1
174,-0.141072911215057,0,1,1,0,0,0,0,0,1,0
175,0,1,1,1,0,0,0,1,1,1,1
176,0,1,1,0,1,0,0,1,1,1,0
177,1.62854853378361,1,1,0,1,1,1,1,1,1,1
178,0,1,1,1,1,0,0,1,1,1,1
179,0,1,1,1,0,1,0,1,0,1,0
180,-1.40464304238646,0,0,0,0,0,0,0,0,0,1
181,0,1,0,1,1,0,0,1,0,1,0
182,0,1,0,1,1,0,0,1,0,1,1
183,-1.93343414654511,0,0,0,1,0,0,0,0,0,0
184,-0.929631061069209,0,0,1,0,0,0,0,0,0,0
185,0.605951382258495,1,0,1,1,0,0,1,1,1,1
186,1.39168609727248,1,1,1,0,0,0,1,1,1,1
187,1.25988130034213,1,1,1,1,1,1,1,0,1,1
188,0,1,1,1,1,0,0,1,0,0,0
189,-1.0132562137832,0,0,0,0,0,0,0,1,0,0
190,0,0,1,1,1,0,0,1,0,1,0
191,0,1,0,1,0,0,0,1,1,1,1
192,-0.541746523454226,0,0,0,1,0,0,1,0,0,0
193,0.535989678477988,1,1,1,1,0,0,1,0,1,1
194,0,1,0,0,0,1,0,1,0,1,0
195,0.750442684652909,1,1,1,1,1,0,1,1,1,1
196,-1.72381962470457,0,0,0,0,0,0,1,0,0,0
197,0.0872836539252782,0,1,0,1,0,0,1,1,1,0
198,0,0,0,0,0,0,0,1,0,1,0
199,1.06110974526188,1,1,1,1,1,0,1,1,1,1
200,-0.397243018161734,0,0,1,0,0,1,1,0,0,0
201,0.367876166022206,0,1,0,0,1,0,1,0,1,0
202,-1.72716939869249,0,0,0,0,0,0,0,0,0,0
203,0,1,1,0,1,1,0,1,0,1,0
204,0,1,1,0,1,0,0,1,0,1,1
205,0,1,0,1,1,0,0,1,0,1,1
206,0,1,1,1,0,0,0,1,0,0,1
207,0,1,1,1,1,0,1,1,1,0,0
208,-0.048380135727117,1,0,1,1,1,0,1,0,1,0
209,0.409260376482486,0,1,0,1,0,1,1,0,1,1
210,0,1,1,0,0,0,0,0,1,1,0
211,0.267894485842058,0,1,1,1,1,0,1,1,1,1
212,-0.889754848594963,0,0,0,0,0,0,1,0,0,0
213,-1.48442362081738,0,0,0,0,0,0,0,0,0,0
214,0,0,1,0,0,0,0,0,1,1,0
215,0.41191580768156,0,1,1,0,1,0,1,1,1,1
216,0.392239332568865,0,1,1,1,0,0,0,1,1,1
217,0,0,0,0,1,0,0,1,1,1,1
218,0,1,1,1,0,0,0,1,1,1,1
219,0,0,1,0,0,0,1,1,1,1,1
220,0.42895216381141,0,1,1,1,0,0,1,0,1,0
221,0.89628843355581,1,1,1,1,1,1,1,1,0,1
222,0,0,0,1,0,0,0,1,1,0,0
223,0,1,1,0,0,0,0,1,1,1,0
224,0,0,1,0,1,1,0,1,0,0,0
225,0,0,1,0,1,0,0,1,1,1,1
226,0.00890968616872039,0,0,1,1,0,0,1,0,1,0
227,0,1,0,1,1,0,1,1,1,0,1
228,-1.02455192313353,0,0,0,0,0,0,0,0,1,1
229,0,0,0,0,1,1,0,1,1,1,1
230,1.06522142625893,1,0,1,1,1,1,1,1,1,1
231,0.508164283129113,1,1,1,1,0,0,1,1,1,1
232,0.21694625668413,0,1,0,1,1,0,1,1,0,0
233,0,1,0,1,1,0,0,1,0,0,0
234,-0.210884475763918,0,0,0,0,0,0,1,0,0,0
235,0,1,0,0,1,1,0,1,1,1,0
236,0.36958970416968,1,1,0,1,0,0,1,0,1,1
237,0.529166326103014,1,1,0,1,0,0,1,1,1,1
238,0.954327705034523,1,1,1,1,0,1,1,1,1,1
239,0.263678578345047,0,1,0,0,1,0,1,0,1,1
240,-0.287524291730677,0,1,1,0,0,0,1,1,0,1
241,0.798868412504533,1,1,1,1,0,1,1,0,0,1
242,-1.05322450082665,0,0,0,1,0,0,0,0,0,0
243,-0.596275828563308,0,1,1,0,0,0,1,0,0,0
244,1.48223230792431,1,1,1,1,0,1,1,1,1,1
245,0.251629828158735,1,1,1,1,1,0,1,1,0,1
246,0,1,0,1,0,0,0,1,0,0,0
247,-1.83586095258795,0,0,0,0,0,0,0,0,0,0
248,-0.807082933021047,0,0,0,0,0,0,0,0,1,0
249,0,0,1,0,0,0,0,1,0,1,0
250,-1.11914661976691,0,0,0,1,0,0,0,1,1,1
251,-0.577017355485959,1,0,0,0,1,0,1,0,0,1
252,1.36826682146532,1,1,1,1,1,1,1,1,1,1
253,2.52747863653682,1,1,1,1,1,1,1,1,1,1
254,-0.355204720642316,0,1,0,0,0,0,1,0,1,1
255,-0.349739803355578,1,0,0,0,0,0,1,0,1,0
256,-0.811619301692774,0,1,0,0,0,0,0,1,0,1
257,0,1,1,0,0,0,0,1,0,0,0
258,-0.907299351396422,1,0,1,0,0,0,0,0,1,0
259,1.02919947444093,1,1,0,0,1,1,1,1,1,1
260,0,0,0,0,0,1,0,1,0,1,1
261,0.48368727245456,0,1,1,0,0,0,1,1,1,1
262,0.729922398433687,1,1,1,1,0,1,1,1,1,1
263,1.40659882249672,1,1,1,1,0,1,1,1,1,1
264,-0.426367805481227,0,0,0,0,0,0,0,1,1,1
265,1.73515590897622,1,1,1,1,1,1,1,1,1,1
266,-0.581007387275504,0,0,0,0,0,0,1,1,1,0
267,0,1,0,1,0,0,0,1,0,1,1
268,0,0,1,1,1,0,0,1,0,1,1
269,0.26008061715736,1,1,0,0,0,0,1,0,0,1
270,-0.498688395156686,0,0,0,0,0,0,1,0,1,0
271,-0.473648271903499,0,1,0,0,0,0,0,0,1,1
272,-0.995481013416078,0,1,1,1,0,0,0,0,0,0
273,-0.535281728167424,0,0,0,1,0,0,1,1,1,0
274,1.00747706688046,1,1,1,1,0,0,1,1,1,0
275,0,0,1,0,1,0,0,1,1,1,1
276,0,0,1,1,1,0,0,1,1,1,1
277,1.23344655118808,1,1,1,1,1,1,1,1,1,1
278,0.91501543009242,1,0,1,1,1,0,1,1,1,1
279,0.808126949098884,1,1,1,0,1,0,1,1,1,1
280,0.698000224514297,1,0,1,1,0,1,1,1,1,1
281,-1.94702791275667,0,0,0,0,0,0,0,0,0,0
282,0.145092861646127,1,1,0,0,1,0,1,1,1,1
283,0.204008345565285,1,0,0,1,0,1,0,1,1,0
284,-0.55589055898449,0,1,0,1,0,0,1,0,0,1
285,-1.41119891714696,0,0,0,0,0,0,0,0,0,0
286,-1.27101454150691,0,0,0,0,0,0,0,0,0,0
287,1.87437157040593,1,1,1,1,1,1,1,1,1,1
288,2.10752413335692,1,1,1,1,1,1,1,1,1,0
289,1.08058385428127,1,1,1,1,0,0,1,1,1,1
290,-0.859612892789744,1,1,0,0,0,0,0,0,0,0
291,0,0,1,1,0,1,0,0,0,0,1
292,1.30794926195401,1,1,1,1,1,0,1,1,1,1
293,0,0,0,1,1,0,0,1,0,0,1
294,0.325937668476374,0,1,1,0,0,0,1,1,1,0
295,0,0,1,0,1,0,0,1,0,1,1
296,0,1,1,0,1,0,0,0,0,1,1
297,-1.04379995154496,0,0,0,0,0,0,0,0,1,1
298,0,1,1,0,0,0,0,0,1,1,0
299,0.507661362781172,1,1,1,0,1,0,1,0,1,1
300,0.466688439862886,1,0,1,0,0,0,1,1,1,1
301,0,1,1,1,0,0,0,1,1,0,0
302,0,1,1,1,0,0,0,1,1,1,1
303,0,0,1,0,0,0,0,0,0,1,0
304,0,1,0,1,0,0,1,0,1,0,1
305,0,1,1,1,0,0,0,1,0,1,1
306,0,1,1,0,0,0,0,0,1,1,0
307,-1.82630911517326,0,0,0,0,0,0,0,0,0,0
308,0,0,1,0,0,1,0,1,1,0,1
309,-0.513875601913754,0,0,0,1,0,0,0,0,1,0
310,-1.18730623665677,0,0,0,0,0,0,0,1,1,0
311,0.590501331681218,1,1,0,1,1,0,1,1,1,0
312,-1.17227457163145,0,0,0,0,0,0,0,1,0,0
313,-1.1478333169695,0,0,0,0,0,0,0,0,0,0
314,-2.58568128378896,0,0,0,0,0,0,0,0,0,0
315,-0.403967673620372,0,0,0,0,0,0,0,0,1,0
316,0.30872076838047,1,0,1,1,0,0,1,1,1,1
317,0,1,1,0,0,0,0,1,0,1,1
318,-1.32700183905307,0,0,0,0,0,0,0,0,1,0
319,0.452797075096975,0,0,1,1,0,0,1,0,1,1
320,1.56536794942885,1,1,1,1,1,1,1,1,1,0
321,-1.49664075357854,0,0,0,0,0,0,0,0,0,0
322,1.32330410328517,1,1,1,1,0,1,1,1,1,1
323,0.438196952470389,1,0,0,0,0,0,1,1,1,0
324,0.429823068818527,1,0,0,0,1,0,1,1,1,1
325,0,0,0,1,0,1,0,1,1,1,1
326,1.07378499876119,1,1,1,1,0,1,1,1,1,1
327,1.21086093318665,1,1,1,1,1,0,1,1,0,1
328,-0.309057797476037,0,0,1,0,0,0,1,0,1,1
329,0,0,0,1,0,0,0,1,0,1,0
330,-1.02497235924958,0,0,0,0,0,0,0,0,0,0
331,0.889217142925318,1,0,1,1,0,0,1,0,1,0
332,1.38518584369507,1,1,1,1,1,1,1,1,1,1
333,0,1,1,0,1,0,0,1,1,1,1
334,1.26649432083917,1,1,0,1,0,1,1,1,1,1
335,0,1,1,1,0,0,0,1,0,1,0
336,0,1,0,0,0,0,0,1,0,1,1
337,-0.235745640483091,0,0,1,1,0,0,1,1,0,0
338,0,0,0,1,1,0,0,0,0,1,1
339,0,0,0,1,0,0,0,1,1,1,1
340,0,1,0,1,1,1,0,1,1,0,0
341,2.04685076859261,1,1,1,1,1,1,1,1,1,1
342,1.38173541840802,1,1,1,1,1,1,1,1,1,1
343,-0.353023076666871,0,1,1,0,1,0,1,0,0,1
344,0,1,1,1,0,1,0,1,0,1,1
345,0,1,1,1,0,0,0,1,1,0,0
346,-0.290202385055772,1,0,1,0,0,0,0,0,0,0
347,1.77626881282522,1,1,1,1,0,1,1,1,1,1
348,0,1,0,1,1,1,0,1,1,1,0
349,-0.13483695238825,0,0,0,0,0,0,0,1,1,1
350,1.04142589959859,1,1,1,1,1,1,1,1,1,1
351,-0.944469706817563,0,0,0,0,0,0,1,0,0,0
352,0,0,1,0,1,0,0,0,1,0,0
353,-0.635041190461199,0,1,0,1,0,0,0,0,0,1
354,-0.936658214689718,0,0,0,0,0,0,0,0,0,1
355,-0.263261213672661,0,0,1,0,0,0,1,0,1,0
356,-1.57252728760188,0,0,0,0,0,0,0,0,0,0
357,-0.827711189140136,1,0,1,0,0,0,0,1,0,1
358,-0.13496043493962,0,1,0,1,0,0,0,0,1,0
359,-0.58713383338347,1,0,0,0,0,0,0,0,1,0
360,-1.22122943014959,0,0,1,0,0,0,0,0,0,0
361,1.05595408896781,1,1,1,1,1,0,1,1,1,1
362,0,0,1,1,1,0,0,1,0,1,0
363,-0.80762150306997,0,0,1,0,0,0,1,0,0,0
364,0,0,1,0,1,0,1,1,0,0,1
365,-0.320341472692539,0,0,1,0,0,0,1,0,1,0
366,0,0,0,0,1,0,0,1,1,0,1
367,0,0,1,0,1,0,0,1,0,1,0
368,-1.72762442035088,0,0,0,0,0,0,0,0,0,0
369,0,0,0,0,1,0,0,0,0,0,1
370,1.99071151416708,1,1,1,1,1,1,1,1,1,1
371,0,0,1,1,1,0,0,1,1,1,0
372,-1.36900351406035,0,0,1,0,0,0,0,0,0,1
373,0.733425162095263,0,1,1,1,0,0,1,1,1,1
374,-1.96935088899707,0,0,0,0,0,0,0,0,0,0
375,-0.912000159785015,0,0,0,1,0,0,1,0,0,0
376,0,0,1,0,1,0,0,1,1,1,1
377,0.499564771716126,1,1,0,0,0,1,1,1,1,1
378,0,1,0,0,1,0,0,1,0,1,0
379,1.2800822698431,1,0,1,1,1,1,1,1,1,0
380,-0.187314613742196,1,0,1,0,1,0,1,0,1,1
381,0,1,0,1,1,0,0,1,1,1,0
382,0,0,1,0,0,0,0,1,0,0,0
383,0.547031677133979,1,1,1,1,0,0,1,1,1,0
384,0.238607739121235,0,0,1,0,1,0,1,0,1,1
385,-2.11722654664496,0,0,0,0,0,0,0,0,0,0
386,-0.764402971988135,0,0,1,0,0,0,0,0,0,0
387,0.0641298570205329,1,1,1,1,1,0,1,1,1,0
388,-1.42358832680842,0,0,0,0,0,0,0,0,0,0
389,0,0,1,0,0,0,0,1,0,1,1
390,1.27239060901962,1,1,0,1,1,1,1,1,1,1
391,0,0,1,1,0,1,0,0,1,0,0
392,0,1,1,1,0,0,0,1,1,0,0
393,-0.140931056060633,1,1,0,0,0,0,1,1,0,0
394,0.544258339710883,1,1,1,0,1,1,1,1,0,1
395,0.275919403488401,1,1,1,1,0,0,0,0,1,1
396,0,0,1,1,1,0,0,1,1,1,0
397,0,1,1,0,0,1,0,1,0,0,1
398,-0.228003965984783,1,0,1,1,0,0,1,1,1,0
399,0,0,0,0,0,0,0,0,0,1,1
400,0,0,1,1,1,0,0,1,1,0,0
401,0.14110720351189,0,1,0,0,0,0,1,1,1,1
402,1.61152702744499,1,1,1,0,1,1,1,1,1,1
403,0,1,1,1,0,0,0,1,0,1,1
404,0.703724272721645,1,1,0,0,1,0,1,1,1,1
405,-1.55787940219551,0,0,0,0,0,0,0,0,0,0
406,0,0,1,0,0,0,0,0,1,1,0
407,-1.06572658297564,0,0,0,0,0,0,0,0,1,1
408,-0.345283566554436,0,1,0,0,0,0,1,1,1,0
409,0,1,0,0,0,0,0,1,0,1,1
410,-0.330971276531734,0,0,1,0,0,0,1,0,1,1
411,0.266206718865964,1,1,0,1,0,0,1,1,1,1
412,1.61360523653789,1,1,1,1,0,1,1,1,1,0
413,0.877881841934927,1,1,1,1,0,1,1,1,1,1
414,1.76480325551424,1,1,1,1,1,1,1,1,1,1
415,0,1,1,1,1,0,0,1,0,1,1
416,-0.623855599877053,0,0,0,1,0,0,1,1,0,0
417,-0.583897226875222,0,0,0,0,0,0,0,0,0,0
418,0.746084285818196,1,1,1,1,0,0,1,1,1,1
419,-0.124144586145918,1,1,0,0,0,0,1,0,1,0
420,0,1,0,1,1,1,0,0,1,1,1
421,-1.49873885869523,0,0,1,0,0,0,0,0,0,0
422,0,1,1,0,0,0,0,1,0,1,1
423,0,0,1,0,0,0,0,1,1,1,1
424,0,1,1,1,1,0,0,1,1,1,1
425,-0.587436890341719,0,1,0,0,1,0,1,0,1,0
426,-0.82479914034875,0,0,0,0,0,0,0,1,1,1
427,-0.677357040238146,0,0,0,0,0,0,1,0,1,0
428,-1.65006287428281,0,0,0,1,0,0,0,0,0,0
429,-0.894411218517661,0,0,0,0,0,0,1,0,1,1
430,0,1,0,1,1,1,0,1,1,1,1
431,0,0,1,1,0,0,0,1,0,1,1
432,0,0,0,1,0,0,1,1,0,1,1
433,0.617509388181575,0,1,1,0,0,1,1,1,1,1
434,0.94056643705747,1,1,1,1,0,0,1,1,1,1
435,0.252008386231542,0,1,1,1,0,0,1,1,1,1
436,1.59071859057558,1,1,1,1,1,1,1,1,1,1
437,-0.729605696928816,1,0,0,0,0,0,1,0,0,0
438,0.70299910734623,1,1,1,0,0,0,1,1,1,1
439,1.42279481397674,1,1,1,1,1,1,1,1,1,1
440,0.409655698935419,0,1,1,1,0,0,1,1,0,0
441,0.44994513649112,1,1,1,1,1,0,1,1,1,0
442,0,1,0,1,1,0,0,1,1,1,0
443,0.915852098661257,1,1,1,1,0,0,1,1,1,1
444,2.60086544149498,1,1,1,1,0,1,1,1,1,1
445,-0.21717209381182,0,0,0,1,0,0,1,1,1,0
446,0,1,1,0,0,1,1,1,1,0,1
447,1.33917862909589,1,1,1,1,1,0,1,1,1,1
448,0,0,1,1,1,0,0,1,1,0,0
449,0,0,1,1,1,0,0,1,1,1,1
450,-1.87082268872753,0,0,0,0,0,0,0,0,0,0
451,0.0695053782406383,1,1,1,1,0,0,1,0,1,0
452,0,0,1,1,0,1,0,1,1,1,1
453,0.550203907760576,1,1,1,0,0,0,1,1,1,1
454,0,1,1,1,1,0,0,1,1,1,0
455,0,0,1,1,0,0,0,1,1,1,1
456,0,1,1,0,0,0,0,0,0,1,1
457,-1.49664075357854,0,0,0,1,0,0,0,0,0,0
458,0,0,1,0,0,0,0,1,0,1,0
459,0,1,1,1,1,0,0,1,1,1,1
460,0,0,1,1,1,0,0,1,1,1,0
461,0.465728619155882,1,1,1,1,0,0,1,1,1,1
462,0.350511610340512,1,1,1,0,0,0,1,0,1,1
463,0.177006258617602,0,0,1,0,0,1,1,0,1,0
464,1.63974067246818,1,1,1,1,1,0,1,1,1,1
465,-0.640271442251279,0,1,1,0,0,0,0,1,0,0
466,0,0,1,1,1,0,0,1,0,0,1
467,1.26104128668542,1,1,1,1,0,1,1,1,1,1
468,2.25804563386077,1,1,1,1,1,1,1,1,1,1
469,0,1,1,1,1,1,0,0,0,0,1
470,0,1,0,0,0,0,0,1,1,1,0
471,0.761333236265747,1,1,0,1,0,0,1,1,1,1
472,0,1,0,0,1,0,0,1,1,1,1
473,0.706826020849805,0,1,1,1,1,0,1,1,1,1
474,0.648894270885832,1,1,1,1,0,1,1,1,1,1
475,0,1,0,1,0,0,0,1,0,0,0
476,0.869782061179373,1,1,1,1,1,1,1,1,1,1
477,-0.220688158987787,0,1,0,0,0,0,0,1,1,0
478,-0.699393162674459,0,1,1,0,1,0,0,1,1,1
479,-1.24557873978478,0,0,0,0,0,0,0,0,0,0
480,0,0,1,1,1,0,0,1,1,1,1
481,-0.34270126218037,0,0,1,0,0,0,1,0,1,0
482,0,0,0,0,0,0,0,1,0,1,0
483,0,0,1,0,1,0,0,1,1,1,1
484,0.241314240936048,1,1,1,1,0,0,1,1,1,1
485,-0.949593842359254,0,0,0,0,0,0,0,0,0,0
486,0,0,1,0,1,1,0,1,0,0,1
487,-1.58956903382552,0,0,0,0,0,0,0,0,0,0
488,0.475711990149802,1,1,1,0,0,0,1,1,1,1
489,0,1,0,1,1,0,0,1,0,1,1
490,-2.19966630674444,0,0,0,0,0,0,0,0,0,0
491,-0.654118892748474,0,0,0,1,0,0,1,0,1,0
492,-0.290325842056328,0,0,1,0,0,0,1,0,0,0
493,1.4070467276059,1,1,1,1,1,0,1,1,0,1
494,0,0,0,0,0,1,0,1,0,1,0
495,0.045468154199792,0,0,0,1,1,0,1,1,1,0
496,-0.573748309458082,1,1,1,0,0,0,1,0,1,0
497,0,0,1,1,1,0,0,1,0,0,1
498,0.564723405061969,1,1,1,1,0,0,1,1,0,0
499,-0.348098656181016,1,1,0,1,0,0,1,0,1,1
500,0.0405844507983957,1,1,1,0,0,0,1,1,1,0
501,0,0,0,0,1,1,0,1,0,1,1
502,-0.57430152729396,0,0,1,0,0,0,0,0,1,1
503,0.550394513926149,1,1,1,1,1,0,1,1,1,1
504,0,1,0,1,0,0,0,1,0,1,0
505,0,1,0,0,1,0,0,1,1,0,1
506,0.71195109909987,1,1,1,1,0,1,1,1,1,1
507,-0.00197621293559116,0,1,0,0,0,0,1,1,0,0
508,0,1,0,0,1,0,0,1,1,0,1
509,-0.367265311345516,0,0,0,0,0,0,0,0,0,0
510,0,0,1,1,0,0,0,1,1,1,0
511,-0.637050533805268,0,0,0,1,1,0,0,1,0,0
512,0,1,1,0,0,0,0,1,1,1,1
513,0.244124545550142,1,1,1,1,0,0,1,1,1,1
514,-0.209199436179658,0,0,1,0,0,0,1,0,1,1
515,0.611424204615839,1,1,0,1,0,0,1,0,1,1
516,0,0,1,1,0,0,0,1,1,0,1
517,1.39910185198991,1,1,1,1,1,0,1,1,1,1
518,0.0822694506666118,1,0,1,1,0,0,1,0,0,1
519,-2.20519406598375,0,0,0,0,0,0,0,0,0,0
520,0,0,0,0,0,1,0,1,1,0,0
521,0,0,1,1,1,0,0,1,0,1,0
522,0.912807485495978,1,1,1,1,1,1,1,1,0,0
523,0.956878177360399,1,1,0,1,0,0,1,1,1,1
524,0,0,1,0,0,1,0,1,0,1,1
525,0.243620325276635,1,1,0,0,0,0,1,1,1,1
526,2.41702725688721,1,1,1,1,1,1,1,1,1,1
527,1.79023750367803,1,1,1,1,1,1,1,1,1,1
528,-1.03835698181062,0,0,0,0,0,0,0,0,1,0
529,0.646486507715552,1,1,0,1,0,0,1,1,1,1
530,-1.74670888692724,0,1,1,0,0,0,0,0,0,0
531,-0.460944879566059,0,0,0,1,0,0,0,0,0,0
532,0.700582174718132,1,1,1,1,1,1,1,0,0,1
533,0,0,1,0,0,1,0,1,0,1,1
534,0,0,1,1,0,0,1,1,0,1,0
535,0,0,0,1,1,0,0,1,0,1,0
536,0.549261167901179,1,1,0,1,0,0,1,1,1,1
537,-0.279030273235989,0,0,0,0,0,0,0,0,1,0
538,-0.872733112434668,0,0,0,1,0,0,1,0,1,0
539,1.76100292027006,1,1,1,1,0,1,1,1,1,1
540,-0.348098656181016,1,1,1,0,0,0,1,0,0,1
541,-1.56285075737732,0,0,0,0,0,0,0,1,0,0
542,1.00245156461025,1,1,1,1,1,1,0,1,1,1
543,0.692850047672539,1,1,1,0,1,0,1,0,1,1
544,0,1,1,0,0,0,1,1,0,1,1
545,0,0,0,1,0,0,0,1,1,1,1
546,0,0,1,1,0,0,0,1,1,0,0
547,-0.896400499754743,0,0,0,0,0,0,0,0,1,1
548,0.705935907613403,1,0,1,0,0,0,1,1,1,1
549,-0.944304396261447,0,0,0,0,0,0,0,0,1,0
550,-0.881573723063072,0,1,0,0,0,0,0,0,0,0
551,-0.290155138737432,0,1,1,0,1,0,1,1,1,0
552,-1.27183531943048,0,0,0,0,0,0,0,0,0,0
553,-1.22161473993327,0,0,0,0,0,0,1,0,0,0
554,1.98027697397896,1,1,1,1,1,1,1,1,1,1
555,1.56591702308243,1,1,1,1,1,1,1,1,1,1
556,0.146112030084665,1,1,1,1,0,0,1,0,0,0
557,-2.26589724152522,0,0,0,0,0,0,0,0,0,0
558,0.99509196404647,1,1,1,1,1,0,1,1,1,1
559,-0.403808539646395,1,0,0,1,0,0,1,0,1,0
560,1.04884993047995,1,1,1,0,1,1,1,1,1,1
561,-1.09464120110763,0,0,0,0,0,0,0,0,0,0
562,-0.438238278496494,0,1,1,0,0,0,1,1,1,0
563,-1.23506033170377,0,1,0,0,0,0,0,0,0,0
564,-0.220828761588888,1,1,1,0,0,0,1,0,1,0
565,0,0,1,1,0,1,1,1,0,0,0
566,-0.510507240650666,0,0,0,0,0,0,0,1,0,0
567,1.21633108589748,1,0,1,1,0,1,1,1,1,1
568,-0.142829788486073,1,0,0,0,0,0,1,0,0,0
569,-0.056254272476971,1,0,1,0,0,0,1,0,1,0
570,0.194988408636672,0,1,0,0,0,0,1,0,1,1
571,0,1,1,1,1,0,0,1,1,1,0
572,0,1,0,1,0,0,0,1,1,1,1
573,0.199324142707114,0,1,0,0,0,0,1,1,1,1
574,0,0,1,0,0,1,0,1,1,1,0
575,-0.514810945758784,1,0,0,0,0,0,1,0,0,0
576,-0.292424375339611,0,0,0,1,0,0,1,1,1,0
577,0,0,1,1,1,0,1,0,0,0,1
578,0,1,1,1,1,0,0,1,0,1,1
579,0,0,0,1,0,0,0,1,0,0,0
580,-1.28550909490324,0,1,0,0,0,0,0,0,0,0
581,0,0,0,1,0,0,1,0,1,1,1
582,1.29546527517245,1,1,1,1,1,1,1,1,1,1
583,0.301823965436176,1,1,1,1,1,0,1,1,0,1
584,0.410172109099964,1,1,0,1,1,1,1,1,1,1
585,0.562545099278589,1,1,1,1,0,0,1,0,1,0
586,0,1,1,1,1,0,0,1,0,1,1
587,0,0,1,0,0,0,0,1,1,1,1
588,0,0,1,1,0,1,0,1,1,1,1
589,0.650460434935493,1,1,1,1,1,1,1,1,1,1
590,0,0,1,1,0,0,0,1,0,0,1
591,0,0,1,1,0,0,0,1,0,1,0
592,0,0,0,1,0,0,0,1,0,1,1
593,-0.863412879646739,0,0,0,0,0,0,0,0,0,0
594,1.06641812759994,1,1,0,1,0,1,1,0,1,1
595,-0.68926381721551,0,0,1,0,0,0,0,0,0,0
596,0.05925960130929,0,1,1,1,0,0,1,1,1,1
597,0,0,1,0,1,0,0,1,1,1,1
598,-0.873973977871418,0,0,0,0,0,0,0,0,0,0
599,0,0,1,1,0,1,0,1,1,1,0
600,-1.50561974738043,0,0,0,0,1,0,0,0,0,0
601,0.757507430138472,1,1,1,1,0,0,1,1,1,1
602,0,0,0,0,0,0,0,1,0,1,0
603,0.320388200405693,0,1,1,0,0,0,1,0,1,1
604,0.612459239607278,1,1,1,0,1,0,1,1,1,1
605,0.769899491948788,0,1,1,1,1,1,1,0,1,1
606,0,1,0,0,0,0,0,1,1,1,0
607,0,0,1,1,1,0,0,0,1,1,0
608,0.680122938220706,1,1,1,1,0,0,1,1,0,1
609,0.22274045346631,1,0,0,0,0,0,1,1,1,1
610,0.422329671243751,0,1,0,0,1,0,1,1,1,1
611,-0.176750692745572,1,1,1,1,0,0,0,0,1,1
612,-0.562121037848216,1,1,0,0,0,0,1,0,0,0
613,0,1,1,0,0,0,0,1,0,1,0
614,-0.2392354011987,0,1,1,0,0,0,0,1,1,1
615,0.472959723080178,1,1,1,0,1,0,1,1,1,1
616,0,1,1,1,0,1,1,0,0,1,1
617,-0.306374539877586,0,0,0,0,0,0,1,0,0,1
618,0.60146555207589,1,1,1,1,0,0,1,1,1,0
619,0.271297427875317,1,1,1,0,1,0,1,1,1,0
620,-2.06580650516329,0,0,0,0,0,0,0,0,1,0
621,-1.34717508795214,0,0,0,0,0,0,0,0,0,0
622,-0.19874500290674,1,1,1,0,0,0,1,0,0,0
623,2.06791822134166,1,1,1,1,1,1,1,1,1,1
624,0,0,0,1,0,0,0,1,0,1,0
625,0,0,1,1,1,0,0,1,1,1,1
626,0,1,1,0,0,1,0,1,1,1,0
627,1.74643694306986,1,1,1,1,1,1,1,1,1,1
628,0,1,0,1,0,1,0,1,0,1,1
629,0.211063321896516,1,1,1,0,0,0,1,0,1,0
630,0,0,1,0,1,0,0,1,1,1,1
631,-0.810989405977182,0,1,0,0,0,0,0,0,1,1
632,0,1,1,1,0,0,0,1,0,1,1
633,0.492941119708671,1,1,1,0,0,1,1,0,1,1
634,0.983161837496647,1,1,1,1,1,1,1,1,1,0
635,-0.111252541208267,0,0,1,0,0,0,1,1,0,0
636,0,1,0,1,0,0,0,0,1,1,1
637,0,0,1,1,0,0,0,1,1,0,1
638,0,0,0,1,0,0,0,1,0,0,1
639,1.74625964410803,1,1,1,1,1,1,1,1,1,1
640,0.335827448174162,1,1,1,1,0,0,1,1,1,1
641,0.0976189286662135,1,1,1,1,0,0,1,1,1,1
642,0,0,1,0,0,0,0,1,1,1,1
643,0,0,1,1,1,0,0,1,1,1,0
644,-1.11953609720072,0,0,1,0,0,0,0,0,1,0
645,-0.778581206414802,0,0,0,0,0,0,1,0,1,0
646,0.41997528974979,1,1,1,1,0,1,1,1,1,1
647,0.0457980982223062,0,1,0,1,0,0,1,1,1,1
648,1.08588526409334,1,0,1,0,0,1,1,1,1,1
649,1.07042891454789,1,1,1,1,1,1,1,1,1,1
650,-0.850364617583793,0,0,0,0,0,0,0,0,1,1
651,0.642681297672596,1,1,1,1,0,1,1,0,1,0
652,0,0,1,1,0,0,0,1,1,0,1
653,0.243620990780454,0,1,1,1,0,0,1,1,1,1
654,-0.306590554742422,0,0,0,0,0,0,1,0,0,0
655,0.461026027975133,1,1,1,1,0,0,1,1,1,0
656,0,0,1,0,0,0,0,1,0,0,0
657,0.316878359390478,0,1,1,1,1,0,1,0,1,1
658,0,0,1,0,1,0,0,1,0,1,1
659,0.17407080212178,1,0,1,0,0,0,1,0,0,1
660,0,0,0,0,1,0,0,1,1,1,0
661,-0.621008177529715,0,0,0,0,1,0,0,0,1,0
662,0,1,0,0,1,0,1,1,1,1,0
663,0,1,1,0,1,1,0,0,0,1,0
664,-0.311255662070834,0,1,1,0,0,0,0,1,0,1
665,-1.3631669997203,0,0,0,0,0,0,0,0,0,0
666,0,0,1,1,1,0,0,1,0,0,0
667,0.603616139008661,1,1,1,0,0,0,1,0,1,1
668,-0.0975115279665634,1,1,0,0,0,0,0,1,1,1
669,0,1,0,1,0,0,0,1,0,1,0
670,-1.16306444247718,0,1,0,0,0,0,0,0,1,1
671,0,0,1,0,0,1,0,1,1,1,0
672,1.4717157722506,1,1,1,1,0,1,1,1,1,1
673,0.00478511056124936,0,1,1,0,1,0,1,1,1,1
674,-1.3336034424884,0,0,0,0,0,0,0,0,0,0
675,0,1,0,1,1,0,0,1,1,1,1
676,0,1,1,1,0,0,0,1,1,1,1
677,0,0,0,0,1,0,1,1,1,1,1
678,-0.657346323401606,0,1,1,1,0,0,1,0,0,1
679,0.404676872304311,1,1,0,1,0,0,0,0,1,1
680,0,0,1,1,0,0,0,0,0,0,0
681,0.187350213313094,1,0,1,0,0,0,1,1,0,1
682,-0.103522789404375,0,0,1,0,0,0,1,1,0,0
683,0,0,1,1,0,0,0,1,0,1,1
684,0,1,1,0,0,0,0,1,1,1,1
685,0.37037746034282,1,1,1,0,0,0,1,0,1,1
686,0.896967749579689,1,1,1,1,1,1,1,1,1,1
687,-0.0528015135408156,1,1,1,1,0,0,1,1,1,0
688,1.22002306421233,1,1,1,1,1,1,1,1,1,0
689,0,0,1,0,0,0,0,1,1,1,1
690,0.713050960692102,1,1,1,1,0,0,1,1,1,1
691,0,1,1,1,1,0,0,1,1,1,1
692,0,0,1,1,0,1,0,1,1,1,1
693,0,1,1,1,1,1,0,1,1,1,1
694,1.04198485747049,1,1,1,1,1,0,1,0,1,1
695,0,1,1,1,0,1,0,1,1,0,1
696,-0.427568164219024,0,1,0,0,0,0,1,0,0,1
697,0,0,1,0,1,1,0,1,1,1,1
698,2.54818067293484,1,1,1,1,1,1,1,1,1,1
699,0.866030155887443,1,1,1,1,1,1,1,1,1,1
700,0,1,0,1,1,0,0,1,0,1,0
701,0,1,1,0,1,1,1,1,0,0,1
702,-1.9459218219277,0,0,0,0,0,0,0,0,1,0
703,-0.0134938557941266,1,1,0,1,0,0,1,1,1,1
704,-0.807786225758273,1,0,0,0,0,0,0,1,1,0
705,-2.03242254490286,0,0,0,0,0,0,0,0,0,0
706,0.596560702784326,1,1,1,1,0,1,1,1,1,1
707,0,1,1,0,0,0,0,1,0,1,1
708,0,1,1,0,1,0,0,1,0,1,1
709,0,1,1,1,1,1,0,1,1,1,1
710,0,1,1,1,0,1,0,1,0,0,0
711,-0.788790369724383,0,0,0,0,0,0,0,0,0,0
712,0,1,0,0,0,0,0,1,0,0,0
713,1.18391817712527,1,1,1,1,1,1,1,1,1,1
714,0,0,0,1,0,0,0,1,0,1,1
715,0,1,0,0,1,0,0,1,1,1,1
716,0,0,0,0,0,0,0,1,0,0,1
717,0,0,0,0,1,1,0,1,1,1,0
718,-1.34026990177829,0,0,0,0,0,0,0,0,0,0
719,1.75945562820128,1,1,1,1,0,1,1,1,1,1
720,0,1,1,0,1,0,0,1,0,1,0
721,-0.543410247124332,0,0,1,1,0,0,1,1,0,0
722,0,0,0,1,1,0,0,1,0,1,0
723,-0.880358592902056,1,0,1,0,0,0,0,0,0,0
724,-1.64125078726262,0,0,0,0,0,0,0,1,0,0
725,-0.138025636488408,1,1,0,1,0,0,1,0,0,1
726,0,0,0,1,0,1,0,1,1,0,1
727,0,1,1,1,1,0,0,1,0,1,1
728,0,1,1,0,1,0,0,1,0,1,1
729,0,0,1,0,0,0,0,1,1,1,0
730,-0.640127431823107,0,1,0,0,0,0,0,1,1,0
731,-0.0299639574064485,1,0,0,0,0,0,1,0,0,1
732,0.799374465515245,1,1,1,1,0,0,1,1,1,1
733,-0.889871636878774,0,0,1,0,0,0,1,0,1,0
734,0,1,1,0,1,0,0,1,1,1,0
735,0,1,1,1,0,0,0,1,1,0,1
736,0,1,0,0,1,0,0,1,0,1,1
737,-1.27437088554675,0,0,0,0,0,0,0,0,0,0
738,-0.121575772314578,0,1,0,0,0,0,1,1,0,0
739,0,0,1,1,1,0,1,1,1,1,0
740,0.174680813229001,0,1,0,0,0,0,1,1,1,1
741,0,1,1,0,1,0,0,1,1,1,1
742,0.972816821404925,1,0,1,1,0,1,1,1,1,1
743,0,0,1,1,0,0,0,1,1,0,0
744,0,0,1,1,0,1,0,1,0,1,0
745,-0.969134784112655,0,0,0,0,0,0,0,0,0,0
746,-0.367265311345516,1,0,1,0,0,0,1,0,0,0
747,0,0,1,0,0,0,0,1,0,0,1
748,0,1,1,0,1,0,0,1,1,1,0
749,0,1,1,1,1,0,0,1,0,1,0
750,0,0,1,1,1,0,0,1,1,1,0
751,-0.807086209770172,0,0,0,0,0,0,0,0,0,0
752,0,0,1,1,1,0,0,1,0,0,1
753,1.93063887802807,1,1,1,1,1,1,1,1,1,1
754,0,0,1,0,1,0,0,1,0,1,1
755,0.0249780466511312,1,1,1,0,0,1,1,1,1,0
756,0.689516858502352,1,1,1,1,1,1,1,0,1,1
757,1.42348452936985,1,1,1,1,1,1,1,1,1,1
758,0,0,1,0,0,0,0,1,1,0,1
759,0.309191120810183,1,1,0,1,0,0,1,1,0,1
760,-0.386626611341403,1,1,1,0,0,0,0,0,0,1
761,-1.90411615989627,0,0,0,0,0,0,0,0,1,0
762,-1.24908335070282,0,0,0,0,0,0,1,0,0,0
763,0.124104715390784,1,1,0,0,0,0,1,1,0,0
764,-0.254107710951329,0,1,0,0,0,0,0,0,1,1
765,0,1,1,0,0,0,0,1,0,1,1
766,0.798248473189624,1,1,1,1,0,1,1,1,1,0
767,1.61943273601968,1,1,1,1,0,1,1,1,1,1
768,-0.555216330127056,0,1,0,0,0,0,1,0,0,0
769,0,1,1,1,1,1,0,1,1,1,1
770,1.40082074260215,1,1,1,1,0,1,1,1,1,1
771,0.239063757207202,1,0,1,1,0,0,0,1,1,1
772,0,0,0,1,1,1,0,1,0,1,0
773,0,0,1,1,1,0,0,1,0,1,1
774,-0.233010116981076,0,0,1,0,0,0,1,1,1,0
775,0,1,1,0,0,0,1,1,1,0,1
776,0,0,1,0,0,1,1,1,1,1,1
777,-1.9355491619908,0,0,0,0,0,0,0,0,0,0
778,-1.42139494395037,0,0,0,0,0,0,0,0,0,0
779,0,1,1,0,1,0,1,1,1,0,0
780,1.19058859276839,1,1,1,1,0,1,1,1,1,1
781,0,1,1,0,1,0,0,1,1,0,1
782,-0.263216181158226,0,1,0,0,0,0,1,0,1,0
783,-1.49676382731139,0,0,0,0,0,0,0,0,0,0
784,-0.0975474407586901,0,1,0,1,0,0,1,0,0,0
785,0,0,1,0,1,0,0,1,1,0,0
786,1.06490006926973,1,1,1,1,1,1,1,1,1,1
787,0.86661803414917,1,1,1,1,0,1,1,0,1,1
788,0,0,0,0,0,1,0,1,0,1,1
789,0.788840097442296,1,1,0,1,1,0,1,1,1,0
790,0,1,0,1,1,0,0,1,0,1,1
791,0,1,0,0,1,0,0,1,1,0,0
792,0.330936657078789,1,0,1,1,0,0,1,0,1,1
793,-1.24951996918186,0,0,0,0,0,0,1,0,0,0
794,0,1,0,0,0,0,0,1,0,1,1
795,-0.880536125462348,0,1,0,0,0,0,0,0,0,0
796,0,0,1,1,1,1,0,1,1,1,1
797,-1.04161022947833,0,0,0,0,0,0,1,0,0,0
798,0.352851866968454,1,1,1,1,0,0,1,1,1,1
799,1.32788663541118,1,1,1,1,1,1,1,1,1,1
800,-1.13846768536515,0,1,0,0,0,0,0,0,1,0
801,0,1,1,1,0,0,0,1,1,1,1
802,-0.44316244417138,0,0,0,0,1,0,1,0,0,0
803,0,1,0,0,0,1,0,1,0,1,1
804,0.127435938950024,1,0,1,1,1,0,1,0,1,1
805,-0.566010703974618,0,0,0,0,0,0,0,1,0,0
806,0,0,1,1,0,1,0,1,1,1,1
807,1.34157245255553,1,1,1,1,1,0,1,1,1,1
808,0,0,0,1,0,0,0,1,0,1,1
809,0,1,0,0,0,1,0,1,0,0,0
810,0.235595199274612,1,0,0,0,1,0,1,1,1,1
811,1.71554772845914,1,1,1,1,1,1,1,1,1,1
812,-0.268733036674167,0,1,0,1,0,0,0,1,1,0
813,0,1,1,1,0,0,0,1,0,1,1
814,-0.163594184028154,0,0,0,1,0,0,0,0,1,0
815,0.603787577666201,1,1,0,1,0,0,1,1,1,1
816,0,0,1,1,0,0,0,0,0,0,0
817,0,1,1,1,1,1,0,1,0,1,1
818,0.265346032887964,1,0,0,1,1,0,1,0,1,1
819,0,1,0,1,0,0,0,1,1,0,1
820,-1.18204110212743,0,1,0,0,0,0,0,0,0,0
821,0,1,1,1,0,1,0,1,0,0,1
822,0,0,1,0,1,0,0,1,0,1,1
823,0,1,1,1,1,1,0,1,0,1,0
824,0,1,1,0,1,1,1,0,0,1,1
825,1.26527619476872,1,1,1,1,1,1,1,1,1,1
826,-1.76619412241546,0,0,0,0,0,0,0,0,0,0
827,0,0,1,1,1,0,0,0,0,1,1
828,0,0,0,0,1,0,0,1,1,1,1
829,0,1,1,1,1,0,0,1,1,1,1
830,0,0,0,0,0,0,0,1,0,0,0
831,0,0,0,0,0,0,0,1,1,1,1
832,0.415399277495454,1,0,1,0,0,0,1,0,1,1
833,0,1,1,0,0,0,0,0,0,1,1
834,0,1,1,1,1,0,0,1,1,0,1
835,-1.12919408952422,0,1,0,0,0,0,1,0,0,0
836,0,1,1,0,0,0,0,0,0,0,1
837,-0.113825950572414,0,1,0,0,0,0,1,0,0,1
838,0,0,1,1,1,0,0,1,1,1,1
839,-0.0667666637742898,0,0,0,0,0,0,1,1,1,1
840,0,0,1,0,0,0,0,1,0,1,1
841,0,0,1,1,1,0,0,1,0,1,1
842,0.295077307633223,1,1,1,0,1,0,0,1,1,1
843,0,1,1,1,0,0,0,1,1,0,0
844,0.465911023304476,1,0,1,1,1,0,1,0,1,1
845,0.510278752402816,1,1,0,0,0,0,1,1,0,0
846,2.13056167244582,1,1,1,1,1,1,1,1,1,1
847,0.85327837378597,1,1,1,1,1,0,1,0,1,1
848,-0.916170375933642,0,1,1,0,0,0,0,0,1,0
849,1.00674801475986,1,1,1,1,1,1,1,1,1,1
850,-0.904015880442905,0,1,1,1,0,0,1,1,1,0
851,0.294480622998773,0,1,1,1,1,0,0,0,0,0
852,1.32887133594471,1,1,1,1,1,1,1,1,1,1
853,0.742253266911569,1,1,1,1,1,0,1,1,1,1
854,0,0,1,0,0,1,0,1,1,1,0
855,-0.257959267196688,1,0,1,0,1,0,1,1,1,1
856,0,1,1,1,1,0,0,1,1,1,1
857,-1.22704947231819,0,0,1,0,0,0,0,0,0,0
858,-0.55569151243643,0,0,0,0,0,0,1,1,0,0
859,-0.96171715893319,0,0,0,0,0,0,0,0,0,0
860,0,0,0,0,0,0,0,1,0,1,1
861,0,1,1,1,1,0,1,1,1,1,0
862,-1.42801568817131,0,0,0,0,0,0,0,0,1,0
863,-0.969189859379454,0,0,0,0,0,0,0,0,0,0
864,-0.338145419345467,0,0,1,0,0,0,1,1,1,0
865,0,1,1,0,1,0,0,1,0,0,1
866,0,1,1,1,1,0,0,1,0,1,0
867,1.49764108880305,1,1,1,1,1,1,1,1,1,1
868,0.00463986552736009,1,1,0,1,0,0,1,1,1,0
869,-1.463518152362,0,0,0,0,0,0,0,0,0,0
870,0.320414129722292,1,1,0,0,0,0,1,1,1,1
871,1.10786280471547,1,1,1,1,0,1,1,1,1,1
872,0.403616881376611,0,1,0,1,0,1,1,0,1,1
873,0.953085886905359,1,1,1,1,1,0,1,1,1,1
874,0,0,1,0,0,0,0,1,1,1,1
875,0,1,0,0,1,0,0,1,1,1,0
876,-0.477807410871356,1,0,0,1,0,0,0,0,1,0
877,-0.35088750357615,1,1,0,0,1,0,1,1,1,1
878,-1.70524420110677,0,0,0,0,0,0,0,0,0,0
879,0.410166705886766,0,1,0,0,0,0,0,1,0,1
880,-1.06105230663095,0,0,0,0,0,0,0,0,1,0
881,0.481132461261945,1,0,1,0,0,0,1,0,1,1
882,-0.475487059780352,0,1,1,0,0,0,0,1,1,0
883,1.81089660593271,1,1,1,1,1,1,1,1,1,1
884,-1.73791247863711,0,0,0,0,0,0,0,0,0,0
885,-0.944691018331244,0,0,0,0,0,0,0,0,1,0
886,-2.4038144885314,0,0,0,0,0,0,0,0,0,0
887,-1.72379980974243,0,0,0,0,0,0,0,0,0,0
888,-0.953755952232963,0,0,0,0,0,0,0,0,1,0
889,-1.52209207174825,0,0,0,0,0,0,0,0,0,0
890,0.08060459264352,0,1,1,0,0,0,1,0,1,0
891,-0.367227370766096,0,1,0,0,0,0,1,0,0,1
892,0,1,1,0,1,0,0,1,0,1,0
893,-0.161536379877006,0,0,0,1,1,0,0,0,0,0
894,-0.179915043065286,0,1,1,0,0,0,1,0,1,0
895,0,0,0,1,0,1,0,1,0,1,0
896,0,0,1,0,0,0,0,1,1,1,0
897,-0.718194217438691,0,0,0,0,0,0,0,0,0,0
898,1.22574534133849,1,1,1,1,1,0,1,1,1,1
899,0,0,0,1,0,0,0,1,0,0,1
900,0,1,0,0,0,0,0,1,1,1,1
901,0,0,1,1,1,1,0,0,0,0,1
902,0,0,1,0,0,0,1,1,1,1,0
903,0,1,0,0,1,0,0,1,0,1,1
904,0,1,0,1,0,0,0,1,0,0,0
905,-1.48235019343908,0,0,0,0,0,0,0,0,0,0
906,-0.982756298170093,0,0,0,0,0,0,0,0,1,0
907,0,1,1,0,1,1,0,0,0,1,0
908,0.840833433145824,1,1,1,0,1,1,1,0,1,1
909,1.07476323926066,1,1,1,1,1,1,1,1,1,1
910,-0.126781363700994,0,1,1,0,0,0,1,1,1,0
911,-0.148415384212223,0,1,1,0,0,0,0,1,1,0
912,-0.541744128048038,0,1,1,1,0,0,1,0,0,0
913,-1.20439276554173,0,0,0,0,0,0,0,0,0,0
914,0,1,0,1,0,0,0,1,0,1,0
915,0,1,0,0,0,0,0,1,0,0,1
916,0.709247086539268,1,0,1,1,0,1,1,1,0,1
917,-1.22531773860129,0,0,0,0,0,0,0,0,1,0
918,0,1,0,1,0,1,1,1,1,1,0
919,0,1,1,1,1,0,0,1,1,0,1
920,0.782486972466874,1,1,1,1,0,0,1,1,0,1
921,0.749308139845169,0,1,1,1,0,1,1,1,1,1
922,0,0,1,1,1,0,0,0,0,0,1
923,-0.374867453260888,0,1,0,0,0,0,0,1,0,0
924,-1.35375322947242,0,1,0,0,0,0,0,0,0,0
925,1.05640007228968,1,1,1,1,0,0,1,1,1,1
926,0.849804972214421,1,1,1,1,1,0,1,1,1,1
927,0,0,0,1,0,0,0,1,0,0,1
928,0,1,1,1,0,0,0,0,0,0,0
929,-0.507337356312079,0,0,1,0,0,0,0,0,1,1
930,1.81185086486431,1,1,1,1,0,1,1,1,1,1
931,0,1,1,0,0,0,0,1,0,1,0
932,-2.02486134341021,0,0,0,0,0,0,0,0,0,0
933,0.676794565337715,1,1,1,1,1,0,1,0,1,1
934,-1.42847900189869,0,0,0,0,0,0,0,0,0,0
935,-1.29056356748601,0,0,0,0,0,0,0,1,1,0
936,0.739391395203579,1,1,1,1,0,1,1,1,1,1
937,0,1,1,1,1,0,0,0,1,1,1
938,0,0,1,1,0,0,0,1,1,1,1
939,1.64142246353744,1,1,1,1,1,1,1,1,1,1
940,-1.3918834764303,0,1,0,0,0,0,0,0,0,0
941,-0.00717976313337654,0,1,1,0,0,0,1,1,1,0
942,1.25996477532175,1,1,1,1,0,1,1,1,1,1
943,0,0,1,0,1,1,0,1,1,1,1
944,-0.29877070474371,0,1,0,0,0,0,1,1,1,1
945,0.115540786392975,1,1,0,1,0,0,1,1,1,1
946,-2.89540912460443,0,0,0,0,0,0,0,0,0,0
947,0,0,0,0,0,0,0,1,0,0,1
948,-0.0561287406656505,1,0,0,1,0,1,1,1,0,1
949,1.50484522982981,1,1,1,1,1,1,1,1,1,1
950,1.42437393246733,1,1,1,1,1,1,1,1,1,1
951,-0.365212487923617,0,1,0,0,0,0,1,0,0,0
952,-0.57350053816397,1,0,0,0,0,0,0,0,1,0
953,0,1,1,0,1,0,0,1,0,0,1
954,0.943738417259942,1,1,1,1,1,1,1,1,1,1
955,0.0721220739127255,0,1,0,1,0,0,1,0,0,0
956,-0.314396845212253,0,0,0,0,0,0,0,0,0,1
957,1.38622955044237,1,1,1,1,1,1,1,1,1,1
958,-0.849691027408878,0,0,0,0,0,0,0,0,0,1
959,0,0,1,1,1,0,0,1,1,1,1
960,-0.0017396978250703,1,1,0,1,0,0,1,0,0,0
961,-0.455026045305869,0,0,0,0,0,0,0,0,1,1
962,0.763744378678032,1,1,1,1,1,1,1,1,0,1
963,-1.51989670523132,0,1,0,0,0,0,0,0,1,0
964,0,0,1,0,1,0,0,1,0,0,1
965,-0.24678292385752,0,1,1,0,1,0,1,0,1,1
966,-0.549348422641906,0,0,1,1,0,0,1,0,0,1
967,0.58109682004315,1,1,0,1,0,0,1,1,0,1
968,1.26560837465253,1,1,1,1,0,1,1,1,1,1
969,0.598724586089636,1,1,1,0,1,1,1,1,1,1
970,0,0,0,0,0,1,0,1,1,1,1
971,0,1,1,0,1,0,0,1,1,1,0
972,0,1,1,0,1,0,0,1,0,1,1
973,-0.029676256666518,0,1,1,0,0,0,0,1,1,1
974,1.85209724588244,1,1,1,1,0,1,1,1,1,1
975,-1.00373177396674,0,1,0,0,0,0,0,0,0,0
976,0,1,1,1,1,0,0,1,1,1,0
977,1.93413450782208,1,1,0,0,1,1,1,1,1,1
978,0.032189906680536,0,0,1,0,0,1,1,1,1,0
979,-0.46034405057077,1,0,1,0,0,0,0,0,1,0
980,0,0,1,1,0,1,0,1,1,1,1
981,-0.389681565730243,0,1,0,0,0,0,1,0,1,0
982,0,0,1,1,0,0,0,1,0,1,1
983,0.650497135654061,1,1,1,1,1,0,1,0,1,1
984,0,0,1,1,1,0,0,0,0,1,1
985,0.0880385901977905,0,0,1,1,0,0,1,0,0,0
986,-0.729791276923068,1,0,0,0,0,0,0,0,1,0
987,0.420880624570311,0,0,0,1,1,0,1,0,0,1
988,0,0,0,0,1,0,0,1,1,0,1
989,-0.631191354675408,0,0,0,0,0,0,0,0,1,0
990,0,1,1,0,1,0,0,1,0,1,0
991,-0.261158166279523,0,1,0,0,1,0,1,0,0,1
992,0.691557076718718,1,1,1,0,0,1,1,1,0,1
993,0.612505617863731,1,0,1,1,0,1,1,1,1,1
994,2.3205184680845,1,1,1,1,1,1,1,1,1,1
995,1.01393446665748,1,1,1,1,1,1,1,1,1,1
996,0,1,0,0,0,0,0,0,1,0,1
997,-0.568395886533793,1,1,0,0,0,0,1,1,0,1
998,0.499602924307633,1,1,1,1,0,0,1,1,1,1
999,0,0,1,0,1,0,0,1,0,1,1
1000,-0.61152225656401,0,0,0,1,0,0,1,1,1,0
