"ID","Theta","Item1","Item2","Item3","Item4","Item5","Item6","Item7","Item8","Item9","Item10","Item11","Item12","Item13","Item14","Item15","Item16","Item17","Item18","Item19","Item20","Item21","Item22","Item23","Item24","Item25"
1,-0.37749735099858,0,0,1,0,1,1,1,0,1,1,0,1,0,1,1,1,1,1,0,1,0,1,0,1,0
2,1.02045329462936,1,1,0,0,1,1,0,1,0,1,1,1,0,1,1,1,1,0,0,1,1,1,0,1,1
3,0.51492509850563,1,1,0,0,0,0,1,1,0,1,1,1,1,0,0,0,0,1,0,1,0,0,0,1,0
4,1.44885838104898,1,1,1,0,1,0,1,1,1,1,0,1,0,1,1,1,1,0,1,1,1,0,1,1,1
5,2.07123320859745,1,1,1,0,0,0,0,1,0,1,1,1,1,1,1,1,1,0,0,1,1,1,0,1,0
6,-1.77457969302612,0,0,0,1,0,0,1,0,1,0,0,0,1,1,0,0,0,0,0,1,0,0,0,0,0
7,-1.8523312328649,0,0,0,1,0,0,0,0,0,0,0,0,0,0,0,0,0,0,0,0,1,0,0,0,0
8,-0.169516010191486,1,0,0,1,0,0,1,0,1,0,0,1,1,0,1,0,0,0,0,1,1,0,0,0,0
9,0.54398072843938,1,1,1,1,1,1,0,1,0,0,1,1,0,0,1,0,1,0,1,0,1,0,0,1,1
10,-0.0538002787681844,0,1,1,0,0,0,1,1,0,1,0,0,1,1,1,0,0,0,0,0,1,1,1,1,0
11,0.161859527867708,0,1,1,0,0,1,1,0,1,1,1,0,0,1,1,0,0,0,1,0,0,1,0,1,1
12,0.449654813833558,0,1,0,1,0,0,1,1,1,1,1,1,0,1,1,1,1,1,1,1,1,0,0,1,1
13,-0.709375187246147,0,0,0,1,0,0,0,0,0,0,0,0,1,1,0,1,0,1,0,1,0,0,0,0,0
14,-0.623166034814582,0,0,0,1,0,1,0,0,0,1,0,0,0,0,0,1,0,0,1,1,1,1,1,0,1
15,0.251494031564935,1,1,0,1,0,1,0,1,0,0,1,1,0,0,0,0,0,1,0,0,0,0,1,0,1
16,-0.0618486662884727,0,1,0,0,1,0,1,1,0,0,0,0,0,0,0,1,0,1,0,0,0,1,1,1,0
17,-1.11841428358478,0,0,1,1,0,1,0,0,0,0,1,0,1,1,0,0,0,0,1,1,0,1,0,1,1
18,-0.646449761800081,1,0,0,0,1,1,1,0,0,1,0,0,1,0,0,0,0,0,1,0,0,0,0,0,1
19,-0.691885761552482,0,0,0,0,1,0,1,0,0,1,0,0,0,1,0,1,0,0,1,0,1,0,0,0,0
20,0.754362797877979,1,1,1,0,0,0,1,1,1,1,1,1,0,0,1,0,0,1,1,0,0,0,0,1,1
21,1.64981550531733,1,1,1,1,1,0,1,1,0,1,1,1,0,0,1,0,1,0,1,1,1,0,0,1,0
22,0.912640595038354,1,1,0,1,1,1,1,1,1,1,0,1,1,1,1,1,1,0,0,1,1,1,0,1,0
23,-0.469818906760552,0,0,0,1,0,1,0,1,1,0,0,0,0,0,0,1,0,1,0,0,0,0,1,0,1
24,0.657203825636913,1,1,0,1,0,0,0,1,0,1,1,1,1,0,1,1,1,0,1,1,1,0,1,1,1
25,0.870401958633946,1,1,0,1,0,0,0,1,1,0,0,1,0,1,1,0,1,1,1,0,0,0,1,1,0
26,-0.276058477819438,0,1,1,1,1,1,0,0,0,0,0,0,1,0,0,0,1,1,0,1,1,1,0,1,1
27,1.77419997783499,1,1,1,1,1,1,0,1,1,1,0,1,0,1,1,1,1,1,1,0,1,0,1,1,0
28,-0.195618997893615,0,0,0,1,0,1,0,0,0,0,0,0,0,1,0,0,1,1,1,1,1,0,1,0,1
29,0.692135439042372,1,1,1,1,1,0,0,1,0,1,1,1,1,1,1,0,1,0,0,0,1,1,0,1,1
30,0.900649717933552,1,1,0,1,1,0,1,1,1,1,1,1,0,0,1,1,1,0,0,0,1,1,1,1,1
31,1.23348428325503,1,1,0,0,1,0,1,1,1,1,1,1,1,0,1,1,1,1,0,1,0,1,0,1,1
32,1.01233072966109,1,1,1,0,0,0,1,1,1,1,0,1,1,0,1,1,1,1,1,1,1,1,1,1,1
33,0.193058975500833,1,1,0,0,1,1,1,0,0,0,0,1,0,0,1,0,1,1,1,1,1,1,1,1,0
34,-1.27911999518209,1,0,1,0,1,0,1,0,1,1,1,0,1,1,0,0,0,0,1,1,0,0,0,0,1
35,-0.206194523435165,0,0,0,1,1,1,0,1,0,1,0,0,1,0,1,1,1,1,0,0,1,0,0,0,0
36,-0.147683909138917,0,1,0,1,0,0,1,0,0,0,0,1,1,0,1,1,0,0,0,1,0,0,0,0,0
37,2.89075955391123,1,1,1,1,0,0,0,1,1,1,1,1,1,1,1,1,1,1,1,1,1,0,1,1,1
38,1.07483173579794,1,1,0,0,1,0,0,1,1,0,1,1,0,0,1,1,1,0,1,1,0,0,1,1,1
39,-1.11514434543332,0,0,0,0,0,0,0,0,0,1,0,0,0,0,0,0,0,0,0,0,1,1,0,0,1
40,-0.134785630960011,1,0,0,1,0,0,1,1,1,0,0,1,0,1,0,1,0,1,0,0,0,0,1,0,1
41,0.422311466290968,1,0,1,0,0,0,1,1,1,0,0,1,1,1,0,1,0,1,0,0,0,0,1,1,0
42,-1.06024484189824,0,0,0,1,0,1,0,0,1,1,1,0,1,0,0,1,0,0,1,1,1,0,1,0,0
43,1.35754100274474,1,1,0,0,0,0,1,1,1,0,0,1,1,0,1,0,1,0,1,1,0,0,0,1,1
44,2.23054795025704,1,1,1,0,0,1,0,1,1,1,1,1,0,1,1,0,1,1,1,0,1,1,0,1,1
45,-0.0169221087961001,0,0,0,1,0,0,0,0,0,0,0,1,0,1,1,0,0,1,0,1,1,1,0,1,1
46,0.325109573408912,1,0,0,1,0,0,1,1,0,1,0,1,1,1,1,1,0,0,1,1,1,0,0,1,0
47,1.13197908071417,1,1,1,1,1,1,1,1,1,1,1,1,0,0,1,0,1,1,0,1,0,1,0,1,1
48,-0.429500269111251,0,1,1,0,0,1,1,0,1,0,1,1,0,0,1,0,0,0,1,0,1,1,1,0,0
49,-1.58171509315991,0,0,1,0,1,0,0,0,0,0,0,1,0,1,0,0,0,0,0,1,1,1,1,0,0
50,-2.36151659677785,0,0,1,0,1,1,0,0,0,0,0,0,0,0,0,1,0,0,0,0,1,1,0,0,1
51,0.478593787829447,1,1,0,1,1,0,1,0,1,0,0,1,1,1,1,0,1,0,0,1,0,0,1,1,1
52,-1.52733070717114,0,0,1,1,1,1,1,0,0,1,0,0,1,0,0,1,0,0,0,0,0,0,0,0,1
53,1.54758488557853,1,1,0,1,1,0,0,1,1,1,1,1,0,0,1,1,1,1,1,0,1,0,1,1,1
54,-2.40398749644559,0,0,1,0,0,0,0,0,0,0,1,0,0,1,0,1,0,0,0,1,0,0,0,0,0
55,1.71198338614086,1,1,1,1,1,0,1,1,1,1,0,1,0,0,1,1,1,1,1,1,1,1,1,1,1
56,-0.570999509746612,0,0,1,1,1,1,0,0,1,1,1,0,0,1,0,0,0,0,0,0,1,0,0,0,1
57,0.372748084410103,1,1,0,0,1,0,1,1,1,1,1,1,1,1,1,1,1,1,1,0,1,1,1,1,1
58,1.33552461983532,1,1,0,1,1,1,1,1,0,1,1,1,1,1,1,1,1,1,1,0,1,1,1,1,0
59,0.525981991379429,1,1,0,0,1,1,1,1,0,0,0,1,1,1,0,1,1,1,0,0,1,1,0,1,1
60,1.84164060624821,1,1,0,1,1,0,1,1,1,1,0,1,1,1,1,1,1,1,1,1,1,1,1,1,1
61,1.59979648491024,1,1,0,0,0,1,1,1,1,1,0,1,1,0,1,1,1,1,0,1,1,1,0,1,1
62,-1.56502761613132,0,0,0,1,0,0,1,0,0,0,0,0,0,0,0,1,0,1,0,1,0,0,1,0,1
63,1.50341008365227,1,1,0,1,1,0,0,1,0,1,0,1,0,1,1,1,1,1,0,1,1,1,1,1,0
64,-0.103761191449175,1,0,0,0,1,1,1,0,1,1,0,1,1,0,0,0,0,0,1,1,0,0,0,0,1
65,0.12728658407943,0,1,1,1,1,0,1,0,0,0,1,0,0,1,1,0,1,0,1,1,0,1,0,1,0
66,-0.333003496378983,0,0,0,0,1,0,1,1,0,0,0,0,0,1,0,0,0,0,0,1,0,0,0,1,0
67,0.0895552242559233,1,1,1,1,0,1,1,1,0,0,0,0,0,0,1,1,1,1,1,0,1,0,0,1,1
68,0.637915224621514,1,1,0,1,0,0,1,1,1,1,0,1,0,1,1,1,1,0,1,1,0,0,0,1,0
69,-0.964639699935891,0,0,1,0,0,1,0,1,1,0,1,1,1,0,0,0,0,1,0,1,0,1,1,0,1
70,-0.59939775520816,0,0,0,1,0,1,0,0,1,0,0,0,1,0,0,0,1,0,0,0,1,0,0,0,1
71,0.345730180176908,0,1,0,0,1,0,0,0,0,1,1,1,0,0,1,1,0,1,1,0,1,1,1,1,0
72,-0.285146610828742,0,0,1,0,0,0,0,0,1,0,0,1,1,0,0,0,0,0,1,1,1,0,1,0,1
73,1.30163229884082,1,1,0,0,1,1,1,1,1,0,1,1,1,1,0,0,1,1,0,0,1,1,1,1,1
74,0.467731778193336,1,1,0,0,0,1,0,1,0,1,0,1,1,0,0,1,1,0,0,1,1,0,0,1,0
75,-1.62240699328997,0,0,0,0,0,0,0,0,1,0,0,0,1,0,0,0,0,1,0,1,0,1,1,0,0
76,-0.0162282358837566,1,0,0,1,1,1,1,0,0,1,1,0,1,0,1,0,0,1,0,0,1,0,0,1,0
77,0.223013552742263,1,1,1,1,1,1,0,1,0,0,1,1,1,1,0,0,1,0,0,0,1,1,0,1,1
78,0.552580730642588,1,1,0,1,1,1,1,1,1,1,1,0,0,0,0,1,1,0,1,0,0,1,1,1,1
79,1.37531043158286,1,1,0,0,0,1,0,1,1,0,0,1,1,1,1,1,1,0,1,0,1,0,0,1,0
80,0.108439775848342,1,0,0,1,1,1,0,0,1,1,1,1,0,1,0,1,1,1,0,1,0,1,0,1,0
81,0.00658725623292793,0,1,0,1,0,0,0,0,1,1,0,0,0,0,1,1,0,1,0,0,0,1,1,0,0
82,-1.13680162638108,0,0,0,0,1,1,0,0,0,1,1,0,1,0,0,0,0,1,0,1,1,0,0,0,0
83,1.73445936359033,1,1,0,1,1,0,1,1,1,1,1,1,1,1,1,1,1,1,1,1,1,1,1,1,1
84,-2.48265806859724,0,0,0,1,0,0,0,0,0,1,0,0,0,0,0,1,0,0,0,1,1,0,1,0,0
85,1.56601430273738,1,1,1,1,1,1,1,1,0,0,1,1,1,1,1,1,1,1,1,0,1,1,0,1,0
86,0.367693087212025,0,0,1,0,0,1,0,1,0,0,1,0,0,1,1,0,0,1,0,1,1,0,1,1,0
87,0.36742442304841,1,1,1,0,1,0,0,1,1,1,0,1,1,1,1,1,1,0,1,1,0,0,1,1,1
88,-1.63040782662325,0,0,1,0,0,0,0,0,0,0,0,0,0,0,0,0,0,0,0,1,0,0,1,0,1
89,0.127533241665873,0,1,0,0,0,0,0,1,1,1,0,1,0,1,0,0,1,0,0,1,1,1,0,1,1
90,0.511758462450188,1,0,1,0,1,0,1,1,1,1,1,1,0,1,1,1,0,0,0,1,1,1,1,1,1
91,-0.265355287713484,0,0,1,0,0,1,1,0,1,0,1,1,1,0,0,1,1,0,0,0,0,0,0,0,1
92,0.556084193614835,1,1,0,0,0,1,1,1,0,0,0,1,1,0,0,1,1,0,0,0,0,1,0,1,1
93,-0.491347265833064,1,0,1,0,1,0,1,0,1,0,0,0,1,1,0,0,0,0,0,0,0,1,0,0,1
94,-1.9949884617856,0,0,1,1,1,1,1,0,1,1,0,0,0,0,0,0,0,0,1,0,0,0,0,0,1
95,-0.499351593319978,0,0,0,0,1,0,1,0,0,1,0,1,0,1,0,0,0,1,0,1,0,1,1,0,1
96,-0.298876368440456,0,0,0,1,0,1,1,1,0,0,0,0,0,0,1,0,0,1,1,1,0,0,0,0,1
97,0.514280744648768,0,1,1,1,0,0,0,1,0,0,1,1,1,1,1,1,1,0,0,0,0,0,0,1,0
98,0.134748082449673,0,1,0,1,1,1,0,0,1,0,0,0,0,0,1,1,1,1,1,1,0,1,1,1,0
99,0.287814518792544,1,1,0,1,0,0,0,1,1,0,0,1,1,0,0,0,1,1,1,0,0,0,1,0,1
100,-0.333315779935331,1,1,1,1,1,0,0,0,0,0,0,0,1,1,1,0,0,0,0,1,0,0,1,0,1
101,1.05761306171845,1,1,1,0,0,0,1,1,1,0,1,1,1,1,1,1,0,1,0,0,1,0,0,1,0
102,0.646556125933697,1,1,1,0,0,1,0,1,1,0,0,1,1,0,1,0,1,1,0,0,0,0,1,1,0
103,-0.271086811998967,1,1,0,0,0,0,0,1,0,1,1,1,0,1,1,0,0,0,1,0,0,1,1,0,0
104,0.587573305971438,1,1,0,1,1,0,1,1,0,1,1,1,0,1,1,1,1,0,1,1,1,1,0,1,0
105,-0.917166810732989,0,0,0,0,1,0,1,0,1,0,0,0,0,1,0,0,0,1,1,0,0,0,0,0,0
106,1.97003947149173,1,1,1,1,1,1,0,1,1,0,1,1,1,1,1,0,1,0,1,0,1,1,1,1,1
107,0.939227402089277,1,1,1,1,0,0,1,1,1,1,1,0,0,1,1,0,1,1,0,1,1,0,1,1,0
108,1.06538470086384,1,1,1,1,1,0,1,1,0,0,0,1,1,1,1,1,1,1,1,1,0,0,0,1,0
109,0.679953188991402,1,0,0,1,1,1,0,1,0,0,0,1,0,1,1,1,1,1,0,1,0,1,1,1,1
110,-1.54113014392576,0,0,0,1,1,0,0,0,0,0,0,0,0,0,0,0,0,1,0,1,1,0,1,0,1
111,-2.22126093648642,0,0,0,0,1,1,1,0,0,0,1,0,1,0,0,1,0,0,0,0,0,0,0,0,1
112,-0.399755177408865,0,0,1,0,1,0,0,0,0,0,0,1,1,1,0,1,1,1,1,0,1,1,1,1,1
113,-1.71524451925708,0,0,1,0,0,1,1,0,1,0,0,0,1,0,0,1,0,0,0,0,0,1,1,0,1
114,0.174097960078557,1,1,0,0,0,0,1,1,1,0,0,1,1,0,0,1,1,0,0,1,1,0,1,0,1
115,-0.792579647033668,0,0,1,0,1,1,1,0,0,1,0,0,0,1,0,0,0,0,0,1,0,0,0,0,0
116,-0.749893667281487,0,0,1,0,1,1,0,0,0,0,0,0,0,0,0,0,0,1,1,0,1,1,1,1,1
117,-0.161654374756277,1,0,1,0,0,0,1,0,0,1,0,1,1,1,1,0,1,0,0,1,1,1,0,0,0
118,0.614326088486949,1,1,0,0,1,1,0,1,1,1,0,1,0,1,0,0,1,1,0,0,1,0,1,1,0
119,2.02401440281565,1,1,0,0,0,0,0,1,0,1,1,1,0,1,1,1,1,1,0,1,0,0,1,1,1
120,1.73575181079723,1,1,1,1,1,0,1,1,1,0,1,1,0,1,1,1,1,0,0,1,1,0,1,1,0
121,1.17734777596904,0,1,0,1,0,1,0,1,1,0,1,1,1,0,1,1,1,0,1,0,1,1,1,1,0
122,-0.353555837814937,0,0,0,1,0,0,0,0,1,0,0,0,0,0,0,1,1,1,0,1,0,0,0,1,1
123,1.26659167999424,1,1,0,0,0,0,1,1,0,0,1,1,1,1,1,0,1,1,1,0,0,0,0,1,0
124,1.27976610601989,1,1,0,1,1,1,1,1,0,0,1,1,0,0,1,1,1,1,1,1,1,1,1,1,0
125,0.268322070286244,0,1,1,1,1,1,0,1,1,1,1,1,1,0,1,0,1,0,1,0,1,0,1,0,1
126,-0.320918022271805,0,0,1,0,1,1,1,1,0,0,0,0,1,0,1,0,0,1,0,0,0,0,1,1,1
127,1.32372198792404,1,1,1,1,0,1,1,1,0,0,0,1,1,0,1,0,1,0,0,1,1,0,1,1,0
128,0.257676591134845,0,1,1,0,0,0,0,1,0,1,1,1,1,1,0,1,1,0,1,1,0,1,0,1,1
129,0.657250126346657,0,1,1,1,1,0,0,1,1,0,1,1,0,1,1,1,1,0,0,0,0,1,0,1,0
130,-1.65069008562942,0,0,1,0,1,0,1,0,1,0,0,0,1,0,0,1,0,0,0,1,1,1,0,0,0
131,-0.20443727598201,0,0,0,1,1,0,1,0,1,0,1,0,1,1,0,0,0,1,1,0,1,0,0,1,0
132,1.98967620158588,1,1,1,1,0,1,0,1,0,1,1,1,1,1,1,1,1,0,0,0,1,0,1,1,1
133,-1.04218280272333,0,0,0,0,0,0,1,0,0,0,0,0,0,1,0,0,0,0,0,1,1,0,0,1,0
134,-0.111041764990862,1,1,0,1,1,1,1,1,0,1,1,0,0,0,1,1,1,0,1,0,1,0,0,1,0
135,-1.30873348137601,0,0,0,0,0,0,0,0,0,0,1,0,0,0,0,0,0,0,1,1,0,0,0,0,0
136,-1.75987321701481,0,0,1,0,1,0,1,0,0,1,0,0,1,0,0,1,0,1,0,1,1,1,1,0,1
137,-0.788779390929422,0,0,0,1,0,1,0,0,1,1,0,0,0,0,0,1,1,0,1,1,0,1,1,1,1
138,-0.479057381975602,0,0,1,1,0,0,1,0,1,1,1,0,0,1,1,1,0,1,0,1,1,0,1,0,0
139,0.552720598421155,1,1,0,1,1,1,0,1,0,0,0,0,0,0,1,1,1,1,1,1,0,1,0,1,0
140,2.4689742374588,1,1,1,1,1,1,1,1,1,0,0,1,1,1,1,1,1,1,1,1,1,0,1,1,1
141,0.463619835949611,1,1,0,1,1,1,1,0,0,1,1,1,0,0,1,0,0,1,0,0,1,1,0,1,1
142,0.30623417768302,0,1,1,0,1,1,0,1,1,1,1,0,0,1,0,1,0,0,0,1,1,0,1,0,1
143,1.22026644566034,1,1,1,1,0,1,1,1,1,1,1,1,0,0,1,0,1,1,0,1,1,1,1,1,1
144,1.04821191761423,1,1,0,1,0,0,0,1,0,1,1,1,0,1,1,1,1,0,1,1,0,1,1,1,1
145,1.61357717097416,1,1,1,0,1,1,1,1,1,0,1,0,0,1,1,1,1,0,1,1,1,0,1,1,0
146,0.0141927484476647,1,1,1,0,1,1,0,1,1,0,1,1,1,0,1,0,1,0,0,0,1,0,0,0,1
147,0.270280650794804,0,1,0,0,0,1,1,1,0,1,1,1,1,1,0,0,1,0,0,0,1,0,1,1,1
148,-0.663473241814005,0,0,0,0,0,0,1,0,1,0,1,0,0,0,0,1,0,1,0,0,1,1,1,0,0
149,1.12454215608749,1,1,0,1,0,0,0,1,1,1,1,1,0,0,1,0,1,1,1,1,1,0,0,1,1
150,0.601583929392802,1,0,0,1,1,1,1,1,0,1,1,1,0,1,1,1,0,0,0,1,0,1,1,0,1
151,1.03033481880464,1,1,0,0,1,0,0,1,0,1,1,1,0,0,1,1,1,1,1,0,0,1,1,1,1
152,-0.257779786530075,0,0,1,1,0,1,0,0,0,0,0,0,1,1,1,0,0,1,1,1,0,0,1,0,1
153,0.55248495425183,1,1,0,1,1,1,1,1,1,0,1,1,0,1,0,1,1,1,1,0,1,1,1,1,0
154,-0.0328037112135522,1,0,1,1,1,1,0,0,0,1,1,1,0,0,0,0,1,0,1,1,0,1,0,0,0
155,1.09037132034355,0,1,0,0,0,1,0,1,1,0,0,1,1,0,1,1,1,1,1,1,1,0,1,1,0
156,-0.296848388174442,0,1,0,0,0,0,1,0,0,0,1,0,0,0,0,0,0,1,1,0,1,0,0,1,1
157,0.650716733270228,1,1,1,1,0,1,1,0,1,0,1,1,0,0,0,0,1,0,0,1,0,1,0,1,1
158,1.22546897741357,1,1,1,1,1,1,1,1,1,1,1,1,0,0,1,1,1,0,0,1,1,1,1,1,0
159,-0.750106899215724,1,0,1,0,1,1,0,0,0,0,1,0,1,0,0,1,0,1,0,0,0,0,1,0,0
160,-1.00357507970142,0,0,1,1,0,0,1,0,0,0,0,0,1,0,0,0,0,0,1,1,0,0,0,0,0
161,-0.345481177891807,0,1,1,1,0,1,0,0,0,0,0,0,1,1,0,0,0,0,1,1,0,0,1,0,0
162,0.511528367385789,0,1,0,0,1,1,1,0,0,1,1,1,0,0,1,0,1,1,1,1,1,1,0,1,1
163,0.908111894526515,1,1,0,1,1,1,0,1,1,0,0,1,0,0,1,1,1,1,1,1,0,0,0,1,1
164,-0.0487869405371996,0,0,1,1,1,1,0,1,0,0,0,0,0,0,0,1,1,0,0,1,1,1,1,1,0
165,0.163663854803025,1,1,1,0,0,0,0,1,1,1,0,1,0,1,1,1,1,1,0,1,1,1,1,1,1
166,-2.53442568029473,0,0,0,0,1,0,0,0,1,1,0,0,0,0,0,0,0,1,1,1,0,1,0,0,0
167,-1.529421404163,0,0,1,0,0,0,1,0,0,1,1,0,1,0,0,1,0,0,0,0,1,0,1,0,0
168,0.126593689669287,0,1,0,0,0,1,1,0,1,0,0,0,1,0,0,0,1,1,0,0,1,1,1,1,1
169,0.493062938489199,1,1,1,1,1,1,0,1,1,1,0,1,1,1,0,1,1,1,0,0,0,0,0,0,1
170,0.651564567869169,1,1,0,1,0,1,1,1,1,1,1,1,1,1,1,0,1,1,0,0,0,1,1,0,0
171,1.15784187108095,1,1,1,1,1,1,1,0,1,1,0,1,1,1,1,1,1,1,0,0,1,1,1,1,1
172,-0.126662408790759,0,1,1,0,1,0,1,1,0,1,1,1,1,0,0,1,0,1,0,0,0,1,0,1,0
173,0.481347579651675,0,0,0,0,1,1,1,1,0,0,0,1,1,0,1,1,1,1,0,0,0,0,0,1,1
174,-0.420205896385198,0,0,1,0,1,0,0,0,0,0,0,1,1,0,1,0,0,0,0,0,0,0,1,0,0
175,-0.900223905632655,0,0,0,1,1,0,1,1,1,1,1,0,0,0,0,0,0,1,0,0,1,1,0,0,0
176,0.915501271569955,1,1,0,0,1,0,1,1,0,1,1,1,1,1,1,0,1,0,0,1,0,1,0,1,1
177,0.0481731861570588,1,0,0,1,1,1,0,0,0,1,0,1,0,1,0,1,0,1,0,0,0,1,1,0,1
178,0.422788062172722,0,1,0,1,1,0,1,1,0,1,1,1,0,1,1,0,0,1,0,0,1,0,1,0,0
179,-0.325619157707082,0,0,1,0,0,0,0,0,1,1,0,0,1,1,0,1,1,0,1,1,0,0,1,1,0
180,-0.73350352100681,0,0,0,1,1,1,1,0,0,1,0,0,1,1,0,0,0,0,1,1,0,1,0,0,0
181,0.547438424685327,1,1,1,1,1,1,1,1,0,0,0,1,1,0,1,0,0,0,1,0,1,0,1,1,0
182,0.621259390285858,0,1,1,1,0,1,0,1,1,0,1,1,1,0,1,1,1,0,1,0,1,0,1,1,1
183,-1.77855901954765,0,0,0,0,0,0,0,0,1,0,1,0,0,1,0,0,0,1,1,0,0,1,0,0,1
184,0.328838037252542,1,1,1,1,1,0,1,1,1,1,0,0,1,0,1,0,1,0,0,1,1,1,1,1,1
185,0.348132621064476,1,1,0,0,1,0,1,1,0,0,1,1,0,0,1,1,0,0,0,1,0,0,0,1,0
186,0.344835303075563,1,1,1,0,0,0,1,1,1,1,1,0,1,0,1,1,1,1,1,1,1,0,0,1,1
187,-0.0974337674041935,1,1,0,1,1,0,1,0,1,1,0,1,0,1,0,1,0,0,1,0,0,0,0,1,0
188,-0.303747126123642,0,0,1,1,1,1,1,0,0,1,0,0,1,1,0,1,0,1,0,0,0,1,1,0,0
189,0.770139080636045,1,1,1,1,0,1,1,1,0,1,1,1,0,0,0,0,1,1,1,0,1,1,1,1,0
190,-0.729799822708514,0,0,1,1,1,1,0,0,0,0,0,1,1,0,0,0,0,1,1,0,1,0,0,1,1
191,0.462805775874003,1,1,1,0,0,0,1,0,0,0,1,0,0,0,1,1,1,1,1,1,1,1,0,1,1
192,-1.07031129966974,0,0,0,1,0,1,1,0,0,1,0,0,1,1,0,0,0,0,0,1,0,0,0,0,0
193,-0.552209164072573,1,0,0,0,1,1,1,0,0,1,0,0,1,1,1,1,0,1,1,1,0,1,0,0,1
194,-0.182218891438912,0,1,1,0,0,0,1,0,1,1,0,0,1,0,1,1,1,0,1,1,1,1,0,0,0
195,-1.78832182743287,0,0,1,0,0,0,0,0,1,0,0,0,0,0,0,1,0,1,1,0,1,0,1,0,1
196,-0.389592588053027,0,0,1,0,1,0,1,0,0,1,1,0,0,0,0,1,0,1,0,0,0,1,0,0,0
197,0.129972276751747,0,1,1,0,1,0,0,0,0,1,1,0,1,0,1,0,1,1,1,0,0,0,0,1,1
198,0.270280650794804,1,1,0,1,0,0,1,1,0,0,0,0,0,0,1,0,1,1,1,0,0,1,1,1,1
199,-0.41238302489059,0,0,0,0,1,1,0,0,1,1,0,1,0,1,0,0,0,0,0,1,1,0,1,0,0
200,-1.10641564420487,0,0,0,1,1,1,1,0,1,1,1,0,1,0,0,1,0,0,0,0,0,0,0,0,0
201,-0.198990394924679,0,1,0,1,1,0,1,0,1,0,1,1,0,0,0,1,0,1,0,1,0,0,0,0,1
202,-1.26089092249146,0,0,0,1,1,0,1,0,0,1,1,0,1,0,0,0,0,0,0,0,1,0,0,0,1
203,0.306792790354842,1,1,1,0,0,1,0,1,0,0,0,1,0,0,1,1,1,1,0,1,1,1,0,0,0
204,1.21624904786032,1,0,1,0,1,0,1,1,0,1,0,1,0,1,1,0,1,1,0,1,1,1,0,1,0
205,-0.685548235017511,0,0,0,1,0,1,1,0,0,0,1,0,1,1,0,1,0,0,0,1,0,0,1,0,0
206,0.847669788911467,1,1,1,0,0,1,0,1,1,0,1,1,0,0,1,1,1,1,1,0,0,1,0,1,0
207,-1.59784735740128,0,0,0,0,1,0,1,0,1,1,1,0,1,1,0,1,0,0,1,0,1,1,0,0,0
208,-0.39757978341282,0,0,1,1,1,0,0,0,0,0,0,0,0,0,1,0,0,1,0,1,1,0,0,0,1
209,1.63108029021641,1,1,0,0,1,0,0,1,1,1,1,1,1,1,1,0,1,0,1,0,0,0,1,1,0
210,-0.204299113412191,1,0,1,1,0,1,0,1,0,0,1,0,0,0,0,0,0,0,0,0,0,0,0,0,0
211,0.13800314967924,0,1,1,1,0,1,0,1,0,1,0,1,0,0,1,0,1,0,0,0,0,0,0,1,0
212,-1.09391223129732,0,0,0,0,1,1,0,0,1,0,0,0,0,0,0,1,0,0,1,1,0,0,0,0,0
213,-1.53936080158068,0,0,0,0,1,0,1,0,1,0,0,0,1,1,0,0,0,0,1,0,1,0,1,0,1
214,-1.05291378283792,0,0,1,0,0,0,1,0,0,0,0,0,1,1,0,1,0,1,0,1,0,1,1,0,0
215,-0.0648842164825213,1,0,0,0,1,1,0,0,1,1,1,0,0,1,0,1,0,0,0,0,0,0,1,0,1
216,-0.843716524403083,0,1,0,1,1,0,1,0,1,0,0,0,1,1,0,1,0,1,1,0,1,0,0,0,1
217,-1.01383000173127,0,0,0,0,1,0,1,0,0,1,0,0,1,1,0,0,0,1,0,1,1,1,0,0,0
218,-1.59835961369592,0,0,1,0,1,0,1,0,0,0,0,0,1,0,0,1,0,1,1,0,0,1,0,0,0
219,-1.12740087796229,0,0,1,1,1,0,1,0,1,1,1,1,1,1,0,0,0,1,0,1,0,0,1,0,0
220,1.56415671788855,1,1,1,1,1,1,0,1,1,0,0,1,0,1,1,1,1,1,1,1,1,0,1,1,1
221,0.620224480746796,1,1,1,1,1,0,1,0,0,1,0,1,0,0,0,0,1,1,0,0,1,1,1,1,0
222,-0.105843146468469,0,1,0,0,0,1,0,0,1,1,0,1,0,1,1,0,1,0,1,0,0,0,0,0,0
223,-0.0295399971279649,1,1,1,1,0,1,1,0,0,0,0,1,1,1,1,0,1,0,1,1,1,1,1,1,1
224,-0.0875631129540071,0,0,1,1,1,0,1,1,0,0,1,1,0,1,1,0,0,1,0,1,1,0,0,1,0
225,0.571374127432432,1,0,1,0,1,1,0,1,0,0,1,1,0,0,1,1,1,0,1,1,0,0,0,1,0
226,0.806977330689935,1,1,0,1,1,1,1,1,1,1,1,1,0,1,0,0,1,1,0,0,1,0,1,1,1
227,-0.138142890807567,0,1,1,0,0,0,1,1,0,0,0,0,0,1,1,1,0,0,0,1,1,1,1,0,0
228,0.487362623000395,1,1,1,1,1,0,1,1,0,1,0,1,1,0,1,0,0,1,0,1,0,0,1,1,1
229,0.179947789816493,1,1,1,1,0,0,0,1,0,1,1,1,0,1,0,0,1,1,0,0,1,1,0,0,1
230,-2.32333946922951,0,0,0,1,0,1,1,0,0,0,0,0,0,0,0,1,0,0,0,1,0,0,0,0,0
231,2.0332330274619,1,1,1,0,0,1,0,1,1,0,0,1,1,1,1,1,1,0,1,1,0,0,0,1,1
232,0.0480524358713094,1,1,0,0,0,0,1,0,1,1,1,1,1,1,1,1,1,0,0,0,1,1,0,0,1
233,0.294792116294682,0,1,0,1,0,1,1,1,1,0,1,1,0,1,1,1,0,1,1,1,0,0,1,1,1
234,-0.166929083825393,1,0,0,0,1,0,0,0,0,0,1,1,0,0,0,0,0,0,1,0,1,1,1,1,1
235,-0.525485265747254,0,0,1,1,0,1,0,0,1,1,1,0,0,1,0,0,0,1,0,0,0,1,0,0,1
236,-1.59006166100542,0,0,0,1,0,0,1,0,0,1,0,0,1,0,0,0,0,0,1,1,0,1,0,0,1
237,-1.06472134803556,0,0,0,0,1,0,1,0,1,1,1,0,0,1,0,1,0,1,0,1,0,1,0,0,0
238,-1.23504035015964,0,0,0,1,0,0,1,0,0,1,0,0,1,1,0,1,0,1,1,1,1,1,0,0,0
239,0.248637017585927,1,1,0,1,0,0,1,1,0,0,0,1,1,1,0,0,1,1,0,0,1,0,0,1,0
240,0.303526613575105,1,0,0,1,1,0,1,1,0,1,0,1,0,1,1,0,1,1,0,1,1,1,0,1,1
241,-0.192549112033376,0,1,1,1,0,1,1,0,1,0,0,1,1,1,0,1,1,0,0,0,0,1,0,0,0
242,0.877832126441944,1,1,0,0,0,0,0,1,1,1,1,1,1,1,1,1,1,0,1,0,1,0,1,1,1
243,-0.67683465271336,0,0,1,1,0,0,0,0,1,0,1,0,1,1,0,0,0,0,1,1,0,0,1,0,0
244,-0.853368509429245,0,0,1,1,1,1,1,0,0,1,1,0,0,0,0,0,0,0,0,0,1,0,0,0,0
245,0.580717909387538,0,1,0,0,0,1,1,1,0,0,1,1,1,1,1,1,1,0,0,0,1,1,1,1,0
246,1.2907612140747,1,1,0,0,0,1,0,1,0,1,1,1,1,1,1,1,1,1,0,1,1,0,0,1,1
247,1.09840067392221,1,1,1,0,1,1,0,1,1,0,1,1,0,1,1,0,0,1,1,0,1,1,1,1,1
248,-1.93535951308324,0,0,1,0,0,1,0,0,1,0,0,0,1,0,0,1,0,1,1,0,1,0,1,0,0
249,-0.33111591357154,0,0,1,0,0,1,1,0,0,1,1,1,0,1,1,1,1,1,1,1,1,0,0,0,0
250,-0.699372511613027,1,0,0,0,0,0,1,0,0,0,1,0,0,0,0,1,0,1,0,1,0,0,0,0,1
251,0.6243961421597,1,1,1,1,1,1,1,1,0,0,0,0,0,1,1,1,1,1,0,1,1,0,1,1,1
252,0.948757926118831,1,1,1,1,1,1,0,1,1,1,0,1,1,1,1,1,1,1,0,0,0,1,1,1,1
253,-0.00705572657474302,1,1,0,0,0,1,0,1,0,1,0,0,1,0,1,1,0,1,0,1,0,1,0,0,1
254,-0.469819525120144,0,0,1,1,1,1,1,1,1,0,1,0,0,1,0,1,0,0,0,0,1,1,0,1,1
255,0.303531313619402,1,0,0,1,1,0,0,1,1,0,0,1,1,0,1,0,0,0,0,1,1,1,0,1,0
256,0.7264840262356,1,1,0,0,1,1,0,1,1,1,0,1,0,1,1,0,1,1,0,1,1,0,0,1,1
257,0.0638675524993102,0,1,0,1,0,1,0,1,1,1,0,0,1,1,0,1,0,1,1,1,0,1,1,1,0
258,1.29001374948127,1,1,1,1,1,1,0,1,0,0,0,1,1,1,1,1,1,1,1,0,1,0,1,1,0
259,-0.0378542354194542,0,0,1,1,0,0,0,1,1,1,1,1,0,1,1,1,0,0,0,1,0,0,1,0,1
260,-0.306630174850582,0,0,1,0,0,0,0,1,1,1,1,0,1,1,1,1,0,0,0,1,1,0,0,1,1
261,-1.23879398585192,0,0,1,1,0,0,1,0,1,1,1,0,1,1,0,1,0,1,1,1,0,1,1,0,1
262,0.624398449359141,0,1,0,0,1,0,0,1,1,1,1,1,1,0,1,1,1,0,1,0,0,1,0,0,1
263,-0.0823410046631912,1,0,0,0,0,1,1,0,1,1,0,0,1,1,1,0,1,1,1,1,0,0,0,1,0
264,-0.547287586626247,0,0,0,0,0,0,1,0,1,0,1,0,1,1,0,0,0,1,1,0,1,0,1,0,0
265,-0.833765306804161,0,0,1,1,0,1,1,0,1,1,1,0,0,0,0,1,0,1,0,0,1,1,0,0,1
266,1.42231791623074,1,1,1,1,0,1,0,1,1,1,0,1,0,1,1,0,1,1,0,1,0,0,1,1,1
267,0.761510098553038,1,1,1,1,1,0,0,1,1,1,1,1,1,1,1,1,0,1,1,0,0,0,0,1,0
268,0.650958449655003,1,1,1,0,0,1,1,1,0,1,0,1,1,0,1,1,1,1,0,0,0,0,1,1,1
269,-1.01650725660165,0,0,0,1,0,0,0,0,0,1,0,0,1,1,0,0,0,0,1,0,0,0,1,0,0
270,-0.962034684739253,0,0,1,1,1,0,1,0,1,1,0,0,0,1,0,1,0,1,0,0,1,1,0,0,1
271,0.85823869347272,1,1,0,1,0,1,1,1,1,1,1,1,0,0,1,1,1,0,0,0,1,1,1,1,0
272,-0.486995039209723,1,0,1,1,0,0,0,0,1,1,1,0,1,0,0,0,1,0,0,0,1,0,1,1,1
273,-0.254348448445975,1,0,1,0,0,0,1,0,0,0,1,0,1,0,1,1,0,1,0,1,0,1,1,0,1
274,1.7761450445935,1,1,0,1,0,1,0,1,1,1,1,1,1,1,1,1,1,1,1,1,1,0,1,1,0
275,0.449684078881953,1,0,1,0,1,1,0,1,0,0,0,1,1,1,1,0,1,1,1,0,0,0,0,1,1
276,1.83856248101429,1,1,0,1,1,1,1,1,1,1,0,1,1,1,1,0,1,1,1,1,1,0,1,1,0
277,-0.48374820335701,0,1,0,1,1,1,0,1,0,0,0,0,1,0,0,1,0,1,0,0,0,1,1,0,1
278,-0.37718674039078,1,0,0,1,1,0,0,0,1,0,1,1,1,0,0,1,0,1,1,0,1,0,1,0,1
279,1.3746770607496,1,1,1,1,1,0,1,1,1,0,1,1,1,1,1,1,1,1,1,1,0,1,1,1,0
280,0.849763501807812,0,1,0,0,0,1,1,1,0,1,1,1,1,1,1,0,1,1,0,0,0,0,1,1,1
281,-2.22174144399164,0,0,0,1,0,1,1,0,0,1,1,0,0,0,0,0,0,1,1,0,0,0,1,0,0
282,1.42918312506625,1,1,0,0,1,1,0,1,1,0,1,1,0,1,1,1,1,1,1,0,1,1,1,1,1
283,0.954060701471144,1,1,1,1,1,0,0,1,0,1,1,1,1,0,1,0,1,1,0,0,1,1,1,1,1
284,-0.217349840225078,0,0,1,1,1,0,1,1,0,1,0,0,0,1,1,0,1,0,0,1,0,1,0,1,0
285,-0.480693156829874,1,0,0,1,0,1,0,0,0,0,1,0,1,0,0,0,1,1,0,0,1,0,1,0,1
286,-0.5233215796676,0,1,1,0,0,0,0,0,1,0,0,0,1,1,1,0,0,0,0,1,0,1,0,0,1
287,-0.721487200582832,0,0,1,1,0,1,0,0,1,0,0,0,0,0,1,1,0,1,0,1,0,1,1,0,1
288,1.94560907408381,1,1,0,1,0,1,1,1,0,0,1,1,0,1,1,1,1,1,0,0,1,0,1,1,1
289,-0.213824465215337,0,0,1,1,1,1,1,1,1,1,0,0,1,1,1,1,1,0,0,1,1,1,1,0,1
290,-0.298912109072951,0,0,1,0,1,0,0,1,0,0,1,0,1,1,1,1,0,1,1,1,1,0,1,0,0
291,0.514307202283026,1,1,1,0,1,0,0,0,1,1,1,1,1,1,0,1,1,0,0,0,0,0,0,1,0
292,-1.15960798994867,0,0,0,1,0,1,0,0,0,0,1,1,1,1,0,1,0,1,1,0,0,1,1,0,1
293,-0.323315715851032,0,0,0,0,1,0,1,0,0,0,0,0,1,0,0,1,0,1,0,1,1,1,0,0,0
294,0.241324260648903,1,1,0,0,1,1,0,1,1,1,0,1,0,1,1,1,0,0,1,0,0,1,0,0,0
295,-0.00911809009284148,1,1,0,0,1,0,0,0,0,1,0,1,0,1,0,1,1,1,1,0,0,1,0,0,1
296,0.381229594865609,1,1,1,0,1,1,0,0,1,1,1,1,0,1,1,1,1,1,1,1,0,1,0,1,1
297,1.44358133646923,1,1,0,1,1,1,1,1,1,1,0,1,1,1,1,1,1,0,0,1,0,1,1,1,1
298,-0.692546871978299,0,0,1,1,0,1,0,0,0,0,0,0,0,0,0,1,0,1,1,1,0,1,1,0,0
299,0.358053902595075,1,1,1,1,0,0,0,1,1,1,0,0,0,1,1,0,1,0,0,1,1,0,1,0,1
300,0.806811080990676,1,0,0,0,0,0,0,1,1,0,1,1,1,0,1,1,1,1,1,0,1,1,0,1,0
301,-1.15315659036997,0,0,1,0,1,0,1,0,1,0,1,0,0,1,0,0,0,0,0,0,0,0,0,0,1
302,0.705565589059224,1,1,0,0,1,1,0,1,0,1,0,0,1,1,1,1,0,1,0,0,1,0,0,0,0
303,0.983677060499794,1,1,1,1,0,0,1,1,0,1,1,1,1,1,1,0,1,0,0,0,1,1,0,1,0
304,-0.978707244958853,0,0,0,1,1,1,0,0,0,1,0,0,0,0,0,0,0,1,1,1,0,0,1,0,1
305,-0.137158774740391,0,0,0,1,1,0,1,0,1,1,0,0,0,1,0,1,0,0,0,0,1,0,0,0,1
306,-0.105964351481071,1,0,0,1,0,1,1,1,1,0,0,0,0,0,0,0,1,0,0,1,0,1,1,0,1
307,-0.13384291174419,0,1,0,1,0,1,0,0,1,1,1,0,1,0,0,0,1,1,0,0,1,0,0,0,0
308,-1.65743623945771,0,0,1,0,0,0,1,0,0,0,0,0,0,0,0,1,0,1,0,1,0,0,0,0,0
309,1.18847797627666,1,1,0,0,1,0,1,1,0,0,1,1,1,1,1,1,1,1,1,1,0,0,0,1,1
310,-0.530963222050672,0,0,1,0,0,1,1,0,1,1,1,0,1,1,1,1,1,0,0,1,0,0,1,0,0
311,-0.643293563445578,0,1,1,0,1,1,1,0,1,0,0,0,0,0,0,0,0,0,0,0,0,0,1,1,0
312,-1.08525075125889,0,0,1,1,0,1,0,0,1,1,0,0,1,0,0,0,0,0,0,0,1,1,1,0,0
313,0.99558674191096,1,1,1,0,1,1,1,1,1,1,1,1,1,0,1,0,1,1,1,1,0,1,0,1,1
314,-1.05597744259743,0,0,1,1,1,0,1,0,0,0,0,0,1,0,0,1,0,0,0,1,1,0,1,0,0
315,1.09787154841066,1,1,1,1,1,1,1,1,1,0,1,1,0,1,1,1,1,1,1,1,1,1,1,1,0
316,0.718236210301579,1,1,1,0,1,1,0,1,0,1,0,1,0,1,1,1,1,1,0,0,0,0,1,0,1
317,0.846935270203888,1,1,0,1,1,0,1,0,1,1,1,1,0,1,0,1,1,1,1,1,1,1,0,1,1
318,0.618339050345652,1,1,1,0,0,1,1,1,1,1,1,0,0,1,1,0,1,0,1,0,0,1,0,1,0
319,-0.143540050103668,1,0,0,0,0,0,1,1,1,1,1,0,0,0,0,0,0,0,1,0,0,1,1,0,0
320,1.05341561242822,0,1,1,0,1,1,1,1,1,1,0,1,1,0,1,0,1,0,1,1,0,0,0,0,1
321,-1.65066330746299,0,0,1,1,1,1,0,0,0,0,0,0,0,1,0,0,0,0,1,1,0,0,0,0,1
322,-1.26487094566917,0,0,1,1,1,1,0,0,1,1,0,0,0,0,1,0,0,0,0,0,0,0,0,0,1
323,0.275805797668851,1,1,0,0,1,1,1,0,1,0,0,1,1,1,1,0,1,1,0,1,0,1,1,1,0
324,-1.11878545307978,0,0,0,0,0,0,0,0,1,1,0,0,0,0,0,1,0,0,0,1,1,1,1,0,0
325,-1.03320073761744,0,0,0,0,1,0,1,0,0,0,1,0,1,0,0,1,0,1,0,0,0,1,0,0,0
326,0.394360652979191,0,1,1,0,1,1,0,1,0,0,0,1,0,0,0,0,1,0,1,0,0,0,0,1,0
327,0.069159561588283,1,0,0,1,1,0,1,1,1,1,0,0,0,1,0,1,0,0,1,1,0,0,0,1,0
328,-0.599054487786709,0,1,0,1,1,1,1,0,0,1,1,0,1,0,1,1,0,1,0,0,0,1,1,0,0
329,0.541826034973344,0,1,1,0,1,0,1,1,0,1,0,1,0,0,0,1,1,0,0,0,0,1,0,1,0
330,-0.164163615935042,0,0,0,0,1,0,1,0,0,0,0,0,0,0,0,1,1,0,1,0,0,0,1,0,0
331,0.38391163933348,1,1,1,1,0,1,0,1,1,1,1,1,1,1,1,1,0,0,1,0,0,0,1,0,0
332,1.34600662700901,1,1,0,1,1,0,1,1,0,1,1,1,1,1,1,0,1,1,1,1,0,0,0,1,0
333,1.11779033004578,1,1,0,1,0,0,1,1,1,0,0,1,1,0,1,0,1,0,0,1,1,1,1,1,0
334,-0.182221309345892,0,0,1,0,0,1,1,0,1,0,1,0,0,1,1,1,0,0,0,1,0,0,1,0,1
335,-1.50351784679384,0,0,0,0,1,0,0,0,0,0,0,0,1,1,0,1,0,0,1,1,0,0,0,0,0
336,-0.29243192215202,1,0,1,1,0,0,0,0,1,0,0,0,1,0,1,0,0,0,1,0,1,0,0,1,0
337,1.48279391312772,1,1,0,0,1,0,1,1,1,1,1,1,1,1,1,1,1,1,1,1,1,1,0,1,0
338,0.0765939664465892,0,0,0,1,1,1,0,1,1,1,0,1,0,0,0,0,1,1,1,1,1,1,0,1,0
339,-0.341963542121974,0,0,0,0,0,0,0,0,0,0,0,0,0,0,0,0,0,1,1,0,1,1,0,1,0
340,0.194962382223395,1,0,0,1,0,1,1,0,0,1,1,1,1,1,0,1,1,0,1,1,0,1,0,1,0
341,1.72592515873644,1,1,1,0,0,0,1,1,1,1,1,1,0,1,1,1,1,1,1,1,1,1,1,1,0
342,1.42879731377136,1,1,1,1,1,0,0,1,0,0,0,1,1,0,1,0,1,1,0,0,0,1,1,1,1
343,1.34630043305497,1,1,1,0,1,0,1,1,1,0,1,1,0,0,1,0,1,0,1,0,1,1,1,1,1
344,-0.940402595358713,0,1,0,0,0,1,0,0,0,1,1,0,1,0,0,1,0,1,1,1,1,0,0,0,1
345,1.35917159572525,1,1,1,1,0,0,1,1,1,1,1,1,1,1,1,1,1,1,1,0,1,0,1,1,0
346,0.429579509296897,1,0,0,1,0,1,1,0,0,1,0,1,1,0,1,1,1,0,0,1,0,0,1,1,0
347,0.908111894526515,1,1,1,1,0,0,1,1,0,0,1,1,0,1,1,1,1,1,1,1,1,1,0,1,1
348,0.565227901453857,1,1,0,1,1,0,1,1,1,0,1,1,1,1,1,1,1,0,0,0,0,1,1,1,0
349,0.86229454746219,1,0,1,0,1,0,1,1,1,0,1,1,1,1,1,0,1,0,1,0,0,1,0,1,0
350,0.549439668056003,1,1,0,0,1,0,0,1,1,1,0,1,0,0,1,0,1,0,1,0,1,1,1,1,1
351,0.788061675358058,1,0,0,1,0,0,1,1,1,1,0,1,0,1,1,1,1,1,1,1,1,0,1,1,1
352,-1.08112249339403,0,0,0,1,1,0,0,0,0,0,0,0,1,0,0,1,0,1,0,0,1,1,0,0,1
353,0.19935538639511,1,0,1,0,1,1,1,1,1,0,0,1,0,0,0,1,0,0,1,1,0,0,0,1,1
354,0.700210820317112,1,1,1,1,1,1,1,1,0,0,0,1,0,0,1,1,1,1,0,1,1,0,0,1,1
355,-0.962220951295665,0,1,0,1,1,1,1,0,1,0,0,1,1,0,0,0,0,1,0,1,0,0,0,1,1
356,0.424338515009625,1,1,0,0,1,0,1,1,0,1,1,1,0,0,1,0,1,0,0,0,0,0,0,1,1
357,0.0871460970898425,0,1,0,0,1,1,1,1,1,0,1,1,1,0,0,0,1,0,1,1,0,0,0,1,1
358,-0.297530442652207,0,0,0,1,1,1,0,1,0,0,0,1,0,0,1,0,1,0,1,1,1,0,0,0,1
359,0.47523331968886,1,1,0,1,1,1,1,0,1,0,0,0,0,0,0,0,1,1,1,1,0,1,0,0,1
360,0.0623820693916072,0,0,0,0,0,0,1,0,0,1,0,1,0,1,1,0,0,0,1,1,1,1,0,1,1
361,-0.407391198318126,0,0,1,1,0,1,0,0,1,1,0,0,1,0,0,1,0,0,1,0,0,0,1,1,1
362,-0.3647163709756,0,1,1,0,0,0,0,0,0,1,1,0,0,1,0,1,0,0,0,0,0,0,1,1,1
363,1.43748095995959,1,1,0,0,1,0,0,1,0,0,0,1,0,0,1,1,1,1,1,0,0,1,0,1,0
364,1.21175385465526,1,1,1,1,1,1,1,1,1,0,1,1,0,1,1,1,1,1,1,0,0,0,1,1,1
365,0.546813317544244,1,1,1,0,0,0,0,1,1,1,0,1,1,0,1,1,1,1,1,0,1,1,1,1,1
366,-0.12220811318778,1,1,1,0,1,0,1,0,1,1,1,1,1,1,0,1,0,0,0,0,0,1,1,0,0
367,1.17216501296863,1,1,0,1,0,1,1,1,0,1,0,1,1,1,1,0,1,0,1,0,1,0,1,1,0
368,0.00915401405791772,0,1,0,1,1,0,0,1,0,1,0,0,0,1,0,1,1,0,0,1,1,0,1,0,0
369,0.617248324081485,1,1,0,0,1,1,1,1,0,0,1,1,0,0,1,1,1,0,0,0,0,1,0,1,1
370,0.164237175063165,1,0,0,1,1,0,0,0,0,1,1,1,1,1,0,0,1,1,1,1,1,1,1,0,1
371,1.43608931213512,1,1,0,1,1,0,0,1,1,0,0,1,1,0,1,0,1,1,1,1,1,1,1,1,0
372,-0.541118672980793,0,0,0,1,0,1,0,0,0,1,1,0,1,1,0,1,1,0,0,1,1,0,1,0,1
373,0.281972042483366,1,0,0,0,1,0,0,0,0,1,0,1,0,0,1,0,1,1,1,0,1,1,0,0,1
374,1.8557754917996,1,1,0,1,1,1,0,1,0,1,1,1,1,0,1,1,1,0,0,1,1,1,0,1,1
375,-0.40442350791162,0,0,0,1,0,0,1,0,1,1,1,1,0,1,0,1,0,0,0,1,0,1,0,1,1
376,1.24548109014196,1,1,1,0,0,0,0,1,1,0,1,1,1,1,1,1,1,1,0,1,1,1,1,1,0
377,0.17615436799941,0,1,0,1,0,1,1,1,1,0,0,1,0,0,1,0,1,1,1,1,0,1,0,0,1
378,-1.43677325650947,0,0,1,1,1,1,0,0,1,0,0,0,0,1,0,1,0,0,0,0,0,0,0,0,1
379,-0.311565031323139,0,1,1,0,1,1,0,0,0,1,1,0,0,0,0,0,0,0,0,1,0,1,1,0,1
380,-1.66657385752858,0,0,0,0,1,0,1,0,0,1,0,0,1,1,0,0,0,1,0,1,1,1,0,0,0
381,2.11328554414742,1,1,1,1,1,1,1,1,0,0,0,1,1,0,1,1,1,1,0,1,0,1,1,1,0
382,-1.4962838547938,0,0,0,0,0,0,0,0,0,0,0,0,0,1,0,0,0,0,0,1,0,1,0,0,1
383,-0.260680751780547,1,0,1,1,0,0,1,0,1,1,1,0,1,1,0,1,0,0,1,0,0,1,0,1,0
384,-1.40572717600635,0,0,0,0,0,0,0,0,0,0,1,0,0,0,0,0,0,0,1,1,1,0,0,0,0
385,-0.924327457365476,0,0,0,0,1,0,0,0,1,1,0,0,0,1,1,0,0,1,0,1,0,1,1,0,0
386,0.138369780137193,0,1,1,0,1,1,1,0,1,0,0,0,1,1,1,1,0,0,1,1,0,1,0,0,0
387,0.809974831954816,1,1,1,1,1,0,1,1,0,1,0,1,1,1,1,0,1,1,0,0,0,1,0,1,1
388,-0.032687890000558,0,1,0,0,0,1,1,1,1,1,1,1,1,1,1,1,1,1,1,1,1,1,0,1,1
389,-1.33411918028277,0,0,1,0,1,1,0,0,0,1,0,0,0,1,0,1,0,1,1,1,0,0,0,0,0
390,-1.76466140952226,0,0,1,0,0,0,0,0,1,1,1,0,1,1,0,0,0,0,1,0,0,1,0,0,1
391,-1.14782859174705,0,0,0,1,0,0,1,0,1,0,1,0,1,0,0,1,0,0,0,0,0,0,1,0,1
392,0.943838753989643,0,1,0,0,1,1,1,1,1,1,1,1,1,1,1,1,1,0,0,1,1,0,1,1,1
393,-0.73933091383813,0,0,1,0,0,1,0,0,1,0,1,0,1,0,0,1,0,0,0,0,1,0,0,0,1
394,1.24335582195058,1,1,1,1,1,1,0,1,0,1,1,1,0,1,1,1,1,1,0,1,1,1,0,1,1
395,-1.39994519310562,0,0,1,0,1,0,0,0,0,1,1,0,0,0,0,0,0,0,0,0,0,1,0,0,1
396,1.02050485136814,1,1,0,0,0,0,0,1,1,0,0,1,0,1,1,1,1,1,0,1,1,1,1,1,0
397,-1.62281790133905,0,0,0,1,0,0,0,0,0,0,0,0,0,1,0,0,0,0,1,1,0,0,1,0,1
398,0.331537092267496,1,1,0,0,0,0,0,1,1,1,1,1,0,1,1,0,1,0,0,0,1,1,1,1,0
399,-1.41206689430515,0,0,0,0,0,0,1,0,1,0,0,0,1,0,0,0,0,0,1,1,1,1,0,0,1
400,-0.465499658698666,0,0,0,0,1,0,0,0,0,1,1,0,0,1,0,0,1,1,0,0,0,1,1,0,0
401,-2.02557462220353,0,0,0,0,0,1,1,0,1,1,0,0,0,0,0,0,0,0,0,1,0,1,1,0,0
402,-0.137569440289977,0,0,0,1,1,0,1,1,0,1,0,0,1,1,0,1,0,1,1,1,1,0,0,1,1
403,-0.097806509679242,1,0,0,0,0,1,1,0,0,0,1,0,0,0,1,1,0,0,1,1,1,0,1,0,1
404,0.901201982302992,1,1,0,0,1,0,1,1,0,0,1,1,1,1,1,0,0,1,0,0,0,1,0,1,0
405,0.4815073833888,1,1,1,0,1,0,0,1,1,1,0,1,1,1,0,0,1,0,0,1,0,1,1,0,1
406,1.53011500685094,1,1,0,0,0,0,1,1,1,1,1,1,0,0,1,0,1,0,0,0,0,0,1,1,1
407,-0.263394779400798,0,0,0,0,1,1,1,0,1,1,1,0,1,0,1,0,1,1,1,1,1,0,1,0,1
408,-0.57065575078558,0,0,1,0,0,1,0,0,1,1,1,0,1,1,0,0,0,0,1,1,0,1,0,0,0
409,-0.496075968175404,0,0,0,1,0,1,0,0,1,0,1,0,0,1,0,1,0,0,0,1,0,0,0,0,0
410,-0.0142818042548838,0,1,0,0,1,1,1,0,0,0,1,0,1,1,1,1,0,1,0,1,1,0,0,1,1
411,1.04820229284447,1,1,0,1,0,1,1,1,1,1,1,1,1,0,1,0,1,1,0,0,0,0,1,1,1
412,-1.49728680179052,0,0,1,0,1,1,1,0,1,0,1,0,1,0,0,1,0,1,0,0,0,1,0,0,0
413,0.150256045567772,1,0,1,1,1,1,1,0,1,0,1,1,0,1,1,1,0,1,0,1,1,0,0,1,0
414,-0.270409809746119,0,1,0,1,0,0,1,0,0,0,0,0,0,0,0,1,1,0,0,1,1,0,1,1,1
415,0.29030372122189,1,0,0,0,1,0,0,1,1,1,1,1,1,1,1,0,1,0,1,1,1,0,1,1,1
416,0.863708135266536,1,1,1,1,0,1,0,1,1,0,0,1,0,0,1,1,1,1,1,1,1,1,1,1,0
417,-0.770031387244296,0,0,1,1,1,0,0,0,0,0,0,0,0,0,0,1,0,0,1,0,1,1,1,0,1
418,-0.289664810351921,0,0,0,0,1,0,1,0,0,0,0,1,1,0,0,1,0,1,1,0,0,0,0,1,1
419,-1.56614926899094,0,0,0,1,1,1,1,0,1,0,0,0,0,1,0,1,0,1,0,1,0,0,1,1,1
420,0.394979055321407,1,0,1,1,1,0,0,1,1,0,1,1,1,0,1,1,1,1,0,0,1,0,0,1,1
421,0.320999862079157,1,1,1,1,1,1,1,1,1,1,0,0,0,1,1,0,1,0,1,1,0,1,1,0,1
422,-0.350174677609478,0,0,1,0,1,0,1,0,0,0,0,0,0,1,0,1,0,0,1,1,1,1,0,0,1
423,0.603173745404483,1,1,0,0,1,1,1,1,0,0,0,1,1,0,1,0,1,1,0,1,1,0,0,1,0
424,-1.10194109862561,0,0,1,0,1,0,0,0,1,0,0,0,0,1,0,0,0,0,0,1,0,0,0,0,0
425,0.0991064046089987,1,1,1,0,0,0,0,0,0,1,0,1,1,1,1,0,1,1,0,0,1,1,0,0,1
426,-0.216752968679031,0,1,0,0,1,0,1,0,0,1,0,0,0,0,1,1,1,0,0,0,1,1,1,1,0
427,0.573956596000207,1,1,1,1,1,0,0,1,1,0,0,1,0,0,1,0,1,1,0,1,1,0,0,1,0
428,-0.424780644514938,0,0,0,0,1,0,0,0,1,1,0,0,0,0,0,1,0,0,1,0,0,0,0,1,1
429,-0.206235618415957,0,0,1,1,1,0,1,0,0,0,0,0,0,1,0,1,0,0,1,0,0,1,0,0,0
430,0.398248811885357,1,1,0,1,1,0,0,1,0,1,1,0,1,1,1,0,1,1,0,1,0,1,0,1,1
431,-1.04804940864267,0,0,1,1,1,1,0,0,0,0,0,0,1,1,0,1,0,1,1,0,1,1,1,0,0
432,0.700709602393386,1,1,1,1,0,0,1,1,1,0,0,0,0,0,0,0,1,1,0,1,0,1,1,1,0
433,0.715292563434922,1,1,0,1,0,1,1,1,1,1,0,1,0,0,1,1,0,0,1,1,1,0,0,1,1
434,-0.659650219349743,1,0,0,0,1,1,0,0,1,0,1,0,0,0,0,0,0,0,1,0,0,0,1,0,1
435,1.12717562938753,1,1,0,0,1,1,1,1,1,1,1,1,0,0,1,1,1,1,1,1,0,1,0,1,1
436,-0.392310688155106,0,0,1,0,1,1,0,0,1,0,1,0,1,0,0,1,1,0,1,0,0,0,0,0,1
437,-0.257971671123261,1,0,0,0,1,0,0,0,1,0,0,1,1,1,1,0,0,0,1,1,1,1,1,0,1
438,0.807765900934246,1,1,1,0,0,0,0,1,1,1,0,1,1,0,1,0,1,1,0,1,1,1,0,1,1
439,-0.2010967188211,0,0,1,1,1,0,0,0,1,0,1,0,0,1,1,1,0,1,0,0,0,0,0,0,1
440,1.14108170054841,1,1,1,1,0,1,1,1,0,1,1,1,0,1,1,1,1,0,1,0,1,1,1,1,1
441,-0.698607319517621,0,0,0,1,1,1,0,0,1,0,0,0,1,1,0,1,0,1,0,0,0,1,1,0,0
442,0.328390445417923,1,1,0,1,1,1,1,0,1,0,0,1,0,1,1,1,1,1,1,0,1,1,1,1,1
443,-0.260471173096479,0,0,1,0,1,0,0,0,1,0,0,0,1,0,0,1,0,0,0,0,1,0,0,1,1
444,1.7583657486576,1,1,0,1,0,0,1,1,0,0,1,1,1,0,1,0,1,1,0,1,1,1,0,1,1
445,0.328840555683095,0,1,0,0,1,1,1,0,0,1,1,1,1,1,1,0,1,1,0,0,1,1,1,1,1
446,-0.0906405255709546,1,0,1,1,1,0,0,0,1,1,1,0,1,1,0,0,1,0,0,1,0,1,0,0,0
447,-1.9043392577194,0,0,0,1,0,1,0,0,0,1,0,0,0,0,0,0,0,1,0,1,0,0,1,0,0
448,-1.00620707782329,0,0,0,1,0,0,0,1,0,0,0,0,0,0,0,1,0,1,1,0,1,1,0,0,0
449,-0.0802057949400763,0,1,0,0,1,1,0,0,1,0,1,0,0,1,0,1,1,0,0,1,0,0,1,1,1
450,0.287096830226322,1,0,1,0,0,1,1,1,1,0,0,0,0,0,1,1,0,0,0,1,1,1,1,0,1
451,-0.0768385439034173,1,0,0,1,0,1,0,1,0,0,1,1,1,1,0,0,0,0,0,0,1,1,1,1,1
452,-2.257686513724,0,0,0,1,1,0,1,0,0,1,0,0,1,1,0,0,0,0,1,0,0,0,0,0,1
453,1.32333434645632,1,1,0,1,1,1,1,1,0,1,0,1,1,1,1,1,1,1,1,0,1,1,1,1,0
454,2.75867283096429,1,1,0,0,0,1,1,1,1,0,0,1,0,1,1,1,1,0,1,1,0,0,1,1,1
455,-1.68523185814579,0,0,0,0,0,0,0,0,0,1,0,0,0,1,0,0,0,0,0,0,0,0,1,1,1
456,-1.14177614787931,0,0,1,1,0,1,0,0,1,0,0,0,0,0,0,0,0,0,0,1,1,0,1,0,1
457,1.02960515357018,1,1,1,1,1,1,1,1,0,0,0,1,0,1,1,1,1,1,0,1,0,1,0,1,0
458,2.26501606067817,1,1,1,0,1,1,1,1,1,1,1,1,0,0,1,0,1,0,1,0,1,0,0,1,1
459,-0.510517635228485,0,0,0,1,0,1,0,0,1,0,0,0,0,0,0,0,1,0,0,1,0,1,0,1,0
460,-0.89740348491896,0,0,1,0,0,1,1,0,0,0,0,0,0,1,0,1,1,0,1,1,0,1,0,0,0
461,-0.0229704701398429,1,1,1,0,1,1,1,0,1,1,1,0,1,0,0,0,1,0,1,1,1,0,0,1,0
462,-0.378361650453045,0,1,0,1,1,1,0,0,0,0,1,0,0,1,0,0,0,1,0,0,1,1,0,0,0
463,0.483658204236651,1,0,1,0,1,1,1,1,1,0,0,1,1,1,1,1,1,1,1,1,1,1,0,1,0
464,-0.0277323335650187,1,1,1,1,0,0,0,0,1,1,1,0,0,0,0,1,1,0,1,1,1,1,0,0,1
465,0.248639964894989,0,1,1,1,1,1,1,1,0,1,0,1,1,1,1,1,1,1,1,0,0,0,0,1,1
466,-1.0616401082627,0,0,0,1,1,0,1,0,0,1,1,1,0,0,0,0,0,1,1,0,1,0,0,0,1
467,-0.73966812421245,0,0,1,0,1,1,0,0,1,0,0,0,0,1,0,0,0,1,0,0,1,0,1,0,0
468,-1.89103804749692,0,0,0,0,1,0,1,0,1,0,0,0,0,0,0,0,0,1,0,1,0,1,1,0,0
469,0.74978238735633,1,1,1,0,1,0,0,1,1,1,1,1,1,1,1,1,1,0,0,1,1,1,1,0,0
470,-0.214199441174966,0,0,0,0,0,1,0,1,0,0,1,0,0,0,1,1,0,0,0,0,0,0,1,0,0
471,-0.721760619219902,0,1,1,0,0,0,1,0,1,1,1,0,1,0,1,0,0,0,0,1,1,0,0,0,0
472,1.93585204465288,1,1,1,1,0,1,0,1,1,1,1,1,0,1,1,0,1,1,0,1,1,1,1,1,0
473,0.709325475496116,1,1,0,1,1,0,0,1,0,1,0,0,1,0,1,1,1,0,0,0,1,0,0,1,1
474,1.43596472052826,1,1,1,1,0,0,1,1,1,1,1,1,1,0,1,1,1,0,1,0,1,1,1,1,1
475,-0.0670543601605386,0,1,0,1,0,0,0,1,0,0,1,1,0,0,0,0,1,1,0,0,1,0,1,0,0
476,0.557508456034079,1,1,1,0,1,1,1,0,1,1,0,1,0,0,1,1,1,1,1,1,1,1,1,1,1
477,-1.61119027165519,0,0,0,0,0,1,0,0,1,1,0,0,0,1,0,0,0,0,1,0,1,1,0,0,0
478,1.32949649865465,1,1,1,1,0,0,1,1,0,1,1,1,1,0,1,1,1,1,0,1,1,1,0,1,1
479,-0.924334323816756,0,0,0,0,0,0,1,0,0,0,1,0,1,0,0,0,0,1,1,0,0,1,0,0,0
480,1.06156763405385,1,1,1,1,0,0,1,1,0,0,0,1,1,0,1,0,1,1,1,0,0,0,1,1,1
481,-0.801653604769175,0,0,1,0,1,0,0,0,1,1,1,0,0,1,0,1,0,1,1,0,0,1,1,0,0
482,0.916048096791455,1,1,0,1,1,0,1,1,1,1,1,1,1,0,0,1,0,1,0,1,0,0,1,1,1
483,-0.89275581760486,1,0,1,0,1,1,1,0,1,1,0,0,1,1,0,0,0,0,0,0,0,0,1,0,0
484,0.682354740963913,1,0,0,0,0,1,1,0,0,0,0,1,0,0,1,1,0,1,1,1,0,0,1,1,1
485,-0.0429289759363436,1,0,0,0,0,1,0,0,0,1,0,0,1,0,1,1,1,0,0,1,1,1,1,0,1
486,1.74495384060891,1,1,1,0,0,0,0,1,1,1,1,1,1,0,1,1,1,1,0,1,1,1,1,1,1
487,-0.953345339643991,0,0,0,0,0,1,1,1,0,0,0,1,0,1,0,1,0,1,1,0,0,0,0,0,0
488,0.659597429853998,1,1,0,0,1,1,1,1,1,0,0,1,1,1,1,1,0,1,0,0,1,1,0,1,1
489,0.904139243565987,1,1,1,0,1,0,0,1,1,1,1,1,1,1,1,0,1,0,1,1,0,1,0,1,0
490,1.69171002998743,1,1,1,0,1,1,1,1,1,1,1,1,0,1,1,1,1,1,0,1,1,1,0,1,0
491,-0.232348323130301,0,1,1,0,0,0,0,0,0,0,1,1,1,1,0,0,0,1,0,0,0,1,0,0,0
492,-2.11716143396784,0,0,0,0,1,0,0,0,1,0,0,0,0,1,0,0,0,1,0,0,1,0,0,0,0
493,0.101186549706326,0,1,0,1,1,1,0,1,0,0,1,1,0,0,1,1,0,1,0,1,0,1,0,1,1
494,-0.322906717709849,0,0,1,1,1,1,1,0,1,0,0,0,1,0,0,1,0,1,1,0,0,0,1,0,1
495,-1.56381605566183,0,0,1,0,0,0,1,0,0,0,0,0,0,0,0,0,0,1,1,0,1,0,1,0,1
496,-0.0614836761965346,0,0,0,0,0,1,1,0,0,0,0,1,1,0,0,1,0,0,0,0,0,0,0,0,0
497,0.155765310715996,0,0,0,1,1,1,1,0,1,0,1,0,0,0,1,1,1,1,0,1,1,0,1,0,0
498,0.870166201670731,1,1,1,0,0,0,1,1,1,1,1,1,0,1,1,0,1,1,0,1,0,1,1,1,0
499,0.275253728264103,1,0,1,0,0,1,0,1,1,1,1,1,1,0,1,1,1,1,1,1,1,1,0,1,0
500,-0.968559530658604,0,0,0,0,1,1,0,0,0,0,1,0,1,0,0,0,0,0,1,1,0,1,0,0,0
501,-0.126790681212382,0,0,1,1,0,0,0,0,0,0,0,1,0,1,0,0,0,0,0,0,1,1,0,0,0
502,0.328385709410487,1,0,1,1,0,1,1,1,0,1,0,1,0,0,1,0,0,1,1,0,1,0,0,0,1
503,-0.254081919305468,0,0,1,1,0,1,1,0,0,0,0,0,0,1,0,0,0,0,0,0,0,1,0,0,0
504,-0.86212546277857,0,0,0,1,0,1,0,0,0,1,0,0,1,0,0,1,0,1,0,1,0,0,0,0,1
505,0.672916415124639,1,1,0,1,1,0,1,1,1,1,1,1,1,1,1,0,1,1,1,0,0,1,0,1,1
506,0.15111751565536,1,1,1,0,1,1,1,1,1,0,1,1,0,1,0,0,1,0,0,0,0,0,1,1,0
507,0.977625346249985,1,0,1,1,1,1,1,1,0,0,0,1,1,1,1,0,1,1,0,1,0,1,1,1,0
508,0.43769599832466,1,1,0,0,1,1,0,1,1,0,1,1,0,1,1,0,0,0,1,1,1,1,0,1,1
509,0.64991769727684,1,1,1,0,0,1,1,1,1,1,0,1,1,1,1,1,1,1,1,1,1,1,1,1,0
510,0.294487845710192,0,1,0,1,0,0,1,0,0,0,0,1,0,1,1,0,0,0,1,0,0,0,1,0,0
511,0.0665714935327836,0,1,0,0,0,1,1,0,1,0,0,0,0,0,0,0,0,1,0,1,1,1,0,0,0
512,0.943076716013306,1,1,0,0,0,1,0,1,1,1,1,1,1,0,1,0,1,1,0,1,0,1,1,1,0
513,1.27522858746745,1,1,1,1,0,0,1,1,0,1,1,1,1,1,1,1,1,0,1,1,0,0,1,1,1
514,1.1724818131256,1,1,1,1,1,1,0,1,1,1,1,1,1,0,1,0,1,1,1,1,1,0,0,1,0
515,-1.05373297808247,0,0,1,0,0,0,0,0,0,0,0,0,0,0,0,1,0,1,0,0,1,0,1,0,1
516,0.0578195073565435,0,1,0,0,0,1,1,1,0,1,0,1,0,1,1,0,0,0,1,1,0,1,1,1,1
517,1.65712805309158,1,1,0,1,0,0,0,1,1,0,1,1,1,0,1,0,1,1,0,0,1,1,0,1,1
518,0.33948895120096,1,0,0,1,0,1,0,1,1,0,1,1,0,0,1,1,1,0,0,1,0,0,1,1,0
519,0.061731244015616,1,0,0,0,0,1,1,0,0,1,0,0,0,1,1,1,1,0,0,1,0,0,1,1,0
520,-0.972243035022301,0,0,0,0,0,1,1,0,1,1,0,0,0,1,0,0,0,0,1,0,0,0,0,0,0
521,-0.0826689013714313,1,0,0,1,1,0,0,1,0,1,0,0,0,1,1,0,0,1,1,1,0,1,0,0,0
522,-0.0484991610220547,0,0,1,1,0,1,1,1,0,1,0,0,0,0,1,1,1,0,0,0,1,0,1,0,0
523,-0.0512349072259378,0,0,0,1,0,0,1,0,1,0,0,1,1,0,1,1,0,1,1,1,1,0,1,0,0
524,-0.232348323130301,1,0,0,1,0,1,1,0,0,1,1,0,1,0,0,1,0,0,1,0,0,0,1,1,1
525,1.5581177154242,1,1,0,1,0,1,1,1,0,1,1,1,0,1,1,0,1,0,1,0,0,1,0,1,0
526,-1.49671823148403,0,0,0,0,1,0,1,0,0,1,0,0,0,0,0,0,0,0,1,1,1,1,1,0,0
527,-0.254075578117235,0,0,1,0,1,1,1,1,0,0,0,0,1,1,1,1,0,0,1,1,1,1,0,1,1
528,0.0736140656045281,0,0,0,1,1,1,1,0,1,1,1,1,0,1,1,0,1,0,0,1,1,1,0,1,0
529,0.69197846565925,1,1,1,0,0,0,0,1,0,1,1,1,1,0,1,1,1,1,1,1,0,0,0,1,0
530,0.0141951416387947,0,1,1,0,1,1,1,1,0,1,0,1,0,1,0,0,0,0,1,1,0,1,1,0,1
531,-1.1912717251743,1,0,0,0,0,1,1,0,1,1,0,0,1,1,0,1,0,1,1,0,0,1,1,0,0
532,-1.17885995863749,0,0,1,0,1,0,1,0,1,0,1,0,1,1,0,0,0,1,1,1,0,0,1,0,1
533,-0.0455525863181211,1,1,0,1,1,0,1,1,1,1,0,0,0,1,1,1,0,1,0,1,0,0,1,1,0
534,-0.21096324652969,0,0,1,1,1,1,1,0,1,1,1,0,0,1,1,0,1,0,1,0,1,1,1,0,1
535,0.705748101850563,1,1,1,1,0,0,0,1,1,0,1,1,0,1,1,1,1,1,1,0,0,1,0,1,1
536,-0.013471896156296,0,1,1,1,0,0,0,1,0,1,0,0,1,0,0,0,1,0,1,0,1,1,0,1,1
537,1.54178670180719,1,1,1,1,0,1,1,1,0,0,1,1,1,1,1,1,1,1,0,1,1,1,1,1,1
538,0.706869978670911,0,1,1,0,1,1,0,1,0,1,0,1,0,0,1,1,1,0,1,0,1,0,0,1,1
539,-0.138589500026709,0,0,0,1,0,0,1,0,1,0,1,0,0,1,0,0,1,0,0,1,1,1,1,0,1
540,1.84164060624821,1,1,0,1,0,0,0,1,1,0,1,1,0,0,1,1,1,0,0,0,1,0,0,1,1
541,-0.124437439409449,1,0,0,0,0,1,1,0,0,0,0,0,0,0,0,1,1,1,0,1,0,0,0,0,0
542,0.38163718417231,1,1,0,0,0,1,1,1,1,1,0,0,1,1,1,1,1,1,1,1,1,0,1,1,0
543,0.0165544326279345,0,1,0,0,0,0,1,0,1,1,0,1,1,0,0,0,0,0,1,1,1,1,0,1,0
544,-1.08112249339403,0,0,0,1,0,0,1,0,0,1,0,0,0,0,0,1,0,0,0,1,1,0,0,0,1
545,1.42871230716387,1,1,0,1,1,0,1,1,1,1,0,1,1,1,1,0,1,1,1,0,0,0,1,1,1
546,0.429461419066174,1,0,0,1,0,1,1,1,0,0,1,1,0,1,1,0,1,0,0,1,0,1,1,0,1
547,-0.389836547583511,1,0,1,0,0,1,1,0,0,1,1,0,1,1,0,1,0,1,0,1,0,0,0,0,0
548,-0.325623889023946,1,0,0,1,1,1,1,0,0,1,0,1,0,0,0,1,0,0,0,1,1,1,0,0,1
549,0.12245819313738,1,1,0,0,1,1,0,1,0,0,1,0,1,1,0,0,1,0,1,1,1,1,1,1,1
550,1.25542872705254,1,1,1,0,1,1,1,1,1,1,0,1,1,1,1,0,1,1,1,0,1,1,0,1,1
551,-1.41157621745208,0,0,1,0,0,1,1,0,0,1,1,0,0,0,0,0,0,0,1,0,1,0,0,0,1
552,0.716175717129918,1,1,1,1,1,1,0,0,0,0,0,1,1,1,1,1,1,0,1,0,1,1,0,1,1
553,0.551912498168742,1,1,0,0,0,0,0,1,1,0,0,1,0,1,0,1,1,1,1,1,0,1,1,1,1
554,0.284541631982442,1,1,0,1,1,0,1,1,1,1,0,1,1,1,1,0,1,0,1,0,1,1,0,0,0
555,-0.624169462420495,0,1,1,0,0,0,0,1,1,1,1,0,1,1,0,1,0,0,1,1,0,1,1,0,1
556,-1.57986449865273,0,0,1,1,0,1,0,0,0,0,1,0,0,1,0,0,0,1,0,0,0,1,1,0,0
557,-0.700292787564727,1,0,0,0,1,1,0,0,1,0,0,0,0,0,0,0,0,1,1,1,1,1,1,0,0
558,-0.666530118575821,0,0,1,1,0,0,0,0,1,0,1,0,0,1,0,0,1,0,1,0,0,0,1,0,1
559,1.93272605874227,1,1,0,1,1,1,0,1,0,1,0,1,1,0,1,1,1,1,0,0,1,1,0,1,1
560,0.216500780014468,1,0,1,0,0,1,1,0,1,1,0,1,0,1,0,1,1,1,1,1,0,1,1,1,0
561,0.301299269965573,1,0,0,1,0,1,1,1,1,1,0,1,1,1,0,1,0,1,0,1,1,1,1,1,0
562,-0.788388089231645,0,0,0,0,1,1,0,0,0,0,0,0,1,0,0,0,0,1,1,1,0,0,1,0,0
563,1.74644878998741,1,1,1,0,0,1,1,1,1,1,1,1,1,1,1,1,1,1,1,0,1,1,0,1,0
564,-0.560265296174637,1,0,0,1,0,0,1,0,0,0,0,0,0,0,0,0,0,0,0,1,1,0,1,0,1
565,-0.71832837609351,0,0,0,0,1,1,0,1,1,0,0,0,1,1,0,0,0,1,0,1,1,0,1,0,0
566,0.665944543777133,1,1,1,1,1,1,1,1,0,1,0,1,1,1,1,0,1,0,0,0,1,1,0,0,1
567,-0.742527685112205,0,0,1,1,0,1,1,0,0,0,0,0,0,0,0,0,0,0,0,0,0,1,0,0,0
568,-0.424154740515181,0,0,0,0,1,1,1,0,0,1,1,0,0,0,0,1,1,0,1,0,0,1,1,0,1
569,0.0220406004489963,0,1,1,0,0,0,0,0,0,0,0,1,1,1,0,0,0,0,0,1,0,1,1,1,1
570,-1.91918101277999,0,0,1,0,1,0,0,0,1,0,0,0,1,0,0,0,0,1,1,1,0,0,1,0,0
571,0.953027121663345,1,1,1,0,0,1,1,1,0,1,1,1,1,0,1,1,1,0,1,1,1,1,1,1,0
572,0.702654445431236,1,1,1,0,1,1,0,1,1,1,1,1,1,0,1,1,1,1,0,0,0,1,1,0,1
573,-0.0207951223284652,1,1,1,1,0,1,1,0,1,1,1,0,0,0,1,1,0,0,1,0,0,0,0,0,1
574,0.873666474694552,1,1,0,1,0,0,1,1,0,0,1,1,0,0,1,1,1,0,1,1,0,0,0,1,1
575,1.47558979664412,1,1,0,1,1,1,1,1,0,1,0,1,1,1,1,1,1,1,1,0,1,1,1,1,0
576,-0.0295081531563183,0,1,1,0,1,1,1,0,1,0,0,0,0,1,1,1,0,0,1,1,1,0,1,0,1
577,1.90480278415515,1,1,0,0,0,1,0,1,0,0,1,1,1,0,1,0,1,0,1,1,1,1,1,1,0
578,0.386706128891234,1,1,0,0,0,0,0,1,1,0,1,1,1,0,1,1,0,0,1,1,1,0,1,1,0
579,-0.184986421248933,0,1,0,0,1,0,0,0,0,0,0,1,1,1,1,1,0,0,0,0,0,1,1,1,0
580,0.583498263787323,1,1,0,0,0,1,1,1,1,1,1,1,1,1,1,1,1,1,1,0,0,1,0,1,0
581,-0.761023220860082,0,0,0,1,0,0,0,0,0,0,0,0,0,0,0,0,0,0,0,1,0,0,0,0,0
582,0.562684263976099,0,1,1,1,1,1,0,1,0,1,1,1,1,1,1,1,1,0,1,1,0,1,0,1,0
583,-1.02087523586774,0,0,0,0,1,0,0,0,0,1,0,0,0,1,0,0,1,0,0,0,0,0,1,0,1
584,0.246049741577254,1,0,0,1,1,0,0,1,1,0,1,1,0,1,1,1,1,0,0,0,0,0,1,1,1
585,1.12726780290532,1,1,0,1,1,1,1,1,0,1,1,1,0,0,1,1,1,1,0,0,1,1,1,1,1
586,0.153563265801334,1,1,1,0,1,1,1,1,0,0,0,0,1,1,1,1,0,1,0,0,1,1,1,1,1
587,0.977361393633555,0,1,0,0,1,0,1,1,1,0,1,1,1,0,1,0,0,1,1,1,1,0,1,1,1
588,-0.676836837267832,0,1,0,1,1,0,1,0,0,1,1,0,0,1,0,1,0,1,0,0,0,0,0,0,0
589,-0.892752231129092,1,0,0,0,1,1,1,1,0,0,0,0,0,0,0,0,0,1,0,0,0,1,0,0,1
590,1.11189877695618,1,1,1,0,1,1,1,1,0,0,1,1,1,1,1,1,1,0,1,0,0,1,0,1,0
591,0.901147133250445,1,1,1,1,0,1,1,1,1,1,0,1,1,0,1,1,1,0,1,1,0,0,0,1,0
592,0.0169836587297628,1,0,1,1,0,1,1,0,1,1,1,0,1,1,1,1,1,0,1,1,0,0,0,1,0
593,-0.119964806362565,1,1,1,1,0,0,0,0,1,1,0,1,0,0,0,0,1,0,1,0,0,1,0,0,0
594,-0.371917440878098,1,0,0,0,1,0,1,0,1,1,0,0,1,0,0,1,0,1,1,1,1,0,0,0,1
595,2.33040773725951,1,1,1,1,1,0,0,1,1,1,1,1,1,0,1,0,1,1,0,0,1,1,0,1,1
596,0.19019738398532,0,1,0,1,1,0,1,1,1,1,1,0,0,0,1,1,1,1,0,1,0,1,0,1,1
597,-0.17773336108058,1,0,0,1,0,1,0,0,0,0,0,1,0,1,0,0,1,1,1,0,1,1,0,0,0
598,-0.535851278963342,0,0,1,0,1,1,0,0,0,0,1,1,1,0,0,0,0,0,0,0,1,0,0,1,1
599,0.900406831127731,0,1,1,0,1,0,1,1,1,1,0,1,0,0,1,0,1,1,0,0,0,1,0,1,1
600,-0.244022557034213,0,0,1,1,1,1,1,0,1,0,1,0,1,0,0,1,0,0,0,0,1,1,0,1,1
601,-0.636818197468118,1,0,1,0,1,1,0,0,0,1,0,1,1,1,0,1,0,0,1,0,1,1,0,0,0
602,-0.72265438443828,0,0,0,1,1,1,1,0,0,0,0,0,0,1,0,1,0,0,0,1,0,0,0,0,1
603,-0.84986471670516,0,0,1,0,1,0,0,0,0,0,0,1,1,1,0,0,0,0,0,0,0,1,1,0,0
604,0.89046601562288,1,1,1,0,1,1,0,1,0,1,1,1,0,0,0,1,1,1,0,0,1,1,1,1,1
605,-0.743443627502604,0,1,1,0,0,0,1,0,0,1,0,1,0,1,0,0,0,1,1,0,1,1,1,0,1
606,1.0065992121861,1,1,0,1,0,1,0,1,1,0,1,1,0,0,1,1,1,0,1,0,1,0,0,1,1
607,-1.20108718390348,0,0,0,0,0,0,0,0,1,1,0,0,1,0,0,1,0,1,1,0,1,1,1,0,0
608,0.606355868412346,1,1,1,1,0,1,0,1,1,1,1,1,1,1,1,0,1,1,0,1,1,1,1,1,0
609,-0.520709205421708,0,0,0,1,0,0,0,0,0,1,0,0,0,1,0,1,0,1,0,1,1,1,1,0,0
610,-0.176645734583877,1,0,0,0,1,1,1,1,1,1,0,1,0,1,0,0,0,0,1,1,0,0,0,1,1
611,-1.34060256851547,0,0,0,1,0,0,0,0,1,0,0,0,0,0,0,0,0,1,0,0,0,0,0,0,0
612,-0.672275725360787,0,0,0,0,1,1,1,0,1,1,1,0,1,1,0,1,0,0,0,0,0,0,1,0,1
613,-0.370286493699019,1,1,1,0,1,0,0,0,0,1,1,1,0,0,0,0,0,0,0,0,1,1,0,0,0
614,-0.180893721133308,1,1,1,1,0,0,0,1,1,0,0,0,0,1,0,1,1,1,0,1,1,1,1,1,0
615,-0.253752628515705,1,0,1,1,1,1,1,0,1,0,0,0,0,1,1,1,0,1,0,1,1,0,1,0,1
616,-0.392575921921491,0,0,1,0,1,0,1,0,1,0,0,0,0,1,1,0,0,1,0,0,0,1,1,1,0
617,1.0038649930314,1,1,1,0,0,0,0,1,0,1,0,1,1,0,1,1,1,1,1,1,1,0,1,1,1
618,-0.357709028887744,0,0,0,1,1,1,0,0,0,1,1,0,1,0,0,0,0,0,1,1,0,1,0,0,0
619,0.140975840802781,1,0,0,0,1,1,1,0,1,0,1,1,0,1,1,0,1,0,0,0,0,1,1,1,0
620,-0.510844459298752,0,0,0,0,1,1,0,0,0,1,1,1,1,1,0,0,0,1,1,0,0,1,0,0,1
621,0.543484024699418,1,1,1,0,1,0,0,1,0,1,1,0,0,1,0,0,1,1,0,0,0,1,1,1,0
622,0.55951282934077,1,1,1,1,0,1,1,1,1,1,0,1,0,0,1,1,1,0,1,1,0,1,1,1,1
623,-0.59939775520816,0,0,0,0,0,0,0,1,1,0,0,0,0,0,0,0,0,0,0,1,1,0,0,0,0
624,-1.02111891211971,1,0,1,0,1,0,1,0,0,0,0,0,0,0,0,0,0,0,0,0,0,1,0,0,1
625,0.92797462556874,1,0,0,0,0,0,0,1,1,0,1,1,1,1,1,1,1,1,0,1,0,1,0,1,1
626,-0.682491221229341,0,0,0,1,0,0,0,0,1,0,1,0,1,0,1,1,0,0,1,0,0,0,1,0,1
627,-0.894225241372088,0,0,0,1,0,0,1,0,0,1,0,0,0,1,0,1,1,0,1,1,0,0,0,0,0
628,0.669862385383712,1,1,1,0,1,1,1,1,0,1,1,1,0,0,1,1,1,0,0,1,0,0,0,1,1
629,-1.85372862270435,0,0,0,0,0,0,0,0,0,0,1,0,0,0,0,1,0,1,0,1,0,0,1,0,0
630,0.0232161722838855,1,1,1,1,1,0,0,1,1,1,1,1,1,0,0,1,1,1,0,0,0,1,1,1,0
631,2.61856794538253,1,1,1,0,1,0,1,1,0,1,0,1,1,1,1,1,1,1,0,0,1,1,1,1,0
632,-0.37994755083124,0,1,0,0,1,1,1,0,1,1,0,0,0,0,1,1,0,1,0,1,1,1,0,0,1
633,-0.577051120884189,0,0,1,0,0,0,0,0,0,0,0,1,0,0,0,1,1,0,1,0,1,0,0,1,1
634,0.510186824820214,1,1,1,0,1,1,0,0,0,1,1,0,0,1,1,1,1,0,1,1,1,1,0,1,1
635,-1.06502970232116,0,0,0,1,0,0,1,0,0,0,1,0,1,0,0,0,0,1,1,0,1,0,1,0,1
636,-1.5646610615307,0,0,1,1,0,0,1,0,0,1,0,0,1,1,0,1,0,1,0,0,0,0,1,0,1
637,-0.392402252153035,0,0,0,1,0,0,0,0,1,1,1,1,1,0,0,0,0,1,0,1,1,0,0,0,1
638,-1.98786348314326,0,0,1,0,0,0,1,0,1,0,0,0,0,0,0,1,0,1,0,1,0,0,0,0,1
639,1.30788360103879,1,1,1,0,0,0,0,1,0,1,1,1,0,0,1,0,1,0,0,0,0,1,0,1,0
640,0.904953780869025,1,0,1,0,1,0,0,1,0,0,0,1,1,1,1,1,1,1,0,1,1,1,1,1,1
641,0.171329333963483,0,1,0,1,0,1,1,1,1,0,0,0,1,1,1,0,0,0,0,0,1,0,1,0,0
642,0.0825441037091163,1,1,1,0,1,1,1,1,0,1,0,0,1,1,1,0,0,1,1,1,1,0,0,0,1
643,-0.511570589262667,0,0,0,1,1,0,1,0,1,0,1,1,0,1,0,1,0,0,1,1,1,1,0,0,0
644,1.58808230954745,1,1,0,0,0,0,1,0,0,1,1,1,0,1,1,0,1,1,1,0,1,1,0,1,1
645,-0.163620730392248,1,1,1,1,0,0,0,1,1,1,0,0,0,0,0,1,1,0,1,1,0,1,1,0,1
646,-0.174607075845292,0,0,0,1,0,0,0,0,0,1,0,0,1,1,1,1,1,0,0,1,1,0,0,1,1
647,1.55646728144003,1,1,0,0,0,1,1,1,1,0,0,1,0,0,1,1,1,1,0,1,1,0,1,1,0
648,-0.932009190989638,0,0,1,1,1,0,1,0,1,1,0,0,0,0,0,1,0,0,1,0,0,1,0,0,0
649,-0.653905051901658,0,0,0,1,0,1,1,0,1,0,0,0,1,1,0,0,0,0,1,1,0,0,0,0,1
650,-0.859212063433235,0,0,0,0,0,0,1,0,1,0,0,0,0,0,0,1,0,0,0,1,0,0,0,0,0
651,-0.14515868651886,0,1,1,0,0,1,0,0,1,0,1,0,0,1,0,1,1,0,0,0,1,1,0,0,1
652,0.387278962904473,1,1,1,0,1,1,0,1,0,0,0,0,0,0,1,1,1,1,1,1,1,1,1,1,0
653,0.784900247748018,1,0,1,0,1,1,1,1,1,0,1,1,1,0,0,1,1,0,0,1,0,0,0,1,0
654,-1.81145620418049,0,0,0,1,0,1,0,0,1,0,0,0,0,0,0,1,0,0,1,1,0,1,0,0,0
655,0.204076295547121,1,1,1,0,0,1,0,0,0,0,0,1,1,0,1,1,1,1,0,1,1,0,1,1,0
656,-0.473005530405561,0,0,0,0,0,0,0,0,1,0,1,0,1,1,0,1,1,0,0,0,1,1,0,0,0
657,-0.284725973876133,0,0,1,1,0,1,1,1,0,1,0,0,1,0,1,0,0,0,1,0,0,0,1,0,0
658,-0.719449122484734,0,0,1,0,1,0,1,0,1,0,0,0,1,0,0,1,0,0,0,1,0,0,0,0,1
659,0.137033363297112,1,0,1,1,0,0,0,1,1,0,0,0,1,1,1,1,1,1,1,0,0,0,0,1,0
660,0.330683929099102,1,0,1,0,0,1,0,1,1,1,1,1,0,1,1,1,0,1,1,0,1,1,1,0,1
661,-1.58222284719844,0,0,0,1,0,0,1,0,1,1,0,0,0,1,0,1,0,1,0,0,1,0,0,0,1
662,-0.556595336471434,0,0,1,0,1,0,0,0,1,0,0,0,0,1,0,0,0,0,0,0,0,1,1,0,1
663,2.19931863360093,1,1,1,0,1,0,1,1,1,1,0,1,0,0,1,1,1,1,1,1,1,0,0,1,0
664,0.931949045380354,1,1,0,1,0,1,1,1,0,0,0,1,0,1,1,0,1,0,0,1,0,0,1,1,0
665,0.549105981138998,0,0,0,0,0,0,0,1,1,0,1,1,0,1,1,1,1,0,1,1,0,1,1,1,1
666,0.968945148511796,1,1,0,0,0,0,0,1,1,0,0,1,1,1,1,0,1,1,1,1,1,1,1,0,0
667,-1.83893169505462,0,0,1,0,1,0,1,0,1,0,1,0,0,0,0,0,0,1,1,0,0,1,0,0,0
668,0.0686487158622649,1,0,0,1,1,0,0,0,1,0,1,1,0,0,1,0,0,0,0,0,0,0,1,1,1
669,-2.68087814384296,0,0,0,0,0,1,0,0,0,0,0,0,1,0,0,0,0,1,1,0,0,0,1,0,0
670,0.0612393027967878,1,1,0,0,0,1,0,0,0,1,1,1,1,1,0,1,0,0,1,1,0,0,0,0,0
671,1.14712008685014,1,1,0,1,0,0,0,1,1,1,0,1,0,0,1,1,1,0,0,1,0,1,1,1,1
672,0.502108319435817,1,0,1,0,1,1,0,1,1,1,1,0,1,0,0,1,0,0,0,0,1,0,0,1,0
673,-0.821131569258323,0,0,0,0,0,1,0,0,0,1,0,0,1,1,0,1,1,0,0,0,1,1,0,0,0
674,0.54700581704391,1,1,0,1,1,1,1,1,0,1,1,1,1,1,1,0,1,0,1,1,1,0,1,1,0
675,1.76006947177433,1,1,1,1,1,0,1,1,0,0,0,1,1,1,1,1,1,1,1,1,1,1,0,1,0
676,0.990351511280762,1,1,0,1,1,0,1,1,1,1,0,0,0,0,1,1,1,1,0,1,1,0,1,1,1
677,-0.339525476451223,0,0,1,1,0,1,0,0,1,1,0,0,1,0,1,1,1,1,0,0,0,1,0,0,0
678,0.956937181816342,1,1,0,0,0,1,0,1,0,0,0,1,0,0,1,1,1,1,1,0,0,1,1,1,1
679,-0.183241588188938,1,0,0,0,0,0,0,0,0,0,1,1,0,0,0,1,0,0,0,0,0,1,1,0,1
680,1.71635523766853,1,1,0,1,1,1,1,1,1,1,0,1,1,1,1,1,1,1,1,1,1,0,0,1,0
681,0.877062573900686,1,1,1,1,1,1,0,1,0,0,0,1,1,1,1,0,0,1,1,0,0,1,1,1,0
682,0.650916843813969,1,1,0,0,0,0,1,1,0,1,0,1,1,0,1,0,1,0,1,0,1,1,1,1,1
683,-0.409890080585008,0,1,0,0,0,0,1,0,1,0,0,0,1,0,0,1,0,1,0,1,1,0,1,1,1
684,-3.19564090088231,0,0,1,0,1,0,0,0,1,0,0,0,1,0,0,0,0,0,0,0,0,0,1,0,1
685,-1.44227925445071,0,0,0,0,1,1,1,0,0,0,1,0,0,0,0,0,0,1,0,0,0,0,0,0,1
686,-0.0697342738159961,0,1,1,1,1,1,0,1,1,0,1,1,1,0,1,0,0,0,0,0,0,1,1,1,1
687,-0.116182103452502,0,0,1,0,1,1,1,0,0,0,1,1,1,0,0,0,1,0,0,0,1,0,0,0,1
688,-0.757221459775539,0,0,1,0,1,1,1,0,1,0,1,0,0,0,0,1,0,1,0,0,0,1,0,0,0
689,-0.979130213925431,0,0,1,0,0,0,0,0,1,0,0,0,0,0,0,1,0,0,0,1,1,1,0,0,0
690,0.695129296099145,1,1,0,0,0,0,0,1,1,1,1,0,0,0,1,1,1,1,0,1,0,1,0,1,1
691,1.48293087381637,1,1,0,0,1,0,1,1,1,0,0,1,1,0,1,1,1,1,1,1,0,1,1,1,1
692,0.839371562908054,1,1,1,0,0,1,0,1,1,0,1,1,0,1,1,0,1,1,1,1,1,1,1,1,1
693,0.505089639823047,0,1,0,0,0,1,1,1,0,0,1,1,0,0,1,1,1,1,0,1,0,1,1,1,1
694,0.00969445458541122,1,0,0,0,0,0,0,0,0,1,1,0,1,0,0,1,1,0,1,1,1,0,1,1,0
695,0.195366304006641,1,0,1,1,0,0,0,0,1,0,1,0,0,1,0,1,0,0,1,0,1,0,1,1,1
696,0.394397744031025,1,1,1,0,1,1,1,0,1,1,0,1,1,0,1,1,0,0,0,0,1,1,0,1,0
697,0.166127310825366,1,1,0,1,0,1,0,1,1,1,1,1,1,0,1,1,0,0,0,1,0,1,1,0,1
698,0.362087900394278,1,1,0,1,1,0,1,1,1,0,0,1,1,0,1,0,1,0,1,1,1,1,1,1,1
699,0.699473932368571,1,1,0,0,1,0,0,1,1,1,1,0,0,1,0,0,1,1,0,1,0,0,1,0,1
700,1.76562727012834,1,1,1,0,1,0,1,1,1,1,0,1,0,0,1,1,1,1,1,0,0,1,1,1,0
701,0.435473855585094,0,1,0,0,0,0,1,0,0,0,1,0,0,1,1,0,1,0,0,1,1,0,1,1,1
702,-0.718757300705594,0,0,1,0,1,0,0,0,1,0,0,0,1,1,0,0,0,1,0,1,0,0,1,0,0
703,1.27894386369304,1,1,0,0,1,0,1,1,0,1,1,1,1,0,1,1,1,1,0,0,1,0,1,1,1
704,-0.646806622410542,0,1,1,1,0,1,1,0,0,1,0,0,0,1,1,1,0,1,0,0,1,0,0,0,1
705,-1.66611373377598,0,0,0,0,1,0,1,0,0,0,0,0,0,0,0,0,0,1,1,0,1,1,0,0,0
706,0.0969454921280777,1,1,1,1,1,0,0,1,0,1,0,1,1,1,1,1,0,0,1,1,1,0,1,1,1
707,0.469940022023415,1,1,0,1,1,1,0,1,1,0,1,1,1,0,1,1,1,1,0,1,0,0,1,1,1
708,0.788439836129933,1,1,0,1,0,1,1,1,1,0,0,0,1,1,1,0,1,1,0,1,0,1,0,1,0
709,1.51401236935229,1,1,0,1,1,1,0,1,1,0,1,1,0,0,1,1,1,0,1,1,1,1,1,1,1
710,0.835899945622731,1,1,1,0,0,0,1,1,1,1,0,1,0,0,1,0,1,0,1,0,0,0,0,1,1
711,-1.91419591835536,0,0,0,1,0,0,0,0,0,0,1,0,0,0,0,0,0,1,1,0,0,0,0,0,1
712,0.766831197095564,1,1,1,1,1,0,0,1,0,1,1,1,0,0,1,1,1,0,0,0,0,1,0,1,1
713,0.0485879926842613,1,0,1,1,0,0,1,1,0,1,1,1,1,1,0,1,1,1,1,1,1,1,0,0,1
714,1.80079298621033,1,1,1,1,0,1,0,1,0,1,1,1,1,0,1,0,1,1,0,1,1,0,1,1,1
715,-0.795562485157438,0,0,1,1,0,0,0,0,0,1,0,0,0,1,0,0,0,1,0,1,0,1,1,0,1
716,-0.643782926146343,0,0,0,0,0,0,0,1,1,0,0,0,0,1,0,1,0,0,0,0,1,0,0,0,1
717,0.693015550626876,1,1,1,0,0,1,1,1,0,1,1,1,0,1,1,1,1,1,1,0,0,1,1,1,1
718,0.0166724280979129,0,1,0,1,1,1,0,1,1,1,0,0,0,0,1,1,0,1,0,0,1,1,1,1,0
719,-0.184985771227532,0,1,0,1,0,1,1,0,0,1,0,0,1,1,1,1,0,0,0,0,1,0,1,0,0
720,-0.150905178123389,0,0,1,0,1,1,1,0,0,1,1,0,0,1,1,0,0,0,0,0,1,0,1,1,0
721,-0.0807136638916784,0,0,1,1,1,0,1,1,1,0,1,0,0,0,0,1,0,1,0,0,0,1,0,1,0
722,1.05646430884598,1,1,1,1,1,0,1,1,0,0,0,1,1,0,1,1,1,1,0,1,0,0,0,1,1
723,0.298988006435694,1,1,0,1,1,1,1,1,0,1,1,1,0,1,0,0,1,0,0,1,1,0,0,1,1
724,1.99436774308606,1,1,1,1,1,1,0,1,1,1,0,1,1,0,1,1,1,0,0,1,1,0,1,1,0
725,0.576710615720392,1,1,1,0,1,0,0,0,0,1,0,1,0,1,1,0,0,0,1,0,1,1,0,0,0
726,-1.59823445620663,0,0,0,0,0,1,0,0,0,0,1,0,0,1,0,0,0,0,1,0,1,0,1,0,0
727,-0.668743103905945,1,1,0,1,1,0,0,0,1,0,1,0,0,0,0,1,0,1,0,0,0,0,1,0,0
728,0.519878122944541,0,1,1,1,1,0,1,1,0,0,1,1,0,1,1,0,1,0,0,1,0,1,1,1,1
729,-1.02443916257335,0,0,1,1,1,0,0,0,0,1,0,0,0,0,0,0,0,0,1,0,1,0,0,0,1
730,-0.116270157054738,0,1,1,0,1,0,0,1,1,1,0,1,0,0,1,1,1,0,0,0,1,1,0,0,1
731,1.60209111733144,1,1,1,0,0,0,0,1,1,0,1,1,1,1,1,0,1,1,1,1,1,0,1,1,1
732,-1.5289402612823,0,0,0,1,0,0,1,0,0,0,0,0,0,1,0,0,0,0,1,1,0,1,1,0,1
733,-0.546536436681313,0,0,0,0,0,0,1,0,1,0,0,0,0,0,0,0,1,0,1,1,0,1,0,0,0
734,0.730062564574675,1,1,1,0,0,1,1,1,0,1,1,1,0,1,1,1,1,1,1,0,1,0,1,1,1
735,-0.657504424348334,1,0,0,0,0,0,1,0,1,1,1,0,1,1,0,1,0,1,0,0,0,0,0,0,1
736,0.22066009628661,0,1,1,1,0,0,1,0,0,0,1,0,0,1,1,1,0,1,1,0,1,0,0,1,1
737,-1.21065305960322,0,0,0,0,1,0,1,0,0,1,1,0,1,1,0,1,0,1,0,0,0,1,1,0,1
738,-0.300746737270205,0,0,1,0,0,0,1,0,1,1,0,0,1,1,0,1,1,0,0,1,0,0,1,1,1
739,0.796235879222375,1,1,1,0,0,0,1,1,0,0,1,1,0,0,1,1,1,1,0,1,0,0,1,1,1
740,0.352516298358145,1,1,0,0,0,1,0,0,0,0,1,1,0,0,0,1,1,0,1,1,1,1,1,1,0
741,0.0799854129807475,1,0,0,1,1,0,1,0,0,0,1,0,0,1,1,0,1,1,0,1,0,1,0,1,0
742,-0.0617682089873174,0,1,1,0,1,0,1,1,0,0,0,0,1,1,1,1,0,0,0,0,1,0,1,0,0
743,-0.21801321276939,0,0,0,0,1,1,0,0,0,0,0,0,1,0,0,0,0,0,1,1,1,1,1,0,0
744,-1.6208632758379,0,0,1,0,1,1,0,0,0,0,0,0,1,0,0,0,0,0,0,1,1,1,0,0,0
745,0.00944424970897182,1,0,0,1,0,1,1,0,0,0,1,1,1,0,1,1,1,1,0,1,1,1,0,0,1
746,1.90031367830399,1,1,1,0,1,1,0,1,1,0,1,1,0,1,1,1,1,1,1,0,1,1,0,1,1
747,-0.555065660993982,0,0,0,1,0,1,0,0,0,0,1,0,1,1,1,0,0,0,1,0,1,0,1,0,0
748,2.39700025859317,1,1,1,0,0,1,0,1,1,1,1,1,1,0,1,1,1,1,1,0,0,1,0,1,1
749,0.204221615951678,1,0,1,1,1,1,1,0,1,1,0,1,0,1,1,1,0,0,1,0,0,0,1,0,1
750,0.463626676944748,1,0,1,0,0,0,1,0,1,0,1,1,1,0,1,1,1,0,0,1,1,0,0,1,1
751,-0.147563486761832,1,1,1,1,1,1,1,0,0,0,1,0,1,0,1,1,1,0,1,0,1,0,1,1,1
752,0.0808139044230343,0,1,1,0,0,1,0,0,0,1,0,1,0,1,0,1,1,0,1,1,0,0,0,1,1
753,1.04464913157252,1,1,0,1,1,0,1,1,1,1,1,0,1,1,1,1,1,1,0,0,0,1,1,1,1
754,-0.663671234609678,0,0,1,0,1,0,0,1,0,0,1,0,0,1,0,1,0,0,1,1,1,0,1,0,1
755,0.04383650751679,1,1,0,1,1,0,0,1,1,0,1,1,0,1,0,1,1,0,1,1,0,1,0,1,0
756,1.19111270002921,1,1,1,1,1,1,1,1,1,0,0,1,0,1,1,1,1,1,0,0,0,1,1,1,1
757,0.795846288652903,1,1,1,0,0,1,1,1,1,0,0,1,0,0,1,0,1,1,1,1,1,0,1,0,1
758,0.763970405509167,1,1,0,1,0,1,1,1,1,0,1,1,0,1,1,1,1,1,1,0,1,0,0,1,1
759,-1.47330343603215,0,0,0,1,1,1,0,0,0,0,0,0,0,1,0,0,0,0,0,1,0,0,0,0,0
760,-0.339918565016582,1,1,0,1,0,1,0,1,0,1,1,0,0,0,0,0,0,0,1,0,0,1,0,0,0
761,-0.0276831453912859,1,1,1,0,1,0,0,0,1,0,1,1,1,1,0,0,0,0,0,0,1,1,1,0,1
762,1.28537058604834,1,1,0,1,1,1,0,1,0,0,1,0,1,1,1,0,1,0,1,0,1,1,0,1,1
763,-0.618217514226396,0,0,0,1,1,0,0,0,1,1,0,0,0,1,0,0,0,0,0,1,0,1,1,0,0
764,-0.949032053619812,0,0,0,0,0,1,0,0,1,1,0,0,0,0,0,1,0,0,1,1,1,1,1,0,1
765,-1.40455852572756,0,0,1,0,0,0,1,0,1,0,0,0,1,1,0,0,0,1,0,1,0,0,1,0,1
766,-0.434669005222632,0,0,0,1,0,1,1,0,0,1,1,0,0,1,1,1,0,0,1,0,0,0,1,0,0
767,0.257199657055738,0,1,1,0,1,0,1,1,0,0,0,0,0,1,1,1,1,0,1,0,1,1,0,1,0
768,-0.122002293481906,1,0,1,0,1,0,1,0,1,0,1,0,0,1,1,0,0,1,1,0,1,0,0,0,1
769,-0.827296335902095,0,0,1,0,0,0,0,0,0,0,0,0,0,1,0,0,0,1,0,0,0,0,1,1,1
770,1.61306673232506,1,1,1,1,1,0,0,1,1,1,0,1,0,1,1,0,1,1,1,1,0,0,0,1,1
771,-1.45837755436255,0,0,0,1,1,0,0,0,0,0,0,0,0,0,0,1,0,0,0,1,1,0,1,0,0
772,0.432568090950599,1,1,1,1,1,1,1,1,0,1,1,1,1,1,1,1,1,1,1,0,1,0,0,1,1
773,-0.620379993434663,0,0,1,0,1,0,0,0,0,1,1,0,1,1,0,0,0,0,0,0,1,0,0,0,1
774,-0.672812939674653,0,0,0,0,1,0,1,0,1,1,0,0,1,1,0,1,0,0,1,0,1,1,0,0,0
775,-0.820378037221931,0,0,0,1,1,0,1,0,0,0,1,1,1,1,0,1,0,1,1,0,1,0,0,0,0
776,-0.782089731667563,0,0,0,1,0,1,1,0,0,1,1,0,0,0,0,0,0,1,1,1,1,1,0,0,1
777,-0.547337421556045,1,0,0,1,0,1,1,0,1,0,1,1,1,1,1,0,0,0,1,0,0,0,1,0,1
778,0.358482616019381,1,1,1,1,1,0,0,1,1,1,1,1,1,0,1,1,1,1,0,1,0,0,1,1,1
779,-0.442715897977984,0,1,0,0,0,0,1,0,1,0,1,0,1,0,0,0,0,1,0,0,1,1,1,0,1
780,-1.96501164333398,0,0,1,0,1,1,0,0,1,0,1,0,1,0,0,0,0,1,0,0,0,1,0,0,0
781,-0.806925227934066,0,0,0,0,1,1,1,0,1,0,1,0,1,0,0,1,0,1,1,0,1,0,0,0,1
782,0.347405500265957,1,1,0,1,1,0,0,0,1,1,0,1,1,0,0,1,1,1,1,0,0,1,0,1,0
783,-1.91625888339497,0,0,0,1,1,1,1,0,0,0,1,0,1,0,0,0,0,0,0,1,0,0,0,0,0
784,0.257893850334343,1,1,0,1,1,0,1,1,0,0,1,1,1,1,1,0,0,1,0,0,0,1,1,0,1
785,0.380213365132839,0,1,1,1,0,1,1,1,1,1,1,0,1,1,1,0,0,0,1,0,0,1,0,0,0
786,1.01227651842195,1,1,0,1,1,0,1,1,0,1,1,1,0,0,1,1,1,0,1,1,1,1,1,1,0
787,0.0202832282029225,0,1,1,1,1,0,0,1,1,1,0,0,0,0,0,0,0,1,1,0,0,0,0,0,0
788,-0.999013699856011,0,0,0,1,0,1,1,0,0,1,0,0,1,0,0,0,1,1,0,0,1,0,1,0,0
789,-0.440798034221345,0,0,1,1,1,0,1,0,1,0,1,0,0,1,0,0,1,1,0,0,0,1,0,0,1
790,0.799576269334701,0,1,1,0,0,1,1,0,1,0,1,1,1,1,1,0,1,1,1,0,1,1,1,1,1
791,-0.232318710420568,0,0,0,1,1,0,0,1,0,0,0,0,0,0,0,0,0,0,1,1,0,1,0,0,0
792,0.297785988801177,1,1,1,1,1,1,1,1,0,0,0,1,1,0,1,1,0,0,0,1,1,0,0,1,0
793,0.949380353204726,1,1,1,0,0,0,0,1,1,1,0,1,0,0,1,1,1,1,1,1,1,0,1,1,0
794,-1.45567091244553,0,0,0,0,1,0,0,0,0,0,0,0,1,1,0,1,0,0,0,1,0,0,0,0,0
795,-0.698077697972942,0,0,0,1,0,1,1,0,0,1,0,0,1,1,0,1,0,0,1,1,1,1,0,0,0
796,-0.265935801829436,0,1,1,0,1,1,1,1,0,0,1,0,1,1,0,1,0,0,1,1,1,1,1,0,1
797,0.320269836441494,0,1,0,1,1,0,0,1,0,1,1,0,1,1,0,1,1,1,1,0,1,0,1,1,0
798,-0.709162004987266,0,0,0,1,1,1,0,0,0,0,0,0,1,0,0,0,0,1,0,1,1,0,0,0,1
799,-2.04639660248037,0,0,1,1,1,1,1,0,0,0,0,0,0,0,0,0,0,1,0,0,1,1,0,0,1
800,-0.289322544846179,1,1,0,0,0,1,0,1,1,0,0,0,0,0,0,0,0,1,1,1,1,1,0,0,1
801,2.42637294990215,1,1,1,1,1,1,1,1,1,1,1,1,1,0,1,0,1,0,1,0,0,1,1,1,1
802,-1.33463110219041,0,0,1,1,0,1,1,1,0,0,0,0,1,1,0,1,0,1,0,1,0,0,1,0,0
803,1.76234650967727,1,1,1,0,1,0,1,1,1,0,0,1,1,0,1,0,1,0,1,0,1,1,0,1,0
804,-0.340483206510811,0,0,1,1,1,0,1,1,0,0,1,0,0,0,0,1,0,0,1,0,1,0,0,0,0
805,0.258607632674168,1,1,1,1,1,1,1,1,0,0,1,0,1,0,1,1,1,1,0,1,0,1,0,1,0
806,-1.12277843441901,0,0,1,1,0,1,0,0,1,1,1,0,0,0,0,1,0,1,1,0,0,1,0,0,1
807,-1.07459889380694,0,0,1,0,1,0,1,0,0,1,0,1,0,1,0,0,0,0,0,1,0,1,0,0,0
808,-0.522853232118347,0,0,0,0,1,1,1,1,1,0,1,0,0,1,1,0,0,1,1,0,0,1,0,0,0
809,0.147823568083404,1,1,1,0,1,0,0,1,0,0,1,1,1,1,0,1,1,0,0,1,0,0,1,0,1
810,0.0405621829061751,0,0,0,0,0,1,1,0,0,1,1,0,1,0,1,1,1,1,1,1,0,0,1,1,1
811,0.147974988545424,1,1,0,0,0,1,1,1,0,1,0,1,0,0,0,1,1,0,1,1,1,1,1,0,1
812,1.90478799221114,1,1,0,1,1,1,1,1,1,1,1,1,1,1,1,0,1,0,1,0,1,0,1,1,1
813,0.316133046163413,0,1,1,1,0,1,0,1,0,1,0,1,0,0,0,0,1,1,0,0,1,1,0,0,0
814,1.06062809441904,1,1,1,1,1,1,0,1,0,1,0,1,0,0,1,1,1,1,1,1,0,1,1,1,0
815,0.124255087087092,1,0,1,1,0,1,1,1,1,1,1,1,1,1,1,0,1,0,0,0,1,1,1,1,1
816,-0.142962835594778,0,1,1,1,0,1,1,1,0,0,1,0,1,0,0,1,1,1,1,0,0,0,0,0,0
817,1.81609634851369,1,1,0,1,0,1,1,1,0,1,1,1,0,1,1,1,1,0,1,0,1,0,1,1,1
818,-1.07394100596551,0,0,0,0,0,0,0,0,1,0,0,0,0,0,0,1,0,0,1,1,1,1,0,0,0
819,0.587426887033864,1,1,0,0,1,1,0,1,1,1,1,1,1,1,1,0,1,1,1,0,1,0,1,1,0
820,0.182442690900981,0,0,1,0,1,0,0,1,0,1,0,1,0,0,1,0,0,0,1,1,1,0,0,1,0
821,-0.73687703114897,0,0,0,0,1,1,1,1,1,1,1,0,1,1,1,1,0,0,0,0,0,0,0,1,0
822,1.03053839908887,1,1,1,1,0,0,0,1,1,1,1,1,0,0,1,0,1,1,1,0,0,1,0,1,0
823,1.0691575729101,1,1,0,1,0,0,1,0,1,1,1,1,0,0,1,0,1,0,1,0,1,1,1,1,1
824,0.634976507593639,1,1,1,1,0,0,0,1,1,1,1,1,0,1,1,1,1,1,1,0,0,1,0,1,1
825,0.0765966476948223,0,1,0,1,1,1,1,1,0,0,0,1,1,0,0,1,1,0,1,0,1,1,1,0,1
826,0.75044407801244,1,1,1,0,1,1,1,0,0,1,0,1,0,1,1,1,1,0,0,1,1,0,1,1,1
827,-1.14156639190159,0,0,0,0,0,0,1,0,0,0,0,0,1,0,0,0,0,0,0,1,0,1,0,0,1
828,-0.466428341850227,0,0,0,1,1,0,1,0,0,1,1,0,1,0,0,1,0,1,1,1,0,1,1,0,1
829,0.339484209450883,1,0,1,0,1,0,0,1,1,1,0,1,0,1,1,0,1,0,0,1,1,0,1,0,0
830,0.833608916800648,1,0,0,1,1,0,1,1,0,1,0,1,1,1,1,0,1,0,1,1,1,1,1,1,1
831,-1.8862810082846,0,0,0,0,0,1,0,0,1,0,0,0,0,1,0,0,0,0,1,0,0,1,1,0,0
832,-0.0433795306117623,0,1,1,1,1,0,0,0,1,1,0,1,0,0,0,1,1,0,0,1,0,1,0,1,1
833,0.0853860074671415,1,1,0,1,1,1,0,0,1,1,0,0,0,1,0,0,1,1,0,1,1,0,1,1,1
834,1.04314921000636,1,1,1,0,0,0,1,1,1,0,1,1,1,0,1,1,1,0,0,0,1,1,1,1,0
835,-2.4733623425755,0,0,0,1,1,1,0,0,0,1,0,0,1,0,0,0,0,1,1,1,1,0,0,0,1
836,-0.973123588217652,0,0,0,1,0,0,1,0,0,0,0,0,0,0,1,1,0,0,0,1,0,1,1,0,0
837,0.194954755255782,1,0,0,0,1,1,1,1,0,1,1,1,0,0,1,1,0,1,0,1,1,1,0,1,0
838,-0.364718265032159,0,0,1,0,1,0,0,0,0,1,1,0,1,1,1,0,0,0,0,1,0,1,0,0,0
839,-0.507596683518533,0,0,1,1,1,0,0,0,1,1,1,0,0,0,0,1,0,1,0,0,0,1,1,0,0
840,-0.0135870484750728,1,0,1,0,0,0,1,1,0,0,0,1,1,1,1,0,0,1,1,1,1,1,1,1,0
841,-0.850637736975854,0,0,0,0,0,0,0,0,0,1,0,0,1,0,0,0,0,0,1,1,0,1,0,0,0
842,0.449817052414079,0,0,0,1,0,0,0,1,1,1,1,1,0,0,1,0,0,0,0,0,1,0,1,0,0
843,-1.19160340866462,0,0,1,0,1,0,1,0,1,1,0,0,1,1,0,0,0,1,0,0,1,1,1,0,1
844,-1.55552928282189,0,0,1,0,1,1,0,0,1,0,1,0,0,0,0,0,0,0,1,0,1,0,1,0,0
845,-1.62837977112434,0,0,0,1,0,1,0,0,0,0,1,0,1,0,0,1,0,1,1,0,0,0,0,0,1
846,0.419675111882052,0,0,0,0,0,1,0,1,0,1,1,1,1,0,1,1,1,0,0,1,0,1,0,1,1
847,-0.646650877009147,0,0,0,0,0,1,0,1,0,0,1,0,1,1,0,1,0,0,1,1,0,0,1,0,1
848,0.328883838803222,0,1,0,0,1,0,1,1,0,0,0,1,1,1,1,0,1,1,0,1,0,1,1,1,1
849,-0.650205228643716,0,1,0,0,0,0,1,0,1,1,1,0,0,0,0,0,0,1,0,1,1,1,1,0,0
850,-0.608399796836707,0,1,1,0,0,0,0,0,1,0,1,1,0,1,0,0,0,0,0,0,1,1,0,0,1
851,1.38668173919965,1,1,1,0,1,1,0,1,1,0,0,0,0,1,1,0,1,0,1,1,1,0,0,1,1
852,-1.62822744057599,0,0,0,1,0,1,0,0,0,0,0,0,0,0,0,0,0,0,1,0,0,1,0,0,1
853,-0.889494846897855,0,0,1,0,0,0,1,0,0,1,1,0,1,1,0,1,0,0,1,1,0,1,1,0,0
854,1.2498519019889,1,1,0,1,1,1,0,1,1,0,1,1,1,1,1,0,1,1,0,1,0,0,1,1,1
855,0.595402425231892,1,1,1,1,0,0,0,1,1,1,0,1,0,0,1,1,1,1,0,1,0,0,1,1,1
856,-0.246678538574404,1,0,0,0,1,0,0,0,0,0,1,0,0,0,0,0,1,1,1,1,1,1,0,1,1
857,2.61732029378654,1,1,1,1,1,1,1,1,1,0,1,1,0,1,1,1,1,1,1,0,0,1,1,1,0
858,0.866289240038958,1,1,0,0,1,0,0,1,0,0,1,1,0,1,0,1,1,0,0,0,1,0,1,1,1
859,1.033954307196,1,0,0,1,1,1,1,1,1,1,1,1,0,1,1,1,1,0,0,0,1,1,0,1,1
860,-1.38563663203007,0,0,1,1,0,0,1,0,0,1,1,0,0,0,0,1,0,0,1,1,0,1,0,0,0
861,-0.890310390610418,0,0,0,0,1,0,0,0,1,1,0,0,0,1,0,1,0,0,0,0,0,0,0,0,0
862,-0.217196509195139,0,0,0,0,1,1,0,0,0,1,1,0,1,1,1,1,0,1,1,1,0,0,0,0,1
863,0.85994822573401,1,1,1,1,1,0,0,1,1,1,1,1,1,0,1,1,1,1,0,1,0,0,1,1,1
864,0.452071398745692,1,1,0,1,1,1,0,1,0,0,1,1,1,1,1,0,1,1,1,0,0,0,0,0,1
865,2.26498512662673,1,1,1,0,1,1,0,1,0,0,0,1,0,0,1,0,1,1,1,0,0,1,1,1,0
866,0.00167602542367914,0,1,1,0,1,0,1,0,0,1,0,1,1,0,1,0,0,0,0,1,0,1,1,0,0
867,1.57960511276678,1,1,1,0,1,0,1,1,1,1,0,1,0,1,1,1,1,1,0,0,1,1,1,1,1
868,1.50391835134446,1,1,1,1,1,1,0,1,1,1,1,1,0,0,1,1,1,1,1,0,1,0,1,1,0
869,-0.124849518873099,1,0,0,0,0,0,1,0,1,0,0,1,1,0,0,0,1,0,0,0,1,0,0,0,1
870,-0.691879293282944,0,0,1,0,1,0,1,0,0,1,1,1,1,1,0,1,0,0,0,1,1,0,0,0,0
871,-1.20989723229346,0,0,0,0,0,0,0,0,0,0,0,0,1,0,0,0,0,1,1,0,0,0,1,0,0
872,-1.20640183274437,0,0,0,0,1,0,1,0,1,1,0,0,1,0,0,0,0,1,1,1,1,0,0,0,1
873,1.01665189480628,1,1,0,1,1,0,0,1,1,1,0,1,1,0,1,1,1,1,1,1,1,1,1,1,1
874,-1.62822929676467,0,0,0,0,0,0,0,0,0,0,0,0,1,1,0,0,0,0,1,1,1,0,0,0,0
875,0.0415388131275433,0,1,1,1,0,0,1,0,1,1,0,0,0,0,1,1,0,0,0,0,1,0,0,1,1
876,-0.338735885715187,0,0,1,0,1,0,0,0,0,0,1,0,0,1,0,1,0,0,0,1,1,1,0,0,0
877,-0.961255016296501,0,0,1,0,0,0,1,0,0,0,0,0,0,1,0,0,0,1,1,0,0,0,0,0,1
878,-0.422591919133764,0,0,1,1,0,1,0,0,1,1,0,0,0,1,0,1,1,0,0,1,0,0,1,0,0
879,-0.986677357731786,0,0,1,0,0,0,1,0,0,1,1,0,0,0,0,0,0,1,0,1,1,1,1,0,0
880,0.0951514560760333,1,1,0,0,0,0,0,1,1,1,1,1,0,0,0,1,0,0,1,0,0,1,1,1,1
881,0.866282523881436,1,1,0,1,1,1,0,0,0,1,1,1,1,1,1,1,1,0,1,1,0,0,1,1,1
882,-2.76880379088668,0,0,0,0,0,0,0,0,0,1,0,0,0,0,0,0,0,0,0,0,0,1,1,0,0
883,-0.137709757469035,1,0,0,1,0,0,1,0,1,0,1,1,1,1,0,1,1,0,1,1,0,0,1,1,0
884,-0.828664110407639,0,0,1,0,1,1,1,0,0,0,1,0,1,1,0,1,0,1,0,0,0,0,1,0,1
885,0.778275268607563,1,1,0,1,1,0,0,1,0,0,0,1,0,0,1,1,1,1,0,0,0,1,1,1,1
886,0.435297052961409,1,1,1,0,0,0,1,1,1,1,1,1,0,0,1,0,1,0,0,0,1,1,0,1,0
887,1.11400790073581,1,1,1,0,1,1,0,1,1,1,1,1,1,0,1,1,1,0,0,1,1,1,0,1,0
888,1.42196617293745,1,1,1,0,1,1,0,1,1,1,0,1,1,0,1,1,1,1,0,0,0,0,0,1,1
889,0.634630746522945,1,1,1,1,0,1,0,1,0,1,0,1,1,1,1,0,1,0,1,1,0,0,0,1,1
890,0.132290278224255,1,0,1,1,1,0,1,1,0,1,0,1,0,1,1,0,1,1,1,1,1,1,1,1,1
891,1.47473829833787,1,1,1,0,0,1,0,1,1,1,0,1,0,1,1,0,1,1,1,0,1,1,1,1,1
892,0.353322159488286,1,1,0,1,0,0,0,1,0,0,0,1,1,0,1,0,1,0,0,0,0,1,0,1,0
893,1.66814678633256,1,0,1,1,1,1,1,1,0,0,1,1,1,1,1,1,1,1,1,1,0,1,1,1,1
894,0.817671905583777,1,1,1,0,0,1,0,1,1,1,0,1,0,1,1,1,1,1,0,0,1,0,1,1,1
895,1.95037151388163,1,1,0,0,1,0,1,1,0,1,1,1,1,0,1,1,1,1,1,0,1,0,1,1,1
896,0.265694993383176,0,1,1,0,1,0,1,1,0,1,1,1,1,0,1,1,0,1,0,1,1,1,1,1,1
897,-1.76289977566109,0,0,0,0,1,1,1,0,0,1,1,0,0,1,0,0,0,0,0,0,1,0,1,0,1
898,1.1132475921703,1,1,1,1,1,0,0,1,0,0,1,1,0,0,1,1,1,0,0,1,0,1,1,1,1
899,0.55938443353374,1,1,0,1,0,1,1,1,1,0,1,1,1,0,1,1,1,1,0,0,1,1,1,1,1
900,-1.51880883916918,0,0,0,0,1,0,0,0,1,0,1,0,0,1,0,0,0,0,1,0,1,0,0,0,0
901,-2.16758884346817,0,0,0,0,0,1,1,0,0,0,1,0,1,0,0,1,0,1,1,0,0,0,0,0,0
902,0.455058498392518,1,1,0,0,1,0,0,0,1,0,0,1,1,1,1,0,1,0,0,1,0,1,1,0,0
903,-1.47376428346867,0,0,0,1,1,0,1,0,1,1,0,0,1,0,0,1,0,0,0,1,1,0,0,0,0
904,-1.29772281978331,0,0,0,0,0,0,1,0,0,1,1,0,0,0,0,0,0,1,1,1,1,0,0,0,0
905,-0.470548427042656,0,0,0,0,1,1,1,1,1,0,0,1,1,1,1,1,0,0,1,0,1,1,1,0,0
906,0.435347781450721,1,0,0,1,0,0,0,0,1,1,0,1,0,1,0,1,1,1,0,0,1,1,1,0,0
907,1.46495996088637,1,1,1,1,1,1,0,1,0,1,1,1,1,0,1,1,1,0,0,1,1,1,1,1,0
908,-0.719207943570214,0,0,0,1,0,0,1,0,1,1,0,0,0,0,0,0,0,0,1,0,0,0,0,0,0
909,-0.367041573628934,0,0,1,1,0,1,0,0,1,1,1,0,1,0,0,1,0,1,1,0,1,0,1,1,0
910,1.00195264325055,1,1,0,1,0,1,0,1,1,1,1,1,0,1,1,1,1,1,0,0,0,1,1,1,0
911,1.05675921137168,0,1,1,0,0,0,0,1,1,0,0,1,1,1,1,1,1,1,1,1,0,1,0,1,0
912,-0.554908565851228,0,0,0,0,1,0,1,0,1,0,1,0,1,0,0,1,0,0,0,1,1,0,0,0,0
913,0.517094782865409,1,1,1,0,1,1,1,0,0,0,0,1,0,0,1,0,1,1,1,1,1,0,0,1,1
914,0.806588473502926,1,1,1,1,1,1,0,1,1,1,0,1,0,1,1,0,1,0,1,0,0,0,1,1,1
915,1.26467910582944,1,1,0,0,0,1,1,1,0,1,0,1,1,1,1,1,1,0,0,0,1,0,0,1,0
916,-0.65623573503357,0,0,0,0,1,1,1,0,0,0,1,0,0,0,0,0,0,1,0,1,1,0,1,0,1
917,0.0486244078558445,0,0,1,0,0,1,1,0,0,0,1,0,0,1,0,0,1,0,1,1,1,1,0,1,0
918,1.02538598505533,1,1,1,0,0,1,1,1,0,0,1,1,0,1,1,1,1,1,0,1,0,0,1,1,0
919,0.206565917377477,0,1,0,0,0,1,1,1,0,1,1,1,1,0,1,0,1,1,0,1,0,0,1,1,0
920,-1.00692630941572,0,0,1,0,1,1,1,0,0,1,1,0,0,0,0,1,0,0,0,1,0,0,0,0,0
921,1.16389316555134,1,1,1,0,1,0,0,1,0,1,0,1,1,0,1,0,1,0,0,0,1,1,1,1,0
922,-1.25039768291653,0,0,0,1,1,1,1,0,0,0,0,0,1,1,0,0,0,0,0,0,0,0,1,0,0
923,-1.43121532047025,0,0,0,0,0,0,0,0,1,1,0,0,0,0,0,0,0,1,1,1,0,1,0,0,1
924,-0.858366821000663,0,0,0,0,0,0,0,0,0,0,1,0,0,0,0,0,0,0,0,1,1,1,0,1,1
925,-0.746712756531483,0,0,0,1,0,1,1,0,0,0,0,0,1,0,1,0,0,0,1,0,0,0,0,0,1
926,1.62269541698229,1,1,1,0,0,0,1,1,0,0,0,0,1,1,1,0,1,0,0,0,1,0,1,1,0
927,-0.16430984839046,0,0,1,1,0,1,1,0,0,1,1,1,0,0,1,0,1,0,0,0,0,1,0,0,1
928,-1.2443367042719,0,0,0,0,1,1,0,0,0,0,1,0,1,1,0,1,0,0,0,0,0,0,0,0,1
929,-1.00755427698555,0,0,1,0,1,0,0,0,1,0,0,0,1,0,0,0,0,0,1,0,0,0,0,0,0
930,0.799422166992081,1,1,1,1,1,0,0,1,1,0,1,1,0,0,1,1,1,1,0,1,1,0,0,1,0
931,1.15498212036696,1,1,1,1,1,1,0,1,1,1,1,1,0,1,1,1,1,1,1,1,0,0,0,1,1
932,-0.698286765252405,1,0,1,1,1,0,0,0,1,1,0,0,1,1,0,0,0,0,0,1,1,0,1,0,1
933,1.34700375141688,1,1,1,0,0,1,1,1,1,1,0,1,1,1,1,1,1,0,0,1,1,0,1,1,1
934,0.23545689515843,1,0,1,0,1,0,0,1,0,1,1,0,0,1,1,1,1,0,0,1,1,1,0,1,0
935,1.57108034204484,1,1,1,0,0,1,0,1,0,1,1,1,1,0,1,0,1,1,0,1,1,1,1,1,1
936,0.700028287476016,1,1,0,1,1,0,1,1,1,1,0,0,0,1,1,0,1,1,1,1,1,0,1,1,0
937,0.846521308045902,1,1,0,1,0,1,1,1,0,0,1,1,0,0,1,1,1,1,0,1,0,1,1,1,0
938,-0.321092709870675,1,0,0,1,1,0,0,0,0,1,1,0,1,1,1,1,0,1,1,1,0,1,0,0,0
939,0.0143585152032902,0,0,1,1,0,1,1,0,0,1,0,1,1,0,1,1,0,1,0,0,1,0,0,1,1
940,-1.58852194910934,0,0,0,0,0,0,0,0,1,0,1,0,1,1,0,0,0,1,1,0,0,1,0,0,1
941,0.355496534327766,1,1,1,1,0,1,1,1,0,1,0,1,0,1,1,1,1,0,0,1,1,1,1,1,0
942,0.904947019848286,1,1,0,1,0,0,1,1,1,0,0,1,0,1,1,1,1,1,0,1,0,1,0,1,1
943,1.12446980018629,1,1,0,0,0,1,0,1,0,0,0,1,1,1,1,0,1,0,1,0,1,1,0,0,0
944,1.30096336784503,1,1,1,1,0,1,1,1,0,1,1,1,0,1,1,0,1,1,1,1,1,1,0,1,0
945,0.392969859145718,1,1,1,0,1,0,0,1,1,1,0,1,1,0,1,0,0,1,0,0,1,0,0,0,1
946,-0.916189067941774,0,0,0,0,1,0,0,0,0,1,1,0,0,0,0,0,0,0,1,1,1,0,0,0,0
947,0.369753081763565,1,1,1,0,0,1,1,1,1,1,1,1,1,1,0,0,1,0,1,0,0,0,0,1,0
948,-1.25040434359537,0,0,1,1,0,0,0,0,0,0,0,0,0,1,0,0,0,1,0,0,1,0,1,0,1
949,-0.190486312056586,0,0,0,1,1,0,1,0,0,0,1,0,0,1,0,1,1,0,0,1,0,0,1,0,0
950,0.22990475261718,1,1,1,1,0,0,1,1,0,0,1,1,0,0,0,1,0,0,0,1,1,1,0,0,1
951,-0.95655668111913,0,0,1,1,1,1,0,0,1,0,0,0,0,1,0,0,0,1,1,0,0,1,1,0,0
952,-1.0121579579915,0,1,1,1,1,1,0,0,1,1,0,0,1,1,0,0,0,0,0,1,1,1,0,0,0
953,1.6281144779546,1,1,1,1,0,1,1,1,0,0,0,1,0,1,1,0,1,1,0,1,0,1,1,1,0
954,-0.874202657894966,0,0,0,0,0,0,1,0,0,0,0,0,0,1,0,1,0,0,1,0,1,1,0,0,1
955,0.535200459303731,1,1,0,1,0,1,1,1,1,0,1,1,0,0,1,1,1,0,0,0,0,1,1,1,1
956,-0.394596112749988,1,1,1,0,0,0,1,0,0,1,0,0,1,1,1,1,0,1,1,0,1,0,0,0,1
957,-2.53438010077625,0,0,1,1,1,1,1,0,0,1,1,0,1,0,0,1,0,1,1,1,0,1,0,0,1
958,-0.177066267801889,0,0,0,0,0,0,1,1,1,0,0,0,0,1,0,1,1,1,0,1,1,1,1,1,0
959,-0.801654274110757,1,0,0,1,0,1,0,0,1,0,0,0,1,1,0,0,0,0,1,0,0,0,1,0,0
960,-0.265227712371952,1,0,0,0,1,1,1,0,0,0,0,1,0,1,0,1,1,0,0,0,0,1,1,0,0
961,-1.66715181269511,0,0,0,0,1,0,0,0,1,0,1,0,0,1,0,1,0,1,0,0,0,1,1,0,1
962,-1.37373303401008,0,0,0,0,0,1,1,1,1,0,1,0,1,0,0,1,0,0,0,0,1,1,0,0,1
963,-1.82855146037105,0,0,1,1,0,1,0,0,0,0,1,0,0,0,0,0,0,1,0,0,1,0,0,0,1
964,0.460871754072164,0,1,0,0,0,1,0,1,0,0,0,0,0,1,1,1,1,0,0,1,1,1,0,0,1
965,-0.894225241372088,1,0,1,0,1,0,0,0,1,0,1,0,1,0,0,0,0,1,0,0,0,1,0,0,1
966,-0.624005667863654,0,1,0,0,1,1,0,0,1,0,1,0,0,0,0,1,0,1,0,1,1,1,0,0,0
967,-0.218347886782979,0,0,0,0,0,0,0,0,1,1,1,0,0,1,0,1,0,0,0,1,0,0,0,1,1
968,-1.46612294509426,0,0,1,1,0,0,0,0,0,1,0,0,0,1,0,1,0,1,0,1,0,1,1,0,0
969,-0.423298067305192,0,1,1,0,0,1,0,0,0,1,0,0,0,0,0,1,1,1,1,0,0,0,0,0,1
970,-1.30910942182398,0,0,0,0,0,0,0,0,1,0,0,0,0,1,0,0,0,0,0,0,1,1,1,0,1
971,1.61343905147426,1,1,0,1,1,1,0,1,0,1,1,1,0,1,1,1,1,0,1,1,0,0,1,1,1
972,-1.19545614182365,0,0,0,0,0,1,1,0,0,1,1,0,0,0,0,0,0,1,0,0,1,0,0,0,0
973,-0.592412520950429,0,1,0,0,0,1,0,0,1,1,0,0,0,1,0,0,0,0,0,0,0,1,0,0,0
974,-0.437175564156421,0,0,1,1,1,0,1,0,0,0,0,0,1,1,1,1,1,1,0,1,1,0,1,1,0
975,-1.82508038615312,0,0,1,0,0,1,1,0,0,0,1,0,1,0,0,1,0,0,0,1,0,1,1,0,0
976,-0.225190981603178,0,1,1,1,0,1,1,0,0,1,0,0,1,0,0,0,0,0,0,1,0,1,1,1,0
977,-0.940173258857078,0,0,1,0,0,0,0,0,0,0,0,0,0,1,0,1,0,0,0,0,1,0,1,0,0
978,-0.159079173993214,1,1,1,1,1,1,1,1,1,1,0,1,1,1,1,0,1,1,0,1,1,1,1,0,1
979,0.857536616197748,1,1,0,0,0,0,1,1,1,0,0,1,1,1,1,0,1,1,0,0,1,0,0,1,1
980,1.14570469915679,1,1,0,1,1,0,0,1,1,0,0,1,1,1,1,0,1,1,0,1,1,0,0,1,0
981,-0.651269366027037,0,0,0,0,0,1,1,0,0,0,1,1,0,0,0,0,0,1,0,0,1,1,0,1,0
982,-0.504393636190478,0,1,0,0,0,0,1,1,0,0,0,0,0,0,1,0,0,0,0,1,1,0,0,0,1
983,1.32324236560361,1,1,1,1,0,1,0,1,1,0,1,1,0,1,1,0,1,0,1,0,1,0,0,1,0
984,0.014195315536601,1,0,0,1,1,0,0,0,1,1,0,1,0,1,0,1,0,0,1,0,0,1,0,1,1
985,-0.377793667216396,0,1,0,0,1,1,0,0,1,0,0,1,0,1,0,1,1,0,0,1,0,1,1,0,0
986,1.58298280341526,1,1,1,0,0,0,0,1,0,1,1,1,1,1,1,1,1,1,0,1,1,1,0,1,1
987,-1.07024388167521,0,0,0,0,1,0,0,0,0,0,0,0,0,0,0,0,0,1,1,0,0,0,0,0,0
988,-0.789719609916068,0,0,0,1,0,1,0,0,1,1,0,0,0,0,0,0,0,0,1,1,1,1,0,0,1
989,-0.211462559746294,0,1,1,0,0,1,1,0,1,1,0,0,1,1,1,0,1,0,0,1,1,0,0,1,0
990,0.751743406489534,1,1,1,0,1,0,1,1,1,0,0,1,1,0,1,1,1,1,0,1,1,1,1,1,1
991,-0.372257876001532,0,0,1,1,0,1,1,0,1,0,1,0,0,0,1,0,1,0,0,0,0,0,1,0,0
992,-0.00619449454229353,0,0,0,0,1,0,0,0,0,1,1,0,0,1,0,0,0,0,0,1,0,0,0,0,0
993,-0.103098900260874,1,0,0,0,0,0,0,0,0,1,1,0,1,1,0,1,1,0,0,1,1,0,1,0,0
994,-1.23880463297317,0,0,0,0,1,1,1,0,0,0,0,0,0,0,0,0,0,0,1,1,0,1,0,0,1
995,0.440713296587067,1,1,0,1,0,0,1,1,0,1,0,1,0,1,1,0,1,0,0,1,1,1,1,1,1
996,0.210931898300571,1,1,0,0,1,1,1,1,0,0,1,1,1,1,1,0,1,1,1,0,1,1,1,1,1
997,0.11594474895146,1,1,1,1,0,0,1,0,0,1,0,0,0,0,0,1,1,0,0,1,0,0,1,1,0
998,-1.58832515079969,0,0,1,1,0,1,1,0,1,0,0,0,1,0,0,1,0,0,0,0,0,1,1,0,0
999,0.47523331968886,1,1,1,1,0,1,0,1,0,0,0,0,0,1,0,0,1,1,0,1,1,0,0,1,0
1000,-0.853881059835949,0,0,0,0,0,1,1,0,1,0,0,0,0,0,0,0,0,0,0,1,1,0,0,0,0
